Student_ID,Gender,Graduation_Year,Branch,CGPA,Tenth_Percentage,Twelfth_Percentage,Backlogs,Internship,Projects,Certifications,Skills,DSA_Score,Technical_Score,Aptitude_Score,Communication_Score,Placement_Status,Company,Job_Role,Package_LPA
STU20240001,Male,2026,EEE,8.86,89.2,74.7,0,No,3,1,"C, IoT, Embedded C",90.8,93.6,54.3,82.7,Placed,Siemens,Electrical Engineer,6.64
STU20240002,Male,2026,IT,9.4,89.0,93.2,0,Yes,5,2,"AWS, SQL, Git, DSA",98.0,81.8,92.1,90.6,Placed,Deloitte,Data Analyst,10.16
STU20240003,Female,2024,Mechanical,7.83,,74.8,2,No,2,1,"SolidWorks, CATIA, MATLAB, Excel, Python, C",78.9,82.9,60.4,55.1,Not Placed,Not Placed,Not Placed,0.0
STU20240004,Male,2024,EEE,6.61,82.0,69.0,0,No,1,2,"C++, AutoCAD, IoT, SQL, Arduino",67.3,80.1,71.8,97.6,Placed,HCLTech,Electrical Engineer,3.58
STU20240005,Male,2025,CSE,9.51,82.2,66.0,1,No,4,1,"Python, Node.js, C++, DSA, Git",78.6,97.6,76.9,65.1,Placed,Infosys,Web Developer,6.45
STU20240006,Male,2024,Civil,6.63,86.2,66.5,3,No,2,0,"C, Python, Primavera, STAAD Pro, MATLAB, AutoCAD",69.9,73.0,79.7,48.1,Not Placed,Not Placed,Not Placed,0.0
STU20240007,Female,2025,EEE,7.94,86.8,80.1,1,No,2,1,"Python, SQL, C++, AutoCAD, Java",86.2,98.0,73.7,55.2,Placed,L&T Technology Services,Electrical Engineer,4.51
STU20240008,Male,2027,Mechanical,7.33,70.4,78.5,0,No,3,1,"CATIA, Excel, C",79.1,77.5,89.7,66.5,Not Placed,Not Placed,Not Placed,0.0
STU20240009,Female,2024,CSE,7.63,79.3,71.0,0,No,2,1,"Python, DSA, Git, Node.js, MongoDB",72.9,86.0,61.2,63.4,Placed,Accenture,Data Analyst,5.03
STU20240010,Male,2025,IT,8.55,68.5,73.9,0,Yes,5,0,"Node.js, MongoDB, AWS, DSA, React, Java",98.0,85.1,60.7,62.9,Placed,TCS,Full Stack Developer,7.71
STU20240011,Male,2026,IT,8.11,88.9,89.9,1,Yes,3,0,"Java, DSA, SQL, React",79.9,74.7,63.9,57.5,Placed,Infosys,Software Developer,7.08
STU20240012,Male,2026,Civil,7.94,79.4,95.3,1,Yes,4,1,"Revit, STAAD Pro, GIS, MATLAB",79.6,73.8,80.0,55.5,Placed,Afcons Infrastructure,Design Engineer,5.28
STU20240013,Male,2024,ECE,7.06,85.1,82.1,1,No,2,0,"C, C++, SQL, IoT, Embedded C, Java",77.0,67.2,77.0,88.2,Not Placed,Not Placed,Not Placed,0.0
STU20240014,Female,2024,Mechanical,7.4,75.7,85.9,2,No,2,0,"AutoCAD, Excel, SQL",92.7,84.0,52.9,72.6,Not Placed,Not Placed,Not Placed,0.0
STU20240015,Male,2027,IT,7.25,63.1,87.0,6,No,2,3,"Node.js, Java, DSA",74.4,96.5,58.0,80.4,Not Placed,Not Placed,Not Placed,0.0
STU20240016,Male,2024,CSE,7.83,96.0,91.6,1,Yes,2,1,"Python, C++, DSA",68.5,88.2,75.1,61.2,Placed,Deloitte,Backend Developer,7.5
STU20240017,Male,2026,ECE,7.65,78.0,73.5,1,Yes,3,1,"C, Embedded C, IoT",87.3,79.4,86.8,67.7,Placed,Wipro,Software Developer,6.22
STU20240018,Male,2027,CSE,9.57,74.9,74.7,0,No,2,1,"MongoDB, Python, C++, React, Java",83.9,84.6,69.1,56.2,Placed,TCS,Data Analyst,6.85
STU20240019,Male,2025,Mechanical,7.33,84.3,87.6,2,No,1,2,"Excel, CATIA, Python, SolidWorks, C",80.8,81.8,50.8,62.4,Placed,L&T,Mechanical Engineer,3.91
STU20240020,Male,2026,ECE,5.94,87.1,64.3,1,No,1,1,"Git, MATLAB, IoT, Java, Arduino",42.6,60.8,76.8,81.2,Not Placed,Not Placed,Not Placed,0.0
STU20240021,Female,2024,EEE,8.84,78.7,71.7,0,No,4,0,"C++, SQL, Arduino, AutoCAD, MATLAB",89.6,97.0,52.6,63.2,Placed,L&T Technology Services,Embedded Engineer,5.97
STU20240022,Female,2025,IT,8.28,78.0,70.3,0,Yes,3,0,"Git, React, AWS, MongoDB, Node.js",80.9,87.6,80.1,71.2,Placed,HCLTech,Data Analyst,7.27
STU20240023,Female,2025,Civil,7.39,78.1,74.0,1,No,2,0,"SQL, MATLAB, C",65.4,68.3,41.4,60.4,Not Placed,Not Placed,Not Placed,0.0
STU20240024,Male,2027,Mechanical,7.18,68.2,60.5,1,No,1,0,"SolidWorks, Python, Excel, AutoCAD, C++",58.8,90.3,67.2,77.7,Placed,Tata Motors,Design Engineer,3.33
STU20240025,Male,2024,EEE,6.85,70.3,63.5,1,No,3,0,"Java, MATLAB, Arduino, IoT",73.4,64.7,62.8,61.7,Not Placed,Not Placed,Not Placed,0.0
STU20240026,Male,2024,CSE,9.65,94.6,76.7,0,Yes,5,4,"Git, JavaScript, DSA, Java, SQL, Python",82.9,98.0,68.4,87.7,Placed,Cognizant,Data Analyst,8.95
STU20240027,Male,2027,IT,7.94,76.9,68.1,0,No,3,0,"MongoDB, JavaScript, DSA, AWS",46.6,90.5,90.5,64.3,Placed,Zoho,Support Engineer,6.87
STU20240028,Male,2024,CSE,6.52,68.4,80.0,3,Yes,1,1,"Java, React, JavaScript, Git, DSA, MongoDB",56.0,81.4,65.0,98.0,Placed,TCS,QA Engineer,3.21
STU20240029,Male,2027,CSE,8.28,75.5,77.4,1,Yes,3,2,"Python, Node.js, React",69.3,81.7,70.9,87.4,Placed,Capgemini,QA Engineer,7.08
STU20240030,Male,2026,EEE,8.68,87.2,82.5,1,Yes,2,2,"Java, Embedded C, Arduino, IoT",83.8,84.3,71.4,72.4,Placed,TCS,Graduate Engineer Trainee,6.97
STU20240031,Male,2026,EEE,7.78,63.6,79.3,1,No,3,1,"Java, AutoCAD, Arduino",67.1,73.8,61.1,69.8,Not Placed,Not Placed,Not Placed,0.0
STU20240032,Female,2026,Civil,6.73,76.6,71.7,2,No,2,1,"C, AutoCAD, Excel, Python, SQL",73.6,78.8,90.7,85.4,Not Placed,Not Placed,Not Placed,0.0
STU20240033,Male,2026,IT,7.06,92.9,81.0,1,Yes,3,1,"Python, Git, AWS, SQL, React",66.4,88.0,63.3,76.9,Placed,Zoho,Support Engineer,5.54
STU20240034,Male,2024,IT,7.12,90.0,77.4,1,Yes,2,2,"Node.js, MongoDB, Python",85.0,61.5,92.6,80.2,Placed,HCLTech,Full Stack Developer,5.73
STU20240035,Male,2027,IT,9.19,85.0,77.6,1,Yes,2,4,"Node.js, Java, Git, JavaScript, DSA",90.4,98.0,66.0,98.0,Placed,Cognizant,QA Engineer,7.33
STU20240036,Male,2027,CSE,7.94,87.1,64.7,6,No,2,3,"Java, MongoDB, C++, Node.js",76.1,81.8,72.0,71.5,Not Placed,Not Placed,Not Placed,0.0
STU20240037,Female,2027,CSE,6.57,83.6,76.4,1,No,2,1,"Node.js, DSA, Python, SQL",74.6,74.9,60.1,43.8,Placed,Capgemini,Data Analyst,6.3
STU20240038,Male,2026,IT,8.23,77.7,68.4,0,No,2,2,"JavaScript, MongoDB, Node.js, React, Java, Git",88.0,75.5,62.5,71.1,Placed,Cognizant,Support Engineer,6.22
STU20240039,Female,2026,CSE,8.12,84.8,79.6,1,No,3,0,"Git, React, C++, DSA, MongoDB",83.8,76.9,70.0,83.1,Placed,Zoho,QA Engineer,7.0
STU20240040,Female,2026,EEE,7.27,88.7,75.2,1,No,1,0,"AutoCAD, Arduino, IoT, Python, MATLAB",75.5,95.8,90.7,72.8,Not Placed,Not Placed,Not Placed,0.0
STU20240041,Male,2024,IT,7.03,66.7,64.5,0,No,2,1,"Python, React, DSA, Git, Java",49.9,74.8,84.9,55.1,Placed,Cognizant,Data Analyst,6.93
STU20240042,Male,2026,Mechanical,6.65,78.7,74.8,1,No,3,0,"SolidWorks, Python, Excel, MATLAB, C",69.5,75.6,66.9,68.0,Not Placed,Not Placed,Not Placed,0.0
STU20240043,Male,2026,EEE,8.57,82.0,79.5,0,Yes,3,2,"Python, MATLAB, SQL",76.0,80.2,56.5,90.8,Placed,HCLTech,Embedded Engineer,6.29
STU20240044,Male,2026,IT,8.11,79.0,78.3,1,No,3,0,"DSA, MongoDB, AWS, JavaScript, React, SQL",95.7,98.0,76.6,52.0,Placed,Cognizant,Data Analyst,5.24
STU20240045,Male,2025,Mechanical,7.96,78.0,77.5,1,No,3,1,"CATIA, C, Python, SQL, C++",77.6,89.0,65.0,48.4,Placed,Tata Motors,Mechanical Engineer,7.17
STU20240046,Female,2025,Mechanical,7.76,79.0,71.4,2,No,2,3,"MATLAB, Excel, SolidWorks",70.7,85.6,58.5,59.0,Not Placed,Not Placed,Not Placed,0.0
STU20240047,Male,2026,IT,8.18,80.7,81.2,0,Yes,4,1,"Git, Java, Node.js",92.9,96.1,81.0,86.8,Placed,Deloitte,Software Developer,7.19
STU20240048,Female,2025,IT,7.5,84.6,70.4,2,No,2,4,"DSA, Node.js, Git",59.3,90.0,53.4,44.4,Not Placed,Not Placed,Not Placed,0.0
STU20240049,Male,2027,EEE,7.48,80.0,67.7,1,No,2,2,"Python, AutoCAD, Embedded C, Java, MATLAB",76.4,80.7,71.3,70.5,Placed,Wipro,Electrical Engineer,4.66
STU20240050,Female,2026,CSE,8.99,79.2,84.0,0,No,3,3,"React, SQL, Java",63.7,92.2,81.8,75.0,Placed,Zoho,Software Developer,7.48
STU20240051,Male,2024,CSE,9.2,75.1,86.4,0,Yes,4,3,"MongoDB, Python, C++",82.4,80.6,85.4,73.0,Placed,Tech Mahindra,Software Developer,6.34
STU20240052,Male,2024,CSE,6.96,72.1,78.0,2,No,1,2,"Python, JavaScript, C++, DSA, MongoDB",66.7,74.6,51.2,51.2,Placed,Zoho,Backend Developer,3.2
STU20240053,Male,2026,Mechanical,7.37,78.3,73.4,0,Yes,2,2,"C, AutoCAD, SQL, C++",94.3,76.8,91.2,74.6,Placed,Bosch,Graduate Engineer Trainee,4.77
STU20240054,Male,2025,EEE,8.36,74.0,64.0,0,No,4,2,"Embedded C, C++, AutoCAD",85.0,93.0,76.9,55.9,Not Placed,Not Placed,Not Placed,0.0
STU20240055,Female,2027,EEE,9.25,87.7,90.3,0,No,4,2,"IoT, C++, Arduino",80.6,92.1,76.7,70.7,Placed,HCLTech,Software Developer,5.88
STU20240056,Male,2024,Mechanical,9.06,83.7,65.8,0,No,3,3,"SQL, SolidWorks, Python, C",86.2,98.0,58.7,58.3,Not Placed,Not Placed,Not Placed,0.0
STU20240057,Male,2024,IT,7.22,84.1,78.6,2,No,2,0,"MongoDB, Java, AWS",93.4,78.1,57.8,73.0,Placed,HCLTech,Data Analyst,6.11
STU20240058,Male,2025,ECE,8.83,75.6,93.6,0,No,2,0,"Embedded C, Python, MATLAB, SQL, Arduino",59.5,76.7,70.3,68.4,Not Placed,Not Placed,Not Placed,0.0
STU20240059,Male,2026,CSE,8.05,72.3,77.8,0,No,3,1,"MongoDB, C++, Python",92.0,98.0,71.5,53.8,Placed,Accenture,Software Developer,6.51
STU20240060,Male,2027,CSE,8.89,88.2,81.0,1,Yes,3,2,"C++, React, Java, Node.js, MongoDB",91.5,87.1,79.6,79.6,Placed,Zoho,Web Developer,7.73
STU20240061,Male,2027,EEE,8.32,79.7,80.1,1,No,2,4,"MATLAB, AutoCAD, IoT, Arduino, SQL, Java",80.2,96.1,68.3,67.2,Placed,TCS,Electrical Engineer,5.64
STU20240062,Male,2026,IT,6.83,73.7,74.8,3,No,1,4,"Python, Java, Node.js, React",67.9,68.5,85.8,72.8,Not Placed,Not Placed,Not Placed,0.0
STU20240063,Male,2027,ECE,8.22,83.4,,0,Yes,4,1,"C++, Git, IoT, C, Java, Python",98.0,94.8,67.6,75.4,Placed,Wipro,Software Developer,5.67
STU20240064,Male,2024,EEE,8.5,83.9,72.0,0,No,2,1,"AutoCAD, Python, IoT, MATLAB, C++",91.1,69.1,76.1,81.0,Placed,Siemens,Graduate Engineer Trainee,7.08
STU20240065,Female,2026,ECE,7.73,68.5,69.1,1,Yes,4,2,"Embedded C, Arduino, MATLAB",71.2,98.0,85.3,79.9,Placed,Bosch,Embedded Engineer,5.89
STU20240066,Male,2027,ECE,7.54,86.5,73.1,3,No,2,1,"Arduino, Embedded C, MATLAB",78.0,87.5,62.6,73.9,Placed,L&T Technology Services,Embedded Engineer,4.26
STU20240067,Male,2025,ECE,6.41,71.2,84.5,0,No,1,0,"Arduino, Java, Git, C++, C",84.5,69.4,47.5,46.2,Not Placed,Not Placed,Not Placed,0.0
STU20240068,Male,2027,IT,8.48,91.1,73.9,3,No,3,1,"React, Git, DSA",91.4,92.6,68.1,63.7,Placed,Accenture,Data Analyst,7.89
STU20240069,Male,2025,CSE,8.18,69.1,80.1,1,Yes,2,1,"Node.js, JavaScript, MongoDB, SQL, Java, C++",84.0,71.2,84.2,41.3,Placed,Zoho,Data Analyst,7.45
STU20240070,Male,2024,IT,7.12,78.0,,1,No,2,0,"Python, Node.js, Git, React, Java, MongoDB",60.0,74.6,69.0,51.0,Placed,HCLTech,Full Stack Developer,5.17
STU20240071,Male,2026,CSE,7.72,76.0,81.3,0,No,2,0,"Git, React, SQL, DSA, Java, Python",98.0,87.0,79.3,81.5,Placed,Capgemini,Software Developer,6.92
STU20240072,Male,2027,IT,8.03,64.2,83.8,1,No,2,2,,88.8,90.9,54.7,62.0,Placed,Infosys,Software Developer,7.0
STU20240073,Male,2025,Mechanical,7.08,80.3,84.0,3,No,1,1,"MATLAB, AutoCAD, Python, SolidWorks",94.3,76.8,47.0,81.2,Not Placed,Not Placed,Not Placed,0.0
STU20240074,Male,2027,CSE,8.0,64.5,78.8,0,No,4,2,"DSA, SQL, Python, Git, Node.js, React",88.6,91.2,79.2,58.1,Placed,Wipro,Backend Developer,6.32
STU20240075,Female,2024,CSE,6.51,72.2,69.4,2,No,1,1,"DSA, Java, Node.js, MongoDB",69.8,84.9,70.2,65.8,Not Placed,Not Placed,Not Placed,0.0
STU20240076,Male,2026,IT,9.05,88.4,80.5,0,Yes,3,3,"JavaScript, MongoDB, Git, React, AWS",80.0,98.0,63.9,73.3,Placed,Zoho,QA Engineer,9.36
STU20240077,Male,2026,IT,7.91,74.1,74.0,1,Yes,3,2,"JavaScript, Node.js, Python",93.8,67.3,56.4,90.1,Placed,Deloitte,Support Engineer,6.83
STU20240078,Male,2024,EEE,6.72,68.5,90.8,3,No,1,0,"SQL, C++, Embedded C, Java, MATLAB",89.1,73.0,64.4,79.5,Not Placed,Not Placed,Not Placed,0.0
STU20240079,Male,2026,ECE,5.66,77.8,66.6,1,No,2,0,"Python, IoT, C++, MATLAB, Java, SQL",80.8,69.5,61.7,61.6,Not Placed,Not Placed,Not Placed,0.0
STU20240080,Female,2026,Mechanical,8.42,77.3,81.1,1,Yes,3,2,"Excel, SQL, C++, AutoCAD",98.0,76.1,57.5,65.6,Not Placed,Not Placed,Not Placed,0.0
STU20240081,Male,2026,EEE,8.12,75.5,66.4,0,No,1,2,"Java, Embedded C, MATLAB, Python",79.7,73.5,71.2,69.8,Placed,HCLTech,Embedded Engineer,5.5
STU20240082,Male,2025,IT,8.08,87.1,77.7,2,No,2,2,"Git, Node.js, DSA, AWS, React",72.9,98.0,53.1,96.2,Placed,Cognizant,Support Engineer,6.21
STU20240083,Male,2024,Mechanical,8.28,70.5,75.3,0,Yes,2,2,"Python, C++, AutoCAD, MATLAB",84.5,79.1,64.5,72.6,Not Placed,Not Placed,Not Placed,0.0
STU20240084,Male,2027,CSE,8.73,76.6,83.3,1,Yes,3,1,"Java, SQL, MongoDB, JavaScript, DSA",95.8,83.9,57.5,61.9,Placed,Zoho,Web Developer,7.96
STU20240085,Female,2026,CSE,8.17,84.5,82.0,0,Yes,2,2,"Python, DSA, React, SQL",77.7,77.9,70.9,62.4,Placed,Capgemini,Web Developer,5.06
STU20240086,Male,2027,CSE,7.78,68.8,85.9,0,Yes,2,2,"C++, Python, Git, SQL, DSA",78.4,88.0,62.4,69.6,Placed,Zoho,Backend Developer,5.36
STU20240087,Female,2026,EEE,7.3,88.7,84.1,1,Yes,3,0,"MATLAB, C, Python, SQL",81.6,81.8,86.4,75.6,Not Placed,Not Placed,Not Placed,0.0
STU20240088,Male,2027,IT,8.26,77.1,76.8,0,No,2,2,,87.2,98.0,76.6,56.9,Placed,HCLTech,Data Analyst,5.14
STU20240089,Female,2024,CSE,9.19,87.1,73.2,0,No,4,1,"SQL, Git, JavaScript",92.6,86.6,59.3,79.2,Placed,Deloitte,Backend Developer,7.44
STU20240090,Male,2026,ECE,7.66,83.3,69.9,2,Yes,4,1,"MATLAB, IoT, Embedded C",85.8,89.5,82.1,63.9,Placed,Tech Mahindra,Software Developer,6.13
STU20240091,Male,2026,CSE,9.26,80.1,82.1,0,Yes,3,2,"SQL, Java, DSA, Git",96.4,73.9,74.1,87.4,Placed,Cognizant,Backend Developer,7.08
STU20240092,Female,2024,EEE,7.97,74.6,77.6,1,No,3,0,"AutoCAD, Arduino, MATLAB, IoT",91.6,68.2,81.4,70.9,Not Placed,Not Placed,Not Placed,0.0
STU20240093,Male,2024,IT,8.22,78.2,79.0,2,No,1,0,"MongoDB, SQL, Git, AWS, Java, JavaScript",72.7,93.9,55.7,63.8,Placed,TCS,Full Stack Developer,5.72
STU20240094,Male,2026,IT,9.8,87.5,77.7,0,No,4,1,"Python, SQL, JavaScript, AWS, Git, Java",72.0,98.0,86.7,35.0,Placed,Cognizant,Data Analyst,9.15
STU20240095,Female,2027,IT,9.3,74.3,90.2,0,No,3,3,"Node.js, SQL, Git",76.5,98.0,98.0,63.6,Placed,Infosys,Data Analyst,7.56
STU20240096,Male,2026,ECE,9.18,72.5,69.5,0,Yes,4,4,"Python, Git, IoT, Arduino, C++, C",96.4,98.0,84.0,72.1,Placed,L&T Technology Services,QA Engineer,9.97
STU20240097,Female,2024,IT,7.22,86.4,70.4,1,No,2,1,"React, MongoDB, Node.js, SQL, JavaScript, Git",67.3,68.3,60.8,68.6,Placed,HCLTech,Full Stack Developer,5.08
STU20240098,Male,2027,CSE,9.8,77.4,73.9,0,Yes,3,3,"Python, C++, DSA",94.7,98.0,93.8,79.1,Placed,Capgemini,Web Developer,8.71
STU20240099,Female,2024,CSE,7.93,80.3,74.9,0,Yes,2,1,"JavaScript, Git, Java, SQL, DSA",79.0,72.3,62.5,67.4,Placed,Accenture,Backend Developer,7.27
STU20240100,Female,2025,Civil,7.31,74.9,83.5,1,No,3,1,"STAAD Pro, C, Python",79.9,84.3,75.2,75.3,Not Placed,Not Placed,Not Placed,0.0
STU20240101,Male,2027,Civil,5.66,71.0,68.3,1,No,1,0,"SQL, Python, Primavera, AutoCAD, Excel, GIS",71.7,95.5,91.5,57.2,Not Placed,Not Placed,Not Placed,0.0
STU20240102,Male,2027,EEE,7.93,87.8,77.1,0,No,1,0,"Arduino, C, Embedded C, IoT, Python",91.4,70.3,63.9,80.2,Not Placed,Not Placed,Not Placed,0.0
STU20240103,Male,2027,CSE,7.08,75.1,78.8,0,No,2,1,"React, JavaScript, MongoDB, Node.js, SQL, Java",75.2,91.9,74.6,80.3,Placed,Zoho,QA Engineer,6.68
STU20240104,Male,2027,Civil,7.85,75.1,73.8,2,No,2,0,"C, Revit, AutoCAD, GIS, Primavera, Excel",66.7,89.9,97.1,72.2,Not Placed,Not Placed,Not Placed,0.0
STU20240105,Female,2026,EEE,6.66,72.8,75.7,4,No,2,1,"C, MATLAB, Embedded C",77.0,71.0,79.1,77.5,Not Placed,Not Placed,Not Placed,0.0
STU20240106,Male,2025,EEE,9.18,77.4,81.5,0,Yes,4,4,"IoT, Python, Arduino, Embedded C, C++",98.0,98.0,85.7,68.7,Placed,HCLTech,Embedded Engineer,6.2
STU20240107,Male,2025,IT,8.37,74.2,69.7,1,No,4,1,"Git, Python, SQL, MongoDB",59.8,78.7,47.6,66.2,Placed,Infosys,Data Analyst,5.98
STU20240108,Male,2027,CSE,9.8,79.0,78.2,0,Yes,5,1,"Git, Java, C++",87.8,96.1,66.4,69.5,Placed,Accenture,Software Developer,9.8
STU20240109,Male,2027,CSE,7.13,87.5,76.7,0,Yes,3,1,"Git, Python, MongoDB",78.5,86.6,79.5,87.9,Placed,Tech Mahindra,Data Analyst,6.79
STU20240110,Female,2025,Civil,8.82,85.0,87.8,1,Yes,4,1,"Python, Revit, STAAD Pro",83.3,89.1,70.9,74.7,Placed,Adani,Design Engineer,6.97
STU20240111,Male,2025,IT,6.37,71.5,81.2,1,No,2,0,"Java, React, Python, Git, MongoDB, SQL",73.5,98.0,58.7,59.2,Placed,Deloitte,Full Stack Developer,6.41
STU20240112,Male,2025,CSE,8.18,85.3,91.8,1,No,2,0,"SQL, JavaScript, Node.js, Java, DSA",73.4,69.3,87.7,67.6,Placed,Zoho,Software Developer,5.09
STU20240113,Female,2025,IT,7.36,65.3,78.3,2,No,1,1,"Git, Java, MongoDB",85.5,94.5,77.7,62.6,Placed,Deloitte,Full Stack Developer,5.35
STU20240114,Female,2027,ECE,7.37,86.1,72.0,5,No,1,3,"Embedded C, Git, Python, Arduino, Java, C++",75.0,59.7,58.5,70.5,Placed,Infosys,Network Engineer,4.13
STU20240115,Male,2024,CSE,7.56,86.0,75.0,0,No,3,0,"Python, SQL, C++, Java",58.7,51.4,79.8,66.4,Placed,Cognizant,Software Developer,7.74
STU20240116,Female,2025,Mechanical,6.77,90.6,72.5,0,Yes,0,2,"C, C++, MATLAB",77.6,76.4,54.2,56.1,Not Placed,Not Placed,Not Placed,0.0
STU20240117,Male,2027,EEE,6.58,81.5,69.9,3,No,1,0,"Embedded C, Arduino, Python",79.9,79.8,45.3,55.5,Not Placed,Not Placed,Not Placed,0.0
STU20240118,Female,2026,EEE,7.27,79.2,77.3,2,No,2,1,"Arduino, Python, Embedded C, SQL, C++",75.9,94.3,72.8,63.9,Not Placed,Not Placed,Not Placed,0.0
STU20240119,Male,2025,IT,8.0,87.0,79.6,1,No,3,1,"DSA, Java, React, MongoDB, Node.js, Python",60.4,98.0,55.5,84.9,Placed,Infosys,Full Stack Developer,6.32
STU20240120,Male,2025,ECE,8.74,75.5,70.4,0,Yes,3,5,"Python, MATLAB, SQL, C++, Git, IoT",97.0,98.0,58.2,50.4,Placed,Bosch,Embedded Engineer,7.19
STU20240121,Male,2024,ECE,8.0,75.2,84.2,1,No,2,2,"SQL, MATLAB, Git",67.7,90.0,58.3,73.2,Not Placed,Not Placed,Not Placed,0.0
STU20240122,Male,2025,ECE,8.74,79.4,65.7,0,No,4,3,"Java, Python, Git",84.4,96.1,76.6,87.7,Placed,Tech Mahindra,Software Developer,6.85
STU20240123,Male,2024,CSE,6.74,84.4,71.6,4,Yes,2,2,"Python, Node.js, SQL, JavaScript, Git, MongoDB",66.8,94.0,76.7,84.6,Placed,Capgemini,Software Developer,3.94
STU20240124,Male,2024,IT,7.53,70.8,83.4,0,No,2,0,"DSA, Git, SQL, Java, Node.js",60.4,66.3,65.8,68.7,Not Placed,Not Placed,Not Placed,0.0
STU20240125,Male,2024,CSE,8.6,72.8,82.5,0,Yes,3,2,"DSA, JavaScript, C++, Node.js, Python",85.6,82.9,58.2,70.3,Placed,Deloitte,Backend Developer,7.39
STU20240126,Male,2025,ECE,8.04,79.8,74.2,0,No,3,1,"Git, SQL, IoT, Arduino, Java, Python",85.1,93.3,57.0,76.7,Placed,Infosys,Software Developer,6.27
STU20240127,Male,2024,IT,7.17,80.9,88.1,0,No,1,4,"Node.js, DSA, SQL, React",74.7,93.9,48.0,87.1,Placed,Infosys,Software Developer,6.61
STU20240128,Male,2027,CSE,8.79,75.1,75.7,0,No,2,0,"Python, MongoDB, DSA, JavaScript",81.4,98.0,83.9,77.6,Placed,Deloitte,QA Engineer,7.0
STU20240129,Female,2024,CSE,7.55,81.6,61.4,2,No,3,1,"React, Java, MongoDB, Node.js",71.3,81.5,57.9,71.2,Not Placed,Not Placed,Not Placed,0.0
STU20240130,Female,2025,ECE,7.09,85.3,,1,No,2,2,"C, SQL, C++",93.1,75.5,70.7,83.5,Not Placed,Not Placed,Not Placed,0.0
STU20240131,Male,2027,CSE,8.41,87.4,65.3,3,Yes,3,2,"C++, MongoDB, Node.js, React",86.8,95.6,49.6,75.1,Placed,Infosys,QA Engineer,6.61
STU20240132,Male,2024,Civil,7.51,79.2,69.5,2,No,1,0,"C, MATLAB, AutoCAD, SQL, Python, STAAD Pro",63.8,66.1,86.0,70.1,Not Placed,Not Placed,Not Placed,0.0
STU20240133,Male,2026,ECE,7.31,75.6,79.1,1,No,2,1,"C++, C, SQL, Python, Arduino, Git",81.8,96.2,68.5,76.6,Not Placed,Not Placed,Not Placed,0.0
STU20240134,Male,2027,IT,7.43,88.7,71.8,2,No,1,2,"JavaScript, DSA, React, Python, AWS, Git",79.0,75.6,48.7,61.3,Placed,Deloitte,Data Analyst,4.74
STU20240135,Female,2026,ECE,6.84,75.2,77.5,1,Yes,2,0,"Python, SQL, Arduino, C, IoT",81.6,72.4,58.9,98.0,Placed,Tech Mahindra,Software Developer,6.12
STU20240136,Male,2024,CSE,7.66,83.7,67.6,2,No,1,1,"Java, C++, Python, React, Git, Node.js",75.4,87.3,72.4,70.9,Placed,Infosys,QA Engineer,5.25
STU20240137,Male,2026,Civil,8.44,92.8,83.8,2,No,3,0,"Python, Revit, STAAD Pro, Excel",77.2,77.4,61.7,66.8,Not Placed,Not Placed,Not Placed,0.0
STU20240138,Male,2026,ECE,7.96,83.7,64.7,1,No,1,2,"IoT, Embedded C, C",60.9,71.8,76.0,79.1,Placed,Wipro,QA Engineer,6.16
STU20240139,Male,2025,Mechanical,8.36,71.9,86.8,0,Yes,3,3,"C++, AutoCAD, Excel, ANSYS, C",77.9,98.0,89.5,86.2,Placed,Mahindra,Production Engineer,5.58
STU20240140,Female,2024,CSE,8.44,70.4,74.5,2,No,2,1,"JavaScript, MongoDB, React, Node.js, Python, Java",62.3,74.8,85.0,60.8,Not Placed,Not Placed,Not Placed,0.0
STU20240141,Male,2024,ECE,7.23,74.0,85.2,1,Yes,3,0,"C++, Arduino, Python, IoT, Embedded C, MATLAB",82.3,81.2,68.0,52.5,Placed,Bosch,Network Engineer,5.04
STU20240142,Male,2027,ECE,6.35,78.8,66.3,1,No,2,0,"Arduino, C++, Embedded C",52.5,73.0,83.4,65.0,Placed,L&T Technology Services,QA Engineer,6.44
STU20240143,Male,2025,Civil,6.71,77.9,86.6,1,No,2,1,"Revit, Primavera, MATLAB",69.3,57.6,68.8,72.4,Not Placed,Not Placed,Not Placed,0.0
STU20240144,Female,2024,ECE,7.18,91.4,67.7,2,No,3,0,"C++, Embedded C, C, Python, Git",87.1,67.9,66.4,60.1,Placed,TCS,Network Engineer,3.14
STU20240145,Male,2026,IT,7.26,79.2,62.0,2,Yes,4,0,"MongoDB, JavaScript, Python, AWS, Git, Java",78.4,83.8,67.1,72.7,Placed,Deloitte,Software Developer,6.04
STU20240146,Female,2027,CSE,8.83,77.8,79.1,1,Yes,4,1,"MongoDB, JavaScript, Node.js",88.4,98.0,75.8,71.5,Placed,Accenture,Data Analyst,7.05
STU20240147,Female,2024,IT,8.73,71.9,87.2,0,Yes,2,5,"Git, AWS, JavaScript, Node.js, SQL, Python",89.0,87.0,79.9,53.4,Placed,Wipro,Data Analyst,6.57
STU20240148,Male,2024,ECE,9.63,90.3,86.5,0,No,3,1,"Embedded C, IoT, Arduino, Git, SQL",96.8,83.8,66.2,76.9,Placed,HCLTech,Software Developer,8.48
STU20240149,Female,2025,IT,7.25,76.1,82.7,1,Yes,2,0,"MongoDB, Node.js, Java, JavaScript, DSA, SQL",88.7,83.6,83.1,83.8,Placed,HCLTech,Data Analyst,5.15
STU20240150,Male,2026,CSE,9.36,70.9,85.9,0,Yes,4,1,"JavaScript, SQL, React, DSA",98.0,98.0,93.7,75.4,Placed,Capgemini,Software Developer,8.38
STU20240151,Male,2025,Mechanical,8.9,80.4,73.3,1,No,2,1,"C, SQL, ANSYS, MATLAB, Python, C++",88.8,96.8,98.0,73.7,Placed,Mahindra,Mechanical Engineer,5.68
STU20240152,Male,2027,Mechanical,7.35,69.4,80.2,1,No,1,1,"C++, MATLAB, Excel",50.7,80.5,46.4,61.2,Not Placed,Not Placed,Not Placed,0.0
STU20240153,Male,2024,CSE,8.4,76.0,78.3,0,Yes,2,0,"React, Java, Node.js",84.9,77.7,73.4,71.6,Placed,Cognizant,Backend Developer,6.63
STU20240154,Male,2025,ECE,8.8,80.0,73.8,1,Yes,3,1,"Embedded C, Git, Arduino",98.0,96.3,64.1,81.1,Placed,TCS,Network Engineer,7.1
STU20240155,Male,2025,CSE,7.95,71.5,77.7,1,No,3,0,"React, Git, Java",90.0,81.4,79.6,52.6,Placed,Wipro,Software Developer,5.21
STU20240156,Male,2025,EEE,7.53,73.4,74.9,0,No,1,0,"Arduino, C++, AutoCAD",86.8,83.9,85.4,56.7,Placed,HCLTech,Electrical Engineer,3.32
STU20240157,Male,2026,IT,7.37,71.2,84.8,0,No,1,0,"JavaScript, SQL, Node.js, Python, AWS",66.3,71.2,69.4,51.9,Placed,Wipro,Data Analyst,4.23
STU20240158,Male,2027,ECE,5.74,67.3,66.9,3,No,0,0,"Git, SQL, IoT, Python",62.9,64.6,58.4,89.2,Not Placed,Not Placed,Not Placed,0.0
STU20240159,Male,2025,EEE,7.71,70.2,71.9,0,Yes,0,3,"Arduino, C, Python, Embedded C, IoT",80.3,87.9,64.0,69.7,Placed,Siemens,Electrical Engineer,4.72
STU20240160,Male,2026,EEE,7.05,72.2,69.1,2,No,2,2,"Embedded C, Java, Arduino, MATLAB, Python, SQL",80.6,59.7,65.2,86.2,Not Placed,Not Placed,Not Placed,0.0
STU20240161,Female,2024,CSE,7.09,69.5,87.4,3,No,2,1,"Git, Python, JavaScript",84.9,91.8,72.7,68.1,Placed,Wipro,Backend Developer,5.26
STU20240162,Female,2026,Civil,7.86,81.8,71.7,1,No,2,2,"C, GIS, Excel",65.7,83.8,75.7,90.5,Not Placed,Not Placed,Not Placed,0.0
STU20240163,Male,2025,CSE,6.77,76.3,82.4,1,Yes,4,0,"Node.js, JavaScript, SQL",69.3,49.7,86.1,87.8,Placed,Zoho,QA Engineer,6.57
STU20240164,Male,2026,CSE,8.69,,71.2,0,Yes,2,1,"C++, Git, MongoDB, React, Node.js",67.9,88.1,72.2,64.8,Placed,Cognizant,Data Analyst,6.82
STU20240165,Male,2024,ECE,8.16,91.6,80.6,2,No,0,0,"C, Java, MATLAB",78.9,74.5,84.1,70.4,Placed,HCLTech,Network Engineer,4.5
STU20240166,Female,2027,IT,7.56,81.6,77.2,2,No,1,1,"React, Node.js, Git, MongoDB, Java, DSA",73.1,68.9,58.3,57.0,Not Placed,Not Placed,Not Placed,0.0
STU20240167,Male,2027,Mechanical,7.5,79.9,83.9,4,No,0,0,"CATIA, C, ANSYS, MATLAB, AutoCAD",70.2,95.1,53.2,76.9,Not Placed,Not Placed,Not Placed,0.0
STU20240168,Female,2027,Mechanical,6.54,79.5,80.3,3,Yes,1,4,"Excel, ANSYS, C++, CATIA",62.0,88.6,78.9,85.9,Not Placed,Not Placed,Not Placed,0.0
STU20240169,Male,2027,IT,8.54,82.6,78.6,1,No,3,0,"SQL, Java, AWS, DSA, Node.js, React",75.1,83.6,79.3,91.6,Not Placed,Not Placed,Not Placed,0.0
STU20240170,Male,2024,Civil,7.66,77.5,71.9,1,No,2,0,"SQL, GIS, C, Primavera",78.3,79.8,63.6,85.5,Not Placed,Not Placed,Not Placed,0.0
STU20240171,Female,2026,IT,8.12,78.1,88.3,1,Yes,4,2,"Python, DSA, Java, Node.js",98.0,91.3,60.4,78.2,Placed,Infosys,Full Stack Developer,7.96
STU20240172,Male,2025,ECE,8.18,71.3,72.6,1,Yes,3,4,"Python, Arduino, Embedded C, IoT, C++",98.0,75.1,66.4,77.2,Placed,HCLTech,Embedded Engineer,6.81
STU20240173,Female,2027,CSE,7.45,82.5,59.2,2,Yes,2,0,"Node.js, MongoDB, C++, React",96.1,98.0,72.5,70.0,Placed,Accenture,Data Analyst,6.57
STU20240174,Male,2024,Civil,6.21,73.3,58.8,2,No,1,0,"AutoCAD, Python, C, GIS",62.9,71.0,66.8,90.9,Not Placed,Not Placed,Not Placed,0.0
STU20240175,Male,2024,CSE,8.81,90.2,67.5,0,Yes,4,3,"SQL, React, Python, JavaScript",74.9,98.0,56.3,62.6,Placed,Accenture,Data Analyst,9.32
STU20240176,Male,2026,CSE,8.59,85.9,82.4,0,Yes,2,2,"Python, Node.js, DSA, C++, JavaScript, React",93.6,79.5,57.7,60.5,Placed,Zoho,Data Analyst,7.16
STU20240177,Male,2024,IT,7.44,72.2,90.6,1,Yes,0,2,"SQL, React, Python, MongoDB",87.5,85.1,71.5,59.8,Not Placed,Not Placed,Not Placed,0.0
STU20240178,Male,2026,Civil,7.85,86.4,61.9,1,No,3,2,"GIS, Revit, Python, MATLAB",86.8,73.9,78.9,81.9,Not Placed,Not Placed,Not Placed,0.0
STU20240179,Male,2025,Mechanical,8.62,61.6,72.8,0,No,3,1,"MATLAB, SolidWorks, C, Python, Excel, C++",85.3,58.8,64.2,80.6,Placed,Jindal Steel,Production Engineer,6.64
STU20240180,Male,2026,EEE,8.62,93.1,78.9,1,No,4,1,"IoT, Embedded C, AutoCAD",80.6,98.0,56.0,74.3,Placed,Wipro,Software Developer,5.52
STU20240181,Male,2027,Mechanical,7.07,66.3,84.9,3,Yes,3,0,"SolidWorks, CATIA, C, Python, C++, Excel",85.1,79.8,68.7,76.8,Placed,Bosch,Design Engineer,6.59
STU20240182,Male,2026,Mechanical,6.28,77.2,,3,No,2,2,"AutoCAD, SolidWorks, SQL, Excel",78.3,71.1,36.4,54.8,Not Placed,Not Placed,Not Placed,0.0
STU20240183,Male,2024,ECE,6.63,77.6,77.0,1,Yes,2,1,"C++, SQL, IoT, Arduino, Python",76.5,42.4,61.4,76.3,Placed,Wipro,Software Developer,4.62
STU20240184,Male,2024,IT,7.64,85.0,73.9,1,No,1,0,"Git, SQL, MongoDB, React",62.4,73.0,78.3,83.8,Placed,Cognizant,Data Analyst,4.4
STU20240185,Male,2024,EEE,8.89,77.9,97.3,1,Yes,3,1,"C, C++, Java",75.0,91.7,72.4,60.0,Placed,Schneider Electric,Electrical Engineer,8.82
STU20240186,Female,2024,EEE,7.03,60.6,75.0,1,No,3,1,"Java, Embedded C, MATLAB, IoT, C, SQL",76.5,68.9,47.7,54.4,Not Placed,Not Placed,Not Placed,0.0
STU20240187,Male,2026,IT,7.39,74.2,77.4,0,Yes,3,2,"DSA, Node.js, JavaScript, AWS, Python",92.0,84.8,89.1,76.7,Placed,Wipro,Software Developer,6.16
STU20240188,Male,2025,CSE,7.48,75.2,75.8,0,No,3,1,"DSA, JavaScript, C++, React, Git, Java",90.8,75.6,70.0,78.2,Placed,Deloitte,Software Developer,6.71
STU20240189,Female,2025,EEE,7.2,61.7,71.5,0,No,2,0,"AutoCAD, Python, C, C++",71.2,65.0,71.5,78.8,Not Placed,Not Placed,Not Placed,0.0
STU20240190,Male,2024,CSE,7.99,78.3,83.2,2,Yes,2,1,"MongoDB, Java, SQL, JavaScript, C++",58.0,81.5,83.4,87.5,Placed,Cognizant,Backend Developer,6.81
STU20240191,Male,2027,Civil,6.41,66.5,64.2,3,No,2,0,"MATLAB, GIS, C, Revit, SQL, Excel",88.1,51.4,63.3,70.9,Not Placed,Not Placed,Not Placed,0.0
STU20240192,Female,2024,CSE,8.92,84.8,65.1,0,Yes,4,0,"Python, Git, C++, Java, SQL",98.0,93.6,72.1,53.1,Placed,Capgemini,Data Analyst,7.59
STU20240193,Male,2025,CSE,7.88,76.0,75.2,0,No,2,2,"Node.js, Python, SQL, C++",80.9,85.4,87.5,75.2,Placed,Tech Mahindra,Software Developer,6.76
STU20240194,Male,2025,Mechanical,9.66,95.9,86.8,1,No,4,2,"Python, CATIA, Excel, C++",88.1,98.0,68.0,83.3,Placed,Jindal Steel,Design Engineer,6.58
STU20240195,Female,2024,CSE,7.0,73.7,69.8,2,Yes,3,0,"SQL, Node.js, JavaScript, DSA",73.8,88.8,79.9,65.5,Placed,Cognizant,Web Developer,5.6
STU20240196,Female,2027,CSE,9.35,84.4,81.6,0,Yes,3,2,"DSA, MongoDB, Git, C++, React",98.0,90.7,62.7,71.4,Placed,Tech Mahindra,Web Developer,7.52
STU20240197,Male,2024,ECE,8.93,78.8,70.6,0,No,3,1,"Embedded C, Python, MATLAB, C++, IoT",93.6,62.3,66.2,42.9,Placed,HCLTech,Embedded Engineer,4.92
STU20240198,Male,2026,Mechanical,7.2,64.6,81.9,2,Yes,1,3,"CATIA, SolidWorks, C, Excel",68.4,78.9,72.6,69.6,Not Placed,Not Placed,Not Placed,0.0
STU20240199,Female,2026,CSE,7.66,75.7,80.2,0,No,2,2,"Node.js, C++, MongoDB, JavaScript, React",98.0,71.8,89.2,88.2,Placed,Wipro,Backend Developer,5.14
STU20240200,Male,2027,IT,7.12,81.1,74.4,2,Yes,3,2,"MongoDB, DSA, Python, Node.js, React",59.7,96.4,70.4,67.7,Placed,Infosys,Data Analyst,5.4
STU20240201,Male,2026,EEE,6.88,79.4,74.8,2,No,2,1,"MATLAB, Java, C++, AutoCAD, C",67.2,73.7,49.3,56.3,Not Placed,Not Placed,Not Placed,0.0
STU20240202,Male,2027,Civil,7.5,74.7,65.5,1,No,2,2,"AutoCAD, STAAD Pro, Python, SQL, GIS, C",70.5,90.9,79.2,92.5,Placed,JLL,Design Engineer,3.35
STU20240203,Male,2025,ECE,7.77,67.2,66.5,1,No,3,2,"Arduino, Java, C, MATLAB, Python, Embedded C",82.6,98.0,60.8,76.4,Not Placed,Not Placed,Not Placed,0.0
STU20240204,Male,2026,CSE,6.64,79.1,72.1,1,No,1,0,"DSA, SQL, Git, JavaScript, Java",84.3,65.2,74.8,74.7,Not Placed,Not Placed,Not Placed,0.0
STU20240205,Male,2026,CSE,9.8,85.4,85.1,0,Yes,3,1,"Git, DSA, Node.js, SQL, Java",98.0,94.3,82.9,74.9,Placed,Accenture,QA Engineer,7.93
STU20240206,Male,2026,CSE,7.78,83.4,80.0,1,No,2,0,"Node.js, DSA, Java",80.4,80.3,51.6,60.9,Placed,Cognizant,Web Developer,6.39
STU20240207,Male,2026,CSE,8.06,76.2,74.2,1,Yes,3,1,"Python, C++, MongoDB, Java, Node.js, React",66.9,98.0,76.9,69.8,Placed,Tech Mahindra,Software Developer,8.21
STU20240208,Female,2024,EEE,7.12,64.0,79.4,1,Yes,3,0,"MATLAB, AutoCAD, Java",89.6,90.8,52.4,92.9,Placed,L&T Technology Services,Graduate Engineer Trainee,5.18
STU20240209,Male,2025,CSE,7.77,81.2,85.9,1,Yes,3,2,"Python, Node.js, DSA, Java",67.7,74.7,88.7,64.8,Placed,Accenture,QA Engineer,7.5
STU20240210,Male,2025,ECE,7.45,76.6,74.5,1,No,3,0,"Git, Java, Python",74.9,73.6,49.4,85.4,Placed,Tech Mahindra,Embedded Engineer,4.75
STU20240211,Male,2024,EEE,7.65,86.9,77.8,1,No,0,0,"C, Embedded C, AutoCAD, Python",72.3,71.6,68.5,73.2,Not Placed,Not Placed,Not Placed,0.0
STU20240212,Male,2025,ECE,7.74,77.6,74.4,0,Yes,2,2,"Java, IoT, SQL",69.0,75.6,58.7,77.3,Placed,L&T Technology Services,QA Engineer,4.51
STU20240213,Female,2024,CSE,8.68,79.4,77.6,1,No,3,5,"JavaScript, MongoDB, SQL, Git, Java, React",76.0,92.7,93.1,49.0,Placed,Tech Mahindra,Data Analyst,7.12
STU20240214,Female,2026,Mechanical,7.74,80.3,77.1,0,Yes,3,0,"SolidWorks, ANSYS, MATLAB, Excel",91.8,75.9,50.8,78.1,Not Placed,Not Placed,Not Placed,0.0
STU20240215,Male,2026,EEE,8.25,74.4,89.2,0,No,4,0,"MATLAB, AutoCAD, C, SQL, Arduino",98.0,85.6,98.0,68.2,Placed,L&T Technology Services,Graduate Engineer Trainee,6.28
STU20240216,Male,2026,EEE,7.64,72.6,,0,Yes,2,0,"C++, Java, Python, Arduino",77.3,78.0,65.9,53.6,Not Placed,Not Placed,Not Placed,0.0
STU20240217,Male,2026,CSE,8.2,77.8,82.9,2,No,2,2,"Git, Node.js, Python, JavaScript, DSA, MongoDB",59.7,97.5,65.5,69.5,Placed,Capgemini,QA Engineer,5.87
STU20240218,Male,2024,CSE,7.79,71.0,72.9,0,Yes,2,0,"Java, Python, React, Node.js",82.3,72.3,81.2,67.9,Placed,Infosys,Web Developer,6.67
STU20240219,Male,2024,Civil,8.35,77.3,71.3,0,No,2,2,"C, Revit, SQL, MATLAB",73.4,70.1,73.0,72.2,Not Placed,Not Placed,Not Placed,0.0
STU20240220,Male,2026,IT,8.17,92.0,79.8,1,No,2,2,"Git, AWS, React, Python, SQL",85.2,80.9,61.6,58.8,Placed,HCLTech,Data Analyst,5.06
STU20240221,Male,2027,IT,7.77,84.7,84.7,0,No,2,3,"MongoDB, SQL, DSA, JavaScript",82.4,79.7,61.1,56.8,Placed,Wipro,Support Engineer,6.25
STU20240222,Male,2026,ECE,7.59,79.1,87.6,0,No,3,2,"SQL, C++, Java",57.9,98.0,63.9,70.1,Placed,Infosys,Software Developer,4.15
STU20240223,Male,2026,EEE,7.56,87.8,58.2,0,No,2,0,"IoT, SQL, MATLAB",73.1,87.3,61.2,64.3,Placed,Siemens,Software Developer,4.21
STU20240224,Male,2026,Civil,7.53,71.1,92.5,1,No,1,0,"GIS, STAAD Pro, Excel",82.5,90.1,80.7,65.0,Not Placed,Not Placed,Not Placed,0.0
STU20240225,Male,2026,IT,7.85,95.1,79.1,1,Yes,2,1,"JavaScript, MongoDB, SQL",78.1,91.9,72.5,58.4,Placed,Cognizant,Full Stack Developer,5.49
STU20240226,Male,2026,Civil,7.02,72.3,80.3,1,No,1,0,"Python, Primavera, AutoCAD, C, STAAD Pro, GIS",59.4,54.9,74.1,68.3,Not Placed,Not Placed,Not Placed,0.0
STU20240227,Male,2026,CSE,8.65,93.7,66.2,0,No,3,1,"Git, SQL, Java",93.6,79.2,69.2,76.7,Placed,Zoho,QA Engineer,7.33
STU20240228,Male,2024,ECE,8.45,93.1,76.2,1,Yes,4,2,"Arduino, IoT, Python, C++",67.3,75.3,82.2,76.3,Placed,Tech Mahindra,QA Engineer,7.56
STU20240229,Male,2024,ECE,9.27,68.9,85.8,1,No,2,0,"C++, Java, Embedded C",89.2,98.0,68.1,64.6,Not Placed,Not Placed,Not Placed,0.0
STU20240230,Male,2025,CSE,7.49,87.0,67.0,0,No,2,1,"DSA, MongoDB, SQL, Git, JavaScript, React",71.0,88.9,58.0,49.3,Not Placed,Not Placed,Not Placed,0.0
STU20240231,Female,2026,CSE,8.57,77.4,57.9,0,No,2,1,"JavaScript, Git, React, Node.js, Java, DSA",88.1,89.8,67.7,58.8,Placed,Capgemini,QA Engineer,7.99
STU20240232,Female,2027,IT,6.28,69.7,74.3,2,No,1,0,"Python, SQL, AWS, React, Git",66.2,65.2,83.6,60.1,Not Placed,Not Placed,Not Placed,0.0
STU20240233,Male,2025,Civil,8.2,82.2,76.8,1,Yes,3,1,"Python, GIS, AutoCAD, MATLAB, STAAD Pro, Primavera",89.3,80.9,65.3,83.1,Placed,JLL,Design Engineer,4.79
STU20240234,Male,2025,ECE,6.51,67.2,82.7,1,Yes,1,2,"Embedded C, Git, SQL",86.4,67.4,59.1,82.6,Placed,TCS,QA Engineer,4.83
STU20240235,Female,2027,Civil,6.66,78.2,71.9,2,No,3,0,"C, GIS, STAAD Pro, AutoCAD",84.1,82.3,69.5,72.7,Not Placed,Not Placed,Not Placed,0.0
STU20240236,Male,2025,Mechanical,7.83,71.0,75.5,0,No,2,2,"SQL, C, Python, AutoCAD",87.3,85.2,69.6,64.8,Not Placed,Not Placed,Not Placed,0.0
STU20240237,Male,2027,IT,7.37,77.7,79.8,1,Yes,2,3,"Node.js, Python, Git, MongoDB, AWS, Java",83.8,90.8,55.3,88.6,Placed,Zoho,Data Analyst,7.19
STU20240238,Male,2024,Mechanical,6.91,84.6,80.9,3,No,2,1,"Python, MATLAB, SolidWorks, ANSYS, CATIA, SQL",53.9,81.7,52.3,76.5,Not Placed,Not Placed,Not Placed,0.0
STU20240239,Male,2025,CSE,7.59,79.7,70.5,4,No,1,2,"SQL, MongoDB, Java",76.4,89.7,80.1,44.1,Placed,Zoho,Backend Developer,6.3
STU20240240,Male,2025,CSE,8.62,77.0,84.9,1,Yes,3,3,"Java, C++, JavaScript, Python, MongoDB, Git",88.8,96.8,59.0,92.0,Placed,Deloitte,QA Engineer,8.39
STU20240241,Male,2025,Mechanical,6.76,78.7,69.6,1,No,0,1,"MATLAB, Excel, ANSYS, SQL, SolidWorks, C++",75.4,84.8,78.5,67.1,Not Placed,Not Placed,Not Placed,0.0
STU20240242,Male,2024,Mechanical,7.5,66.9,,5,No,0,2,"SolidWorks, ANSYS, CATIA, Python, SQL, MATLAB",71.5,86.9,63.9,80.3,Not Placed,Not Placed,Not Placed,0.0
STU20240243,Male,2025,CSE,7.68,71.3,80.4,0,No,1,1,"MongoDB, React, Java, DSA, Node.js, Python",84.5,74.8,40.5,74.6,Not Placed,Not Placed,Not Placed,0.0
STU20240244,Male,2025,ECE,8.45,76.1,83.7,0,No,2,3,"C++, IoT, MATLAB, SQL, Embedded C, Python",70.7,94.1,82.2,53.5,Placed,Infosys,Embedded Engineer,5.87
STU20240245,Male,2025,ECE,8.47,84.7,80.1,0,Yes,1,1,"Arduino, C, IoT",98.0,86.9,84.3,67.4,Placed,Wipro,QA Engineer,4.94
STU20240246,Male,2027,Mechanical,5.99,75.8,63.6,6,No,1,1,"C, AutoCAD, Excel, SQL, ANSYS",74.1,69.5,71.5,45.9,Not Placed,Not Placed,Not Placed,0.0
STU20240247,Male,2024,ECE,8.64,83.3,65.2,1,No,2,1,"Java, C++, Python, SQL",72.2,86.0,68.5,59.7,Placed,TCS,QA Engineer,4.89
STU20240248,Male,2025,IT,7.38,76.3,73.6,3,No,2,0,"Node.js, JavaScript, SQL",93.2,88.0,64.9,70.7,Placed,HCLTech,Data Analyst,5.85
STU20240249,Male,2024,IT,8.1,72.7,83.7,1,No,3,1,"Python, AWS, Node.js",69.6,90.4,66.5,69.8,Placed,Zoho,Support Engineer,6.89
STU20240250,Female,2027,IT,7.1,86.2,77.3,4,Yes,4,3,"MongoDB, AWS, Java, Node.js, SQL",80.6,94.8,59.0,65.0,Placed,Deloitte,Full Stack Developer,8.3
STU20240251,Male,2027,ECE,8.07,73.3,78.5,1,No,3,3,"Java, Arduino, IoT, C",84.2,89.3,75.9,66.0,Placed,Tech Mahindra,Embedded Engineer,7.32
STU20240252,Male,2027,Mechanical,9.72,85.2,81.2,1,Yes,3,3,"SQL, Excel, SolidWorks",86.2,98.0,76.2,74.3,Placed,L&T,Production Engineer,6.99
STU20240253,Male,2027,IT,8.01,77.2,78.8,2,Yes,3,2,"AWS, SQL, React, MongoDB, JavaScript",81.1,94.3,66.0,81.1,Placed,TCS,Data Analyst,7.25
STU20240254,Female,2025,CSE,7.61,81.0,68.6,3,Yes,4,0,"Python, Node.js, React, JavaScript, DSA",83.8,74.0,61.2,65.5,Placed,Accenture,Web Developer,8.05
STU20240255,Female,2026,CSE,7.8,73.3,81.5,1,No,1,0,"C++, SQL, Java, Python",63.6,74.9,73.1,67.2,Placed,TCS,Data Analyst,6.55
STU20240256,Female,2025,EEE,6.4,81.4,78.2,3,No,0,0,"Embedded C, Python, AutoCAD, IoT",70.3,61.5,82.1,54.0,Not Placed,Not Placed,Not Placed,0.0
STU20240257,Male,2027,Mechanical,8.78,89.6,76.2,1,No,1,3,"Excel, CATIA, SQL, ANSYS, C",81.4,78.6,76.7,54.4,Placed,L&T,Graduate Engineer Trainee,5.78
STU20240258,Male,2025,CSE,8.27,85.6,80.4,1,No,2,4,"DSA, C++, MongoDB, JavaScript",98.0,98.0,55.5,82.6,Placed,Tech Mahindra,Backend Developer,7.1
STU20240259,Male,2025,CSE,7.11,76.9,62.2,0,No,2,0,"C++, Git, Java, MongoDB",93.4,93.2,68.1,87.3,Placed,Cognizant,Data Analyst,3.94
STU20240260,Male,2027,ECE,6.89,72.2,74.9,0,No,3,2,"IoT, Embedded C, C",68.2,92.5,73.8,71.5,Placed,HCLTech,Software Developer,4.32
STU20240261,Male,2027,CSE,8.01,97.8,75.7,2,No,3,0,"Node.js, Java, MongoDB",80.9,87.0,81.3,65.1,Placed,Deloitte,Backend Developer,5.44
STU20240262,Male,2027,Mechanical,8.34,71.9,86.3,0,Yes,3,3,"C++, AutoCAD, SolidWorks, CATIA, Excel, ANSYS",75.9,84.8,80.1,67.3,Placed,L&T,Design Engineer,5.6
STU20240263,Male,2024,IT,6.92,81.5,72.3,2,No,2,0,"MongoDB, JavaScript, Java, DSA, SQL",71.5,64.5,69.4,83.6,Placed,Capgemini,QA Engineer,4.69
STU20240264,Female,2025,CSE,8.95,82.7,85.2,1,No,3,0,"React, JavaScript, SQL, Node.js",97.6,85.2,98.0,35.0,Placed,Accenture,Software Developer,7.01
STU20240265,Male,2025,Civil,7.42,76.1,72.3,1,Yes,3,1,"STAAD Pro, Excel, Revit, AutoCAD",78.4,74.4,54.2,98.0,Not Placed,Not Placed,Not Placed,0.0
STU20240266,Male,2025,CSE,7.21,77.3,58.5,1,Yes,3,1,"JavaScript, C++, Java, SQL",72.6,87.7,88.2,74.0,Placed,Tech Mahindra,QA Engineer,6.39
STU20240267,Male,2025,IT,7.5,73.2,73.7,1,Yes,2,3,"DSA, Java, Node.js, Git, AWS",84.8,86.0,77.2,42.5,Placed,Capgemini,QA Engineer,5.12
STU20240268,Female,2025,CSE,9.49,84.7,82.0,0,Yes,4,0,"Python, Git, DSA, MongoDB, Node.js, React",69.2,98.0,98.0,98.0,Placed,Zoho,Backend Developer,9.04
STU20240269,Female,2027,CSE,6.82,77.3,74.5,1,No,1,1,"Git, MongoDB, React",67.0,78.0,48.4,40.2,Placed,Tech Mahindra,Data Analyst,3.38
STU20240270,Male,2025,CSE,7.38,95.2,76.1,1,No,2,1,"Java, MongoDB, JavaScript",93.3,63.0,89.5,41.9,Placed,Tech Mahindra,Backend Developer,5.71
STU20240271,Female,2026,CSE,8.81,87.5,75.2,0,No,2,1,"C++, Git, Python, Java, JavaScript",98.0,85.3,96.5,58.2,Placed,Wipro,Data Analyst,8.53
STU20240272,Female,2027,CSE,8.18,82.1,74.8,1,No,1,3,"SQL, Node.js, Java, MongoDB",94.1,90.3,70.7,67.1,Placed,Capgemini,QA Engineer,6.96
STU20240273,Female,2026,CSE,7.33,80.4,66.9,1,No,3,0,"DSA, Git, React",64.4,81.9,58.3,83.4,Placed,Zoho,Data Analyst,5.14
STU20240274,Female,2025,ECE,8.57,92.3,64.2,0,No,4,2,"SQL, C, MATLAB, IoT",73.0,85.3,98.0,64.9,Placed,HCLTech,QA Engineer,5.64
STU20240275,Male,2024,EEE,8.51,72.5,77.2,1,No,2,0,"C, Java, AutoCAD, C++",76.6,78.6,63.3,59.3,Placed,Wipro,Graduate Engineer Trainee,6.65
STU20240276,Female,2024,IT,8.18,77.2,71.9,1,Yes,3,2,"JavaScript, Python, Node.js, React, Java, Git",83.6,80.7,86.3,69.3,Placed,Zoho,QA Engineer,7.12
STU20240277,Male,2026,IT,7.38,63.1,82.5,1,Yes,3,0,"DSA, JavaScript, Python, MongoDB",70.6,62.7,89.0,69.2,Placed,Zoho,QA Engineer,5.26
STU20240278,Female,2025,ECE,7.36,80.3,59.6,2,Yes,2,1,"Arduino, Java, IoT, C++, MATLAB, SQL",56.6,79.5,67.4,90.3,Placed,Tech Mahindra,Software Developer,4.75
STU20240279,Male,2024,Mechanical,7.79,83.4,78.1,0,No,2,1,"C, Excel, SQL, ANSYS, MATLAB",90.1,89.7,69.0,81.7,Placed,L&T,Graduate Engineer Trainee,4.61
STU20240280,Female,2027,Mechanical,6.43,67.1,87.2,3,No,1,0,"C, SolidWorks, Excel",78.8,66.9,88.7,61.8,Not Placed,Not Placed,Not Placed,0.0
STU20240281,Female,2026,CSE,9.13,90.9,78.4,1,Yes,3,1,,81.1,77.7,72.5,68.9,Placed,Wipro,Backend Developer,7.38
STU20240282,Male,2027,CSE,9.45,76.6,80.5,0,No,4,1,"SQL, C++, MongoDB",98.0,98.0,70.6,46.7,Placed,Tech Mahindra,Backend Developer,8.61
STU20240283,Female,2025,CSE,7.8,75.1,79.0,1,No,3,1,"DSA, C++, JavaScript, MongoDB, Node.js",92.8,97.1,36.1,76.6,Placed,Wipro,Software Developer,6.45
STU20240284,Male,2027,CSE,8.3,79.6,80.9,0,Yes,4,4,"Java, DSA, React, C++, SQL, Python",57.9,89.1,87.8,72.4,Placed,Tech Mahindra,Data Analyst,6.72
STU20240285,Male,2024,ECE,8.76,91.1,75.8,1,No,3,3,"Arduino, C, SQL, Embedded C",94.0,82.9,70.2,73.7,Placed,L&T Technology Services,Network Engineer,6.15
STU20240286,Male,2024,IT,9.56,75.9,73.8,0,Yes,3,5,"Python, MongoDB, Java, DSA, SQL",89.6,98.0,88.4,80.6,Placed,HCLTech,Support Engineer,8.29
STU20240287,Female,2027,CSE,9.32,83.3,84.7,0,No,4,2,,61.4,97.4,75.4,87.7,Placed,Accenture,Backend Developer,8.11
STU20240288,Male,2027,IT,6.42,79.5,59.0,2,No,1,0,"Git, Java, Python, SQL",81.8,67.1,83.0,64.3,Placed,Infosys,Support Engineer,4.51
STU20240289,Male,2026,ECE,7.48,80.7,81.0,3,Yes,2,1,"Embedded C, C++, C, Arduino, SQL",78.4,64.7,87.8,73.6,Not Placed,Not Placed,Not Placed,0.0
STU20240290,Male,2024,CSE,8.43,83.3,75.0,0,No,2,4,"Python, JavaScript, MongoDB",63.0,98.0,60.8,87.8,Placed,Capgemini,Data Analyst,7.47
STU20240291,Male,2025,Mechanical,7.13,81.2,74.3,0,Yes,1,3,"Excel, ANSYS, SolidWorks, AutoCAD, MATLAB, Python",77.9,83.6,62.5,70.9,Not Placed,Not Placed,Not Placed,0.0
STU20240292,Male,2026,CSE,9.52,77.9,77.0,0,Yes,3,5,"SQL, C++, Java",92.3,98.0,85.6,71.9,Placed,Cognizant,QA Engineer,7.89
STU20240293,Female,2027,Civil,8.88,92.0,89.0,0,Yes,4,2,"AutoCAD, MATLAB, Revit",95.9,92.8,93.8,98.0,Placed,Shapoorji Pallonji,Site Engineer,6.57
STU20240294,Male,2025,CSE,7.31,75.5,76.5,1,Yes,2,2,"Node.js, SQL, MongoDB, Python, DSA",53.3,96.3,70.7,72.5,Placed,Zoho,Web Developer,5.93
STU20240295,Female,2024,Mechanical,7.41,74.8,72.8,2,No,3,2,"CATIA, ANSYS, SolidWorks, C, MATLAB",75.9,81.3,72.4,89.8,Not Placed,Not Placed,Not Placed,0.0
STU20240296,Male,2026,Civil,6.86,84.6,71.1,3,Yes,3,2,"AutoCAD, GIS, Python, C, SQL, Revit",65.0,74.8,72.0,66.3,Not Placed,Not Placed,Not Placed,0.0
STU20240297,Female,2026,Civil,7.33,71.9,73.8,3,Yes,3,2,"GIS, C, STAAD Pro, Primavera, MATLAB",77.2,78.1,57.9,67.6,Not Placed,Not Placed,Not Placed,0.0
STU20240298,Male,2025,Mechanical,7.36,78.6,91.7,3,Yes,1,0,"Excel, AutoCAD, Python, CATIA",53.9,94.5,63.5,48.9,Not Placed,Not Placed,Not Placed,0.0
STU20240299,Male,2026,EEE,8.46,74.1,68.6,1,No,4,0,"MATLAB, Embedded C, AutoCAD, Arduino",73.9,84.4,71.4,76.3,Placed,Siemens,Software Developer,8.07
STU20240300,Male,2027,ECE,6.99,93.1,81.5,2,No,1,1,"Git, C, Python, Java, Embedded C",90.9,92.3,81.0,77.6,Not Placed,Not Placed,Not Placed,0.0
STU20240301,Male,2025,EEE,5.43,87.7,73.6,5,No,2,0,"C++, SQL, Arduino, AutoCAD, Python",81.1,63.5,85.1,70.1,Not Placed,Not Placed,Not Placed,0.0
STU20240302,Male,2026,CSE,6.64,73.8,83.7,1,No,1,1,"Node.js, SQL, React, MongoDB, DSA, Python",82.4,60.9,54.7,74.5,Placed,Tech Mahindra,Data Analyst,3.45
STU20240303,Female,2026,ECE,6.88,78.8,78.0,0,No,2,2,"Git, MATLAB, C++, Arduino, C",92.0,86.4,76.9,79.5,Placed,TCS,Embedded Engineer,4.4
STU20240304,Male,2026,ECE,7.19,76.0,74.4,1,Yes,2,2,"Embedded C, IoT, SQL",53.5,74.5,71.6,55.2,Not Placed,Not Placed,Not Placed,0.0
STU20240305,Male,2027,Mechanical,7.71,74.8,83.0,1,No,1,0,"AutoCAD, MATLAB, CATIA, Excel, SolidWorks",75.4,81.1,64.3,69.8,Placed,Tata Motors,Production Engineer,6.68
STU20240306,Male,2026,IT,6.98,76.3,75.5,1,No,0,2,"React, Python, SQL",72.8,78.9,55.4,88.9,Placed,Infosys,Software Developer,5.34
STU20240307,Female,2026,IT,6.87,74.9,78.8,1,No,0,2,"Java, MongoDB, Git, AWS, JavaScript, DSA",64.7,78.2,70.5,65.6,Placed,Cognizant,Data Analyst,4.01
STU20240308,Male,2024,ECE,6.96,64.8,83.8,6,No,4,1,"Embedded C, MATLAB, Git",57.5,97.3,60.2,52.5,Not Placed,Not Placed,Not Placed,0.0
STU20240309,Male,2026,CSE,7.05,77.5,74.7,1,Yes,1,0,"Python, React, SQL, Java, Git",83.4,77.3,73.0,86.0,Not Placed,Not Placed,Not Placed,0.0
STU20240310,Male,2024,CSE,7.53,76.5,72.4,2,Yes,1,1,,82.6,80.3,57.1,74.8,Placed,Deloitte,Backend Developer,5.85
STU20240311,Male,2024,IT,7.39,78.7,70.4,0,No,2,0,"React, Git, Java, DSA, AWS, Python",69.5,74.4,55.2,68.7,Not Placed,Not Placed,Not Placed,0.0
STU20240312,Male,2026,IT,8.49,78.7,81.1,0,Yes,2,4,"DSA, Node.js, MongoDB, Git",92.6,96.8,87.9,68.1,Placed,Wipro,Support Engineer,6.98
STU20240313,Male,2026,CSE,7.16,73.4,68.2,3,No,0,0,"C++, MongoDB, SQL, Python, React",72.3,78.3,71.2,80.0,Not Placed,Not Placed,Not Placed,0.0
STU20240314,Male,2027,IT,7.6,83.1,73.1,0,No,0,0,"AWS, MongoDB, SQL, React",80.6,72.0,72.6,62.4,Placed,HCLTech,Software Developer,5.75
STU20240315,Male,2026,IT,7.44,80.3,68.3,0,No,2,2,"Git, Java, SQL, Python, MongoDB",66.2,91.6,63.2,86.4,Not Placed,Not Placed,Not Placed,0.0
STU20240316,Male,2027,IT,8.59,89.2,81.8,0,No,2,1,"JavaScript, MongoDB, React, DSA, SQL, Git",85.8,83.9,84.2,70.0,Placed,Deloitte,QA Engineer,4.91
STU20240317,Male,2025,IT,7.77,80.9,70.7,1,Yes,3,4,"SQL, AWS, React",84.3,95.2,68.7,85.2,Placed,TCS,QA Engineer,7.89
STU20240318,Female,2026,EEE,8.54,78.0,69.1,2,No,2,1,"Arduino, Python, SQL, IoT, C, C++",79.9,72.4,84.3,79.8,Not Placed,Not Placed,Not Placed,0.0
STU20240319,Male,2027,IT,6.92,79.6,65.9,1,No,2,2,"Git, JavaScript, Node.js, React",42.5,88.7,61.8,54.8,Not Placed,Not Placed,Not Placed,0.0
STU20240320,Male,2025,Civil,7.46,62.8,71.1,0,No,2,1,"MATLAB, SQL, C, AutoCAD, GIS, Primavera",79.4,73.1,56.0,74.7,Not Placed,Not Placed,Not Placed,0.0
STU20240321,Male,2027,Civil,7.01,90.3,70.6,0,Yes,2,0,"Primavera, C, AutoCAD, Python, SQL, MATLAB",77.9,82.8,58.6,69.8,Not Placed,Not Placed,Not Placed,0.0
STU20240322,Male,2026,ECE,6.71,76.7,74.9,2,No,1,0,"SQL, MATLAB, Arduino, Python",59.7,85.9,72.3,76.9,Placed,Tech Mahindra,Embedded Engineer,3.2
STU20240323,Female,2025,IT,7.84,92.9,75.0,2,Yes,2,2,"Node.js, React, Python, Git",86.1,88.3,58.5,72.3,Placed,TCS,Full Stack Developer,7.39
STU20240324,Male,2026,ECE,9.22,75.0,82.5,0,No,2,1,"Arduino, Python, MATLAB, Embedded C",89.0,98.0,98.0,46.4,Placed,Tech Mahindra,Network Engineer,5.33
STU20240325,Male,2024,Mechanical,6.83,67.3,76.6,0,No,3,1,"Excel, C, CATIA",81.6,67.9,49.6,78.5,Not Placed,Not Placed,Not Placed,0.0
STU20240326,Male,2024,ECE,7.64,79.7,80.8,2,No,2,2,"IoT, Git, C, MATLAB",73.7,82.4,68.6,42.2,Placed,Wipro,Embedded Engineer,4.39
STU20240327,Male,2025,Mechanical,6.43,76.6,59.0,2,No,0,1,"Excel, AutoCAD, C++",46.6,65.7,81.2,70.7,Not Placed,Not Placed,Not Placed,0.0
STU20240328,Female,2024,ECE,6.51,76.6,64.7,2,No,2,0,"C, Arduino, Java, IoT",52.3,66.9,69.8,91.7,Not Placed,Not Placed,Not Placed,0.0
STU20240329,Male,2025,ECE,7.08,77.0,78.0,1,No,1,1,"SQL, Java, Arduino",81.1,61.1,63.7,85.8,Not Placed,Not Placed,Not Placed,0.0
STU20240330,Male,2027,IT,7.52,72.4,76.8,1,No,2,1,"SQL, Node.js, JavaScript, DSA",64.5,81.4,85.0,73.8,Placed,Deloitte,QA Engineer,6.34
STU20240331,Female,2025,EEE,7.31,65.9,81.6,4,No,2,2,"Embedded C, SQL, Java, C++, C",67.0,91.0,57.2,62.9,Not Placed,Not Placed,Not Placed,0.0
STU20240332,Female,2027,CSE,7.81,79.5,65.3,3,Yes,4,4,"DSA, Node.js, MongoDB, React, Python",94.1,98.0,67.5,72.2,Placed,Accenture,QA Engineer,7.75
STU20240333,Male,2026,EEE,6.25,64.6,68.5,4,No,1,0,"Arduino, C, IoT, AutoCAD, Python, Embedded C",43.1,60.2,44.0,81.6,Not Placed,Not Placed,Not Placed,0.0
STU20240334,Male,2024,Mechanical,7.02,65.9,71.9,0,Yes,3,1,"C, C++, ANSYS, Python, SolidWorks, CATIA",58.3,74.8,79.6,63.5,Placed,Maruti Suzuki,Mechanical Engineer,6.97
STU20240335,Male,2024,CSE,8.43,76.4,78.9,1,No,3,1,"JavaScript, MongoDB, Git",94.1,79.2,81.0,74.0,Placed,Tech Mahindra,QA Engineer,6.78
STU20240336,Female,2027,ECE,6.6,77.5,73.1,0,No,0,1,"IoT, MATLAB, Embedded C, Python, Java, Git",69.0,64.9,73.7,58.8,Placed,Wipro,Network Engineer,3.21
STU20240337,Female,2026,CSE,7.7,91.2,79.1,1,Yes,3,2,"React, JavaScript, Node.js, SQL, Python",57.1,82.0,72.5,69.6,Not Placed,Not Placed,Not Placed,0.0
STU20240338,Male,2027,EEE,7.9,84.6,75.5,0,Yes,2,1,"C, Arduino, MATLAB, IoT",74.2,82.7,72.7,67.3,Placed,L&T Technology Services,Graduate Engineer Trainee,4.59
STU20240339,Female,2025,CSE,7.34,,84.4,3,No,1,0,"Git, DSA, SQL, Java",76.3,73.3,70.8,74.0,Placed,Infosys,Software Developer,5.53
STU20240340,Male,2026,Civil,7.79,82.1,87.9,0,No,1,2,"Python, GIS, C, Excel",63.2,68.5,75.1,75.6,Placed,L&T,Site Engineer,4.6
STU20240341,Male,2027,CSE,6.71,77.3,65.3,3,Yes,3,0,"Git, Node.js, C++, MongoDB, Java",58.7,85.7,68.5,98.0,Not Placed,Not Placed,Not Placed,0.0
STU20240342,Male,2027,Civil,8.26,96.2,77.6,1,No,5,1,"STAAD Pro, Primavera, Python, SQL, GIS",68.5,90.6,60.9,67.2,Placed,Tata Projects,Civil Engineer,4.45
STU20240343,Female,2024,Mechanical,7.86,68.4,81.8,4,No,1,0,"Python, SQL, Excel, CATIA, C++",87.0,82.7,42.1,72.9,Not Placed,Not Placed,Not Placed,0.0
STU20240344,Male,2027,ECE,7.8,74.6,80.2,0,Yes,3,2,"Git, MATLAB, Embedded C",94.0,90.0,98.0,87.1,Placed,Bosch,Embedded Engineer,5.76
STU20240345,Male,2025,Mechanical,8.51,76.9,75.1,0,Yes,3,0,"C++, AutoCAD, C, ANSYS, SolidWorks, SQL",94.1,91.2,65.6,72.7,Placed,Maruti Suzuki,Production Engineer,7.54
STU20240346,Male,2027,Mechanical,7.27,82.4,76.4,0,No,1,1,"C++, AutoCAD, SolidWorks, Python",88.6,79.4,66.8,70.2,Not Placed,Not Placed,Not Placed,0.0
STU20240347,Female,2026,Civil,6.97,68.6,62.7,0,No,3,0,"MATLAB, Revit, GIS, Excel",92.7,69.0,82.4,76.3,Not Placed,Not Placed,Not Placed,0.0
STU20240348,Female,2026,CSE,9.17,86.3,79.6,0,Yes,5,2,"Java, React, MongoDB, Git",75.2,98.0,81.1,64.9,Placed,Zoho,QA Engineer,9.0
STU20240349,Male,2025,ECE,9.31,85.3,,0,No,2,2,"MATLAB, Python, Embedded C, Arduino",98.0,97.9,58.6,71.4,Placed,HCLTech,Embedded Engineer,8.49
STU20240350,Male,2027,CSE,7.41,82.2,78.6,0,No,3,1,"Java, Git, Node.js, SQL",80.9,72.6,54.5,59.3,Not Placed,Not Placed,Not Placed,0.0
STU20240351,Female,2025,ECE,7.65,82.7,67.8,2,No,2,0,"C++, Arduino, Python, Git",98.0,70.4,82.0,65.2,Placed,Tech Mahindra,Software Developer,4.25
STU20240352,Female,2026,CSE,8.89,91.0,80.1,0,No,2,2,"DSA, Git, MongoDB, C++, Java, JavaScript",98.0,98.0,83.3,94.8,Placed,Cognizant,Software Developer,7.63
STU20240353,Male,2026,ECE,7.68,76.9,78.0,2,Yes,2,2,"Java, Embedded C, SQL, MATLAB, Python, Git",76.1,81.8,64.0,71.3,Placed,TCS,QA Engineer,5.39
STU20240354,Male,2026,ECE,8.26,82.4,77.8,0,No,3,2,"Arduino, IoT, SQL, Embedded C",80.1,81.0,72.5,71.7,Placed,TCS,Network Engineer,5.66
STU20240355,Female,2025,IT,8.56,74.2,73.7,1,Yes,3,3,"Python, SQL, AWS, MongoDB, React",80.7,86.0,74.7,41.2,Placed,HCLTech,Full Stack Developer,6.58
STU20240356,Female,2026,ECE,7.27,69.4,73.2,1,Yes,3,1,"SQL, Git, IoT, Java, Python",79.7,85.4,72.3,78.3,Placed,Wipro,QA Engineer,3.88
STU20240357,Male,2026,EEE,8.01,90.4,84.9,1,No,2,1,"SQL, Embedded C, Java, Python",82.8,78.3,77.5,92.7,Placed,Siemens,Graduate Engineer Trainee,5.26
STU20240358,Male,2026,Mechanical,7.54,71.2,72.4,1,Yes,4,0,"C, AutoCAD, MATLAB, Excel",98.0,83.0,65.1,62.8,Not Placed,Not Placed,Not Placed,0.0
STU20240359,Male,2026,ECE,6.72,79.3,73.3,2,No,2,0,"Python, C, SQL",75.3,97.7,76.0,82.0,Placed,TCS,Network Engineer,4.93
STU20240360,Female,2026,ECE,6.91,79.0,69.8,1,No,3,0,"IoT, C, Arduino, SQL, Git",71.9,61.3,75.4,61.6,Not Placed,Not Placed,Not Placed,0.0
STU20240361,Male,2027,Civil,6.95,83.6,80.9,1,No,1,1,"STAAD Pro, GIS, Primavera, Python",72.4,72.2,79.1,49.1,Not Placed,Not Placed,Not Placed,0.0
STU20240362,Male,2026,CSE,8.79,68.4,79.3,2,No,3,3,"Git, C++, Node.js, React, DSA, MongoDB",76.6,93.1,85.2,63.7,Placed,Deloitte,Software Developer,6.69
STU20240363,Male,2024,CSE,8.82,86.3,73.5,0,No,3,2,"Java, C++, React",66.5,73.0,85.0,60.8,Not Placed,Not Placed,Not Placed,0.0
STU20240364,Female,2026,CSE,8.64,79.2,78.4,2,Yes,2,2,"Node.js, Git, DSA",81.4,93.4,68.6,74.4,Placed,Cognizant,Software Developer,7.74
STU20240365,Female,2024,ECE,8.12,74.1,75.2,0,No,1,0,"SQL, Git, Arduino",98.0,89.1,70.9,65.4,Placed,Wipro,Network Engineer,5.76
STU20240366,Female,2024,IT,8.25,76.9,87.0,0,Yes,3,4,"Node.js, MongoDB, Git, React",94.4,77.9,61.9,61.0,Placed,Wipro,QA Engineer,7.62
STU20240367,Male,2027,EEE,7.89,85.0,76.0,0,Yes,3,4,"AutoCAD, SQL, MATLAB",76.2,89.1,74.2,79.4,Placed,Schneider Electric,Electrical Engineer,5.5
STU20240368,Female,2025,EEE,8.0,83.1,66.9,1,Yes,3,2,"MATLAB, C, C++, Java",86.7,88.3,61.6,87.1,Placed,TCS,Graduate Engineer Trainee,5.29
STU20240369,Female,2026,IT,8.3,77.9,80.9,1,Yes,4,1,"Node.js, Python, SQL, MongoDB",98.0,93.2,79.3,80.8,Placed,Capgemini,Software Developer,6.92
STU20240370,Male,2027,Mechanical,6.36,65.9,84.7,3,Yes,1,1,"SQL, Excel, SolidWorks, AutoCAD, CATIA, C",71.7,98.0,81.0,75.1,Not Placed,Not Placed,Not Placed,0.0
STU20240371,Male,2025,EEE,6.98,68.0,82.2,1,No,1,3,"MATLAB, C, Java, Arduino, Embedded C",61.7,73.0,67.9,68.1,Not Placed,Not Placed,Not Placed,0.0
STU20240372,Female,2024,CSE,7.13,81.1,66.5,2,No,1,0,"DSA, React, Git, C++, SQL, MongoDB",74.0,80.5,61.5,76.0,Not Placed,Not Placed,Not Placed,0.0
STU20240373,Male,2024,IT,8.84,71.2,77.0,0,No,3,1,"Java, MongoDB, Git",94.4,87.4,81.8,62.4,Placed,Cognizant,Full Stack Developer,7.3
STU20240374,Male,2025,IT,9.31,80.4,,0,No,3,1,"Python, SQL, Java, DSA, AWS, MongoDB",94.0,88.1,90.7,79.1,Placed,Wipro,Software Developer,6.46
STU20240375,Male,2026,CSE,6.16,92.2,71.5,5,No,2,1,"Node.js, MongoDB, Git, C++",88.2,74.0,54.9,53.6,Placed,Zoho,Software Developer,4.33
STU20240376,Female,2027,CSE,9.33,84.5,82.9,0,No,2,4,"React, DSA, C++, Node.js, Java, Python",87.8,98.0,78.8,48.1,Placed,Deloitte,Web Developer,6.1
STU20240377,Male,2026,Civil,7.57,82.1,73.0,1,No,2,2,"AutoCAD, C, GIS",49.7,82.9,74.4,76.4,Not Placed,Not Placed,Not Placed,0.0
STU20240378,Female,2025,IT,8.76,72.5,72.2,1,Yes,4,2,"AWS, SQL, Java",94.5,94.6,71.4,60.1,Placed,Zoho,Data Analyst,7.67
STU20240379,Male,2026,IT,8.33,70.2,84.2,0,Yes,2,1,"Python, Node.js, SQL, Java, AWS, DSA",86.5,83.8,80.0,63.9,Placed,Zoho,Support Engineer,6.1
STU20240380,Female,2024,EEE,8.87,85.7,71.1,0,Yes,2,2,"Python, MATLAB, C++, Java, C, SQL",88.4,80.0,54.2,60.5,Placed,HCLTech,Embedded Engineer,4.57
STU20240381,Male,2026,ECE,7.93,75.8,70.8,2,Yes,1,1,"Python, Arduino, Java",67.0,89.4,76.2,80.2,Placed,HCLTech,Network Engineer,4.03
STU20240382,Female,2026,Civil,6.34,82.1,64.2,0,No,2,0,"C, AutoCAD, MATLAB, GIS",95.6,83.0,88.7,59.4,Not Placed,Not Placed,Not Placed,0.0
STU20240383,Female,2024,Mechanical,7.46,77.7,79.4,0,No,1,1,"SQL, AutoCAD, C++, SolidWorks",61.8,88.6,77.1,85.7,Not Placed,Not Placed,Not Placed,0.0
STU20240384,Male,2027,IT,8.34,98.0,78.3,0,No,3,2,"AWS, Java, Python, JavaScript, SQL",72.4,94.9,73.9,78.2,Placed,Cognizant,Full Stack Developer,6.21
STU20240385,Male,2027,IT,7.72,74.0,82.0,1,Yes,2,0,"AWS, Git, React",75.9,71.8,55.1,76.2,Placed,Zoho,Support Engineer,5.42
STU20240386,Female,2025,Civil,8.06,80.9,71.3,3,No,4,0,"C, GIS, STAAD Pro, MATLAB, Primavera",98.0,74.8,67.8,88.2,Not Placed,Not Placed,Not Placed,0.0
STU20240387,Male,2026,EEE,7.59,71.4,66.7,1,Yes,3,1,"SQL, C, Arduino",96.9,91.6,74.4,61.8,Not Placed,Not Placed,Not Placed,0.0
STU20240388,Male,2026,Civil,6.99,83.4,70.8,2,No,1,0,"MATLAB, SQL, GIS",80.1,62.4,69.2,70.6,Not Placed,Not Placed,Not Placed,0.0
STU20240389,Male,2024,CSE,7.08,79.5,72.8,1,No,1,1,"C++, React, Git, MongoDB, Java, Python",83.6,70.0,52.3,41.5,Placed,Infosys,QA Engineer,5.61
STU20240390,Female,2024,Mechanical,7.22,70.0,76.0,1,No,3,1,"C, SQL, Excel, Python",63.0,98.0,72.1,62.7,Not Placed,Not Placed,Not Placed,0.0
STU20240391,Male,2026,ECE,7.92,76.3,64.6,1,No,1,0,"MATLAB, Embedded C, IoT, Java",56.7,84.2,60.5,53.2,Not Placed,Not Placed,Not Placed,0.0
STU20240392,Male,2027,CSE,6.33,84.1,75.4,2,No,2,2,"DSA, Java, Node.js, SQL, JavaScript",67.2,78.2,57.9,79.9,Not Placed,Not Placed,Not Placed,0.0
STU20240393,Female,2026,ECE,7.09,85.2,67.9,0,No,2,0,"C, MATLAB, SQL",86.1,57.9,80.0,84.1,Placed,Bosch,Software Developer,5.07
STU20240394,Male,2026,EEE,5.95,63.7,66.5,0,No,2,0,"Python, Arduino, SQL, C",80.7,64.0,60.7,65.7,Not Placed,Not Placed,Not Placed,0.0
STU20240395,Male,2026,CSE,7.48,74.1,83.4,2,No,2,2,"Python, MongoDB, Git, Node.js, C++, DSA",67.0,90.8,61.5,96.4,Placed,Deloitte,QA Engineer,4.63
STU20240396,Male,2025,IT,8.92,93.7,63.8,0,Yes,3,4,"JavaScript, Java, MongoDB",75.4,80.3,62.9,62.9,Placed,Wipro,Data Analyst,6.32
STU20240397,Male,2024,Mechanical,6.54,73.9,74.9,0,No,1,0,"AutoCAD, SQL, C++, MATLAB, CATIA, ANSYS",84.2,76.2,56.9,54.7,Not Placed,Not Placed,Not Placed,0.0
STU20240398,Male,2025,IT,8.5,81.2,80.2,1,Yes,5,1,"AWS, SQL, Git, JavaScript",92.3,76.2,67.0,66.5,Placed,Capgemini,Data Analyst,7.35
STU20240399,Female,2027,IT,9.8,90.4,75.7,0,Yes,3,2,"Python, SQL, Git",66.6,89.3,90.4,77.6,Placed,TCS,QA Engineer,7.11
STU20240400,Male,2027,IT,9.14,72.2,76.5,0,No,6,2,"SQL, Node.js, React",82.2,81.0,76.1,80.4,Placed,Deloitte,Software Developer,6.73
STU20240401,Female,2027,IT,8.01,72.1,85.2,0,Yes,3,0,"Node.js, DSA, Python, SQL, MongoDB, JavaScript",88.4,83.5,87.7,82.5,Placed,HCLTech,Full Stack Developer,6.64
STU20240402,Male,2024,Civil,8.23,77.0,91.0,0,No,2,2,"AutoCAD, Python, Primavera, STAAD Pro, C, Excel",66.9,69.1,57.7,64.9,Not Placed,Not Placed,Not Placed,0.0
STU20240403,Male,2026,Mechanical,6.39,83.1,79.7,0,No,0,2,"AutoCAD, SolidWorks, CATIA",55.1,73.1,82.3,82.5,Not Placed,Not Placed,Not Placed,0.0
STU20240404,Male,2026,CSE,6.66,82.5,86.2,2,Yes,3,0,"Node.js, DSA, SQL, MongoDB, Java, Python",64.4,82.2,64.7,66.8,Placed,Deloitte,Web Developer,7.12
STU20240405,Male,2024,Civil,7.52,82.5,70.5,0,No,2,0,"GIS, Revit, SQL",88.1,80.6,67.1,98.0,Placed,Adani,Graduate Engineer Trainee,3.89
STU20240406,Female,2024,Mechanical,7.89,77.5,65.2,1,No,3,2,"AutoCAD, Excel, C, SQL, C++",81.8,90.6,68.5,81.9,Placed,Bosch,Production Engineer,5.23
STU20240407,Male,2027,IT,8.83,88.7,78.5,0,No,5,2,"Git, MongoDB, DSA, AWS",98.0,95.9,98.0,44.8,Placed,Wipro,Support Engineer,7.04
STU20240408,Male,2026,Mechanical,7.07,75.3,79.7,0,No,2,0,,70.2,75.4,62.1,63.2,Not Placed,Not Placed,Not Placed,0.0
STU20240409,Male,2026,CSE,8.16,83.1,64.0,0,Yes,3,3,"C++, Java, Node.js, Python",80.8,88.6,98.0,63.9,Placed,Deloitte,Data Analyst,7.16
STU20240410,Female,2025,Civil,7.64,84.2,69.1,0,No,3,1,"Revit, GIS, Python, SQL, C, MATLAB",84.7,85.6,81.8,94.4,Not Placed,Not Placed,Not Placed,0.0
STU20240411,Male,2026,EEE,7.54,89.4,69.7,1,No,3,1,"C, Python, MATLAB, Arduino",72.7,71.3,55.8,57.8,Not Placed,Not Placed,Not Placed,0.0
STU20240412,Female,2024,ECE,7.69,77.5,78.3,1,Yes,1,0,,56.8,74.0,58.3,46.0,Not Placed,Not Placed,Not Placed,0.0
STU20240413,Male,2024,CSE,7.27,74.3,76.2,1,No,3,1,"Java, Python, MongoDB",74.6,98.0,71.6,81.2,Placed,TCS,Backend Developer,6.8
STU20240414,Male,2026,Mechanical,7.79,87.2,70.6,1,Yes,3,1,"SolidWorks, C, AutoCAD, MATLAB",72.5,88.3,72.5,38.5,Not Placed,Not Placed,Not Placed,0.0
STU20240415,Female,2025,CSE,8.17,88.7,78.3,1,No,4,0,"MongoDB, C++, React, Git",84.3,97.3,67.5,64.8,Placed,Wipro,Data Analyst,8.6
STU20240416,Male,2027,CSE,7.63,74.0,67.6,0,Yes,3,3,"DSA, MongoDB, Java",73.5,90.1,63.6,82.8,Placed,Deloitte,QA Engineer,8.04
STU20240417,Male,2025,CSE,8.57,72.4,75.2,1,Yes,4,2,,93.3,83.5,94.4,68.5,Placed,Tech Mahindra,QA Engineer,8.6
STU20240418,Female,2024,EEE,8.52,88.5,69.2,0,No,2,1,"C, SQL, Arduino, C++",78.4,82.6,76.1,86.2,Placed,TCS,Electrical Engineer,5.06
STU20240419,Male,2024,CSE,8.58,68.7,77.1,1,Yes,2,1,"Node.js, Java, C++",63.5,68.5,80.4,77.9,Placed,Infosys,Data Analyst,9.68
STU20240420,Male,2026,Civil,6.61,63.4,67.2,1,Yes,2,1,"Python, C, SQL, Primavera, GIS",65.6,89.8,68.0,62.2,Not Placed,Not Placed,Not Placed,0.0
STU20240421,Male,2024,ECE,7.83,76.4,81.0,0,Yes,4,3,"SQL, C++, Embedded C",69.7,98.0,71.9,75.8,Placed,L&T Technology Services,Embedded Engineer,7.59
STU20240422,Male,2024,CSE,7.23,76.8,74.3,1,No,1,0,"C++, React, MongoDB, Node.js, JavaScript",96.7,67.3,96.9,90.1,Placed,TCS,QA Engineer,4.9
STU20240423,Female,2025,CSE,8.08,70.8,75.2,0,Yes,3,1,"MongoDB, DSA, React",83.5,92.5,79.8,76.1,Placed,Cognizant,Web Developer,6.93
STU20240424,Male,2025,CSE,7.23,77.6,86.9,3,No,0,0,"Java, C++, DSA, Git, Python",79.2,80.9,98.0,75.5,Placed,Infosys,Web Developer,5.27
STU20240425,Female,2026,ECE,8.84,82.0,81.6,0,No,3,2,"C++, SQL, Embedded C, Arduino",85.5,91.5,85.5,74.8,Placed,L&T Technology Services,Embedded Engineer,6.1
STU20240426,Male,2026,Mechanical,8.22,75.2,74.6,3,No,1,1,"SQL, ANSYS, MATLAB, Python, C",98.0,87.4,64.4,60.5,Not Placed,Not Placed,Not Placed,0.0
STU20240427,Female,2024,CSE,8.98,94.7,75.2,0,No,3,1,"SQL, C++, JavaScript, MongoDB, DSA",72.3,95.1,92.1,49.2,Placed,Accenture,Backend Developer,6.64
STU20240428,Female,2027,Mechanical,8.44,82.1,69.5,0,No,3,0,"SQL, MATLAB, Excel, CATIA, AutoCAD",75.2,88.5,72.8,73.8,Not Placed,Not Placed,Not Placed,0.0
STU20240429,Female,2025,CSE,7.77,85.3,75.5,1,Yes,3,1,"SQL, Node.js, Java, React, C++",94.7,84.9,90.9,90.6,Placed,Zoho,QA Engineer,7.22
STU20240430,Male,2026,Mechanical,7.19,65.8,76.6,2,No,3,1,"Excel, SolidWorks, C++, CATIA, C, ANSYS",72.2,81.3,60.0,76.3,Not Placed,Not Placed,Not Placed,0.0
STU20240431,Male,2024,Civil,8.98,70.2,65.8,0,No,3,0,"Python, Excel, AutoCAD, MATLAB, SQL, C",78.4,81.7,55.3,53.0,Not Placed,Not Placed,Not Placed,0.0
STU20240432,Male,2026,EEE,7.51,80.0,65.7,2,Yes,3,1,"Python, C, IoT, Java, MATLAB, Arduino",73.3,91.1,71.4,78.3,Placed,Schneider Electric,Graduate Engineer Trainee,6.18
STU20240433,Male,2025,EEE,6.5,87.2,68.9,2,Yes,2,0,"SQL, C, IoT",95.7,93.3,85.1,84.5,Not Placed,Not Placed,Not Placed,0.0
STU20240434,Male,2026,Mechanical,8.41,72.0,70.0,1,No,2,0,"SolidWorks, AutoCAD, C, CATIA, C++",98.0,71.9,65.4,83.5,Not Placed,Not Placed,Not Placed,0.0
STU20240435,Female,2025,CSE,8.12,79.3,77.2,0,Yes,4,3,"JavaScript, Node.js, Python, DSA, Java, SQL",90.5,90.9,80.0,80.6,Placed,Capgemini,Backend Developer,6.97
STU20240436,Male,2027,CSE,9.28,72.6,81.3,1,Yes,3,1,"MongoDB, Git, React, SQL, Python",91.3,84.4,68.4,76.3,Placed,Wipro,Data Analyst,7.63
STU20240437,Female,2025,CSE,8.21,73.5,76.3,0,Yes,3,1,"Git, React, C++, Node.js",93.0,91.1,85.1,65.6,Placed,Wipro,Web Developer,7.02
STU20240438,Male,2027,ECE,7.73,78.7,79.7,0,Yes,4,0,,88.4,86.9,66.2,71.0,Not Placed,Not Placed,Not Placed,0.0
STU20240439,Female,2027,EEE,8.95,76.9,75.1,0,No,2,2,"C, IoT, Arduino",86.9,91.1,79.3,81.2,Placed,Schneider Electric,Graduate Engineer Trainee,6.16
STU20240440,Male,2025,ECE,6.44,65.0,72.1,0,Yes,1,1,"C, MATLAB, C++, Arduino",64.3,67.8,61.4,63.1,Placed,TCS,Software Developer,4.27
STU20240441,Male,2025,Mechanical,7.05,66.3,67.0,0,No,1,0,"Excel, MATLAB, AutoCAD, C, ANSYS",65.4,70.0,58.4,58.6,Not Placed,Not Placed,Not Placed,0.0
STU20240442,Female,2025,CSE,7.25,62.9,76.6,0,Yes,4,2,"Node.js, MongoDB, SQL",87.2,76.6,44.0,81.8,Placed,Cognizant,Software Developer,6.11
STU20240443,Female,2027,EEE,5.78,75.8,71.1,6,No,0,0,"IoT, AutoCAD, SQL, Arduino",65.6,49.7,46.2,73.8,Not Placed,Not Placed,Not Placed,0.0
STU20240444,Female,2026,CSE,8.74,84.0,70.2,1,No,2,0,"C++, MongoDB, Git",98.0,97.0,71.3,86.8,Placed,Infosys,Software Developer,6.95
STU20240445,Female,2026,CSE,7.53,81.0,74.2,3,No,2,1,"JavaScript, C++, Git, React, Node.js, SQL",74.5,87.3,76.0,80.1,Placed,Cognizant,QA Engineer,6.74
STU20240446,Male,2024,EEE,8.42,72.7,77.5,0,No,0,4,"Arduino, Java, Python",66.0,98.0,97.8,62.6,Placed,TCS,Graduate Engineer Trainee,4.08
STU20240447,Female,2027,Civil,7.83,84.6,78.1,0,No,1,0,"SQL, C, Revit, Python",59.1,75.2,64.6,87.8,Not Placed,Not Placed,Not Placed,0.0
STU20240448,Male,2024,ECE,8.27,83.6,79.6,0,Yes,4,3,"C++, Git, Java",77.1,96.3,64.8,76.9,Placed,Infosys,QA Engineer,6.94
STU20240449,Male,2024,CSE,7.61,77.1,70.5,0,Yes,2,0,,60.8,70.6,53.2,81.7,Placed,Cognizant,Data Analyst,7.99
STU20240450,Male,2025,ECE,7.1,74.7,79.5,0,No,2,0,"C++, Arduino, C",89.3,70.8,79.5,65.0,Placed,L&T Technology Services,Network Engineer,6.11
STU20240451,Male,2025,CSE,8.08,73.7,80.5,0,No,3,2,"Git, Java, Node.js, Python",77.8,98.0,79.7,75.4,Not Placed,Not Placed,Not Placed,0.0
STU20240452,Male,2027,Mechanical,8.33,80.2,72.4,3,Yes,3,2,"AutoCAD, ANSYS, MATLAB, CATIA, Python",74.9,84.4,79.1,67.0,Placed,Tata Motors,Mechanical Engineer,7.57
STU20240453,Female,2027,EEE,7.61,88.3,67.5,2,No,2,0,"MATLAB, Python, Arduino, Embedded C",83.8,88.5,74.9,43.8,Not Placed,Not Placed,Not Placed,0.0
STU20240454,Male,2024,CSE,7.4,84.5,70.4,1,No,2,2,"Git, SQL, MongoDB, Node.js, JavaScript",98.0,84.5,64.7,91.1,Placed,Infosys,Backend Developer,5.99
STU20240455,Female,2025,CSE,6.98,73.7,63.5,3,No,3,1,"JavaScript, SQL, React, DSA",72.3,65.5,85.6,58.9,Placed,Capgemini,Data Analyst,6.73
STU20240456,Male,2027,CSE,8.17,82.2,78.5,0,No,1,3,"Java, C++, Python, DSA, Node.js, SQL",64.7,85.0,62.6,62.6,Placed,Capgemini,Software Developer,5.95
STU20240457,Male,2026,Civil,7.03,67.9,82.3,1,No,1,0,"Excel, MATLAB, SQL, Primavera, Revit, GIS",67.9,78.4,62.0,61.9,Not Placed,Not Placed,Not Placed,0.0
STU20240458,Male,2024,IT,7.84,82.7,86.1,2,Yes,3,2,"Python, JavaScript, SQL, Git",59.4,92.8,58.1,95.2,Not Placed,Not Placed,Not Placed,0.0
STU20240459,Male,2025,Mechanical,7.35,70.6,67.2,2,No,3,0,"Excel, C, CATIA, SolidWorks, MATLAB, C++",85.4,61.4,67.7,75.2,Not Placed,Not Placed,Not Placed,0.0
STU20240460,Male,2026,ECE,7.37,81.3,80.4,1,No,2,1,,83.8,70.2,59.4,77.0,Not Placed,Not Placed,Not Placed,0.0
STU20240461,Female,2027,ECE,8.0,98.0,77.2,2,No,2,0,"C++, Git, Embedded C, Arduino, MATLAB, C",74.7,84.1,63.8,81.0,Not Placed,Not Placed,Not Placed,0.0
STU20240462,Male,2026,CSE,8.47,75.2,61.1,1,No,1,2,"JavaScript, C++, Git",66.4,76.4,58.3,78.5,Placed,TCS,Backend Developer,7.71
STU20240463,Male,2024,Civil,9.17,98.0,77.4,0,Yes,2,5,"Excel, Primavera, STAAD Pro, Python, SQL",98.0,98.0,64.2,76.1,Placed,JLL,Graduate Engineer Trainee,6.35
STU20240464,Female,2026,IT,8.54,82.8,75.0,0,Yes,3,0,"Git, MongoDB, Node.js, React, Python",70.4,84.6,53.2,75.7,Placed,Zoho,Data Analyst,7.84
STU20240465,Male,2025,ECE,9.1,75.5,88.0,0,No,2,1,"IoT, C, C++, Embedded C, Python, SQL",76.5,93.4,81.1,87.4,Placed,Bosch,Software Developer,7.71
STU20240466,Female,2027,EEE,6.95,69.8,67.7,1,No,1,3,"C, C++, Embedded C, MATLAB",72.7,93.2,56.6,54.9,Not Placed,Not Placed,Not Placed,0.0
STU20240467,Female,2025,ECE,6.39,90.5,76.2,2,No,1,2,"C++, C, Java",79.8,63.3,86.5,58.8,Not Placed,Not Placed,Not Placed,0.0
STU20240468,Male,2024,Civil,7.49,80.2,74.5,2,Yes,5,2,"Revit, MATLAB, AutoCAD, Excel",83.1,91.6,82.3,81.2,Placed,L&T,Design Engineer,4.99
STU20240469,Male,2025,CSE,8.73,75.9,68.5,0,No,2,0,"DSA, Java, C++, Git",84.1,86.0,75.8,73.4,Placed,TCS,QA Engineer,7.63
STU20240470,Male,2025,ECE,8.35,77.5,73.7,1,Yes,4,1,"Python, Git, IoT, C, Embedded C",94.1,89.4,80.8,69.2,Placed,Wipro,Embedded Engineer,7.09
STU20240471,Male,2025,IT,8.93,83.3,89.8,1,No,4,2,"Python, SQL, AWS, DSA, React",98.0,90.4,86.9,97.9,Placed,Capgemini,Support Engineer,8.22
STU20240472,Male,2026,IT,5.74,72.3,69.3,4,No,2,0,"Java, AWS, MongoDB, SQL, Node.js, React",61.7,71.3,56.5,55.2,Not Placed,Not Placed,Not Placed,0.0
STU20240473,Female,2027,CSE,9.07,83.1,85.8,0,No,2,1,"Git, JavaScript, C++, SQL, MongoDB",79.2,59.1,73.6,70.0,Placed,Deloitte,Software Developer,7.58
STU20240474,Male,2027,CSE,8.29,91.1,83.3,2,Yes,3,3,"JavaScript, Java, SQL, DSA, Node.js, Git",82.7,98.0,87.2,76.7,Placed,Zoho,Software Developer,6.33
STU20240475,Female,2025,CSE,6.69,66.8,69.9,3,No,1,3,"MongoDB, SQL, JavaScript, Java, DSA, Git",79.1,65.6,81.6,64.5,Placed,Deloitte,Data Analyst,5.61
STU20240476,Male,2024,IT,8.51,83.8,69.0,0,No,4,0,"MongoDB, JavaScript, SQL, Python",98.0,98.0,64.0,61.3,Placed,Wipro,QA Engineer,6.28
STU20240477,Male,2026,IT,8.04,77.6,68.6,2,Yes,3,1,"Python, React, SQL, Node.js, DSA, JavaScript",81.4,75.2,98.0,69.6,Placed,Deloitte,QA Engineer,7.25
STU20240478,Male,2025,ECE,8.07,74.7,87.0,1,Yes,3,3,"SQL, IoT, MATLAB, Python",89.5,78.9,54.7,92.4,Placed,Wipro,Embedded Engineer,6.66
STU20240479,Male,2024,ECE,8.6,87.0,79.3,0,No,4,3,"Java, MATLAB, Git",62.1,97.1,44.7,64.7,Placed,HCLTech,QA Engineer,7.03
STU20240480,Female,2027,IT,8.27,68.4,65.2,1,No,2,0,"React, JavaScript, Node.js, Git, Python, MongoDB",82.1,85.1,95.5,74.0,Placed,TCS,Support Engineer,5.7
STU20240481,Male,2027,IT,6.65,58.1,78.8,0,No,2,1,"Python, SQL, React",73.1,80.8,76.1,62.0,Not Placed,Not Placed,Not Placed,0.0
STU20240482,Male,2024,CSE,7.88,79.3,63.8,1,Yes,3,1,"Git, SQL, Java",94.1,87.5,73.9,81.8,Placed,TCS,Software Developer,8.32
STU20240483,Male,2027,ECE,6.38,73.0,66.4,1,No,2,0,"SQL, MATLAB, C",65.7,71.5,76.1,82.2,Not Placed,Not Placed,Not Placed,0.0
STU20240484,Male,2026,IT,8.45,69.7,78.4,0,No,2,0,"Java, React, MongoDB, Python",67.6,79.6,65.0,67.0,Placed,Capgemini,Support Engineer,6.45
STU20240485,Female,2025,CSE,9.19,69.0,97.5,0,No,4,2,"Git, Node.js, C++, Python, MongoDB",93.7,98.0,54.2,77.5,Placed,Tech Mahindra,Software Developer,9.38
STU20240486,Female,2026,IT,6.84,88.6,79.2,3,No,1,0,"MongoDB, React, JavaScript",53.0,66.8,61.5,67.7,Not Placed,Not Placed,Not Placed,0.0
STU20240487,Female,2024,IT,7.33,79.6,71.4,0,Yes,3,0,"SQL, React, Python, JavaScript, MongoDB",69.5,80.3,60.3,73.6,Placed,Cognizant,Support Engineer,5.34
STU20240488,Male,2024,CSE,7.25,76.3,74.8,0,Yes,2,0,"DSA, React, SQL, MongoDB, JavaScript",76.9,60.3,56.2,78.5,Placed,TCS,QA Engineer,5.95
STU20240489,Male,2027,ECE,7.36,91.8,81.3,3,Yes,4,0,"C, Git, Java, C++",53.0,83.3,61.6,76.8,Placed,Wipro,Embedded Engineer,6.82
STU20240490,Female,2026,ECE,8.1,85.4,86.8,1,No,3,1,"Java, C, Git, SQL, C++",79.9,86.0,64.7,71.9,Placed,TCS,Software Developer,5.39
STU20240491,Male,2025,EEE,7.27,88.6,72.9,0,No,2,0,"AutoCAD, IoT, C",95.3,76.9,62.9,51.3,Not Placed,Not Placed,Not Placed,0.0
STU20240492,Male,2025,ECE,8.3,70.5,75.9,1,No,2,3,"IoT, Embedded C, Git, C",62.2,98.0,78.2,54.2,Placed,TCS,Software Developer,6.78
STU20240493,Male,2027,ECE,8.66,71.1,72.6,0,Yes,4,1,"SQL, MATLAB, Git, Python",80.1,98.0,81.9,52.3,Placed,Bosch,Software Developer,6.51
STU20240494,Male,2025,IT,8.84,84.4,83.5,0,Yes,4,0,"MongoDB, Node.js, Git, AWS",96.3,97.3,79.3,56.2,Placed,HCLTech,QA Engineer,8.29
STU20240495,Female,2027,Mechanical,6.6,77.4,80.0,4,No,0,2,"SQL, Excel, C",77.8,83.9,33.4,74.5,Not Placed,Not Placed,Not Placed,0.0
STU20240496,Male,2027,ECE,8.93,89.1,65.5,1,No,2,3,"C, C++, Java, Embedded C, Arduino, IoT",85.3,92.7,62.5,64.8,Placed,Tech Mahindra,Software Developer,4.89
STU20240497,Female,2025,IT,9.15,69.5,76.9,1,No,3,2,"React, Java, AWS, JavaScript, SQL",86.0,95.3,63.6,61.4,Placed,TCS,Data Analyst,6.75
STU20240498,Male,2026,ECE,9.07,85.6,71.0,0,Yes,4,0,"IoT, Arduino, C, Embedded C, Git",98.0,93.7,91.8,94.6,Placed,Tech Mahindra,Software Developer,6.36
STU20240499,Male,2026,IT,7.77,84.3,77.0,1,No,3,2,"Node.js, React, Python, Git, DSA",83.9,91.4,60.1,83.4,Placed,HCLTech,Data Analyst,6.41
STU20240500,Male,2027,ECE,7.11,82.3,65.5,3,No,3,0,"Java, SQL, C, Python",65.4,78.8,43.8,49.9,Not Placed,Not Placed,Not Placed,0.0
STU20240501,Male,2025,EEE,6.81,72.2,64.1,1,No,2,3,"MATLAB, IoT, C, AutoCAD",75.5,86.5,76.2,58.6,Not Placed,Not Placed,Not Placed,0.0
STU20240502,Male,2024,Mechanical,6.61,78.2,80.7,3,Yes,0,2,"Python, Excel, C, SolidWorks",66.4,75.7,67.6,61.6,Not Placed,Not Placed,Not Placed,0.0
STU20240503,Male,2024,Civil,7.51,71.3,74.1,1,No,2,1,"AutoCAD, Primavera, GIS, Python, SQL, STAAD Pro",72.3,84.8,98.0,69.7,Not Placed,Not Placed,Not Placed,0.0
STU20240504,Male,2026,ECE,8.47,77.1,77.4,0,No,4,1,"C, Python, MATLAB, Embedded C, SQL, IoT",67.2,97.5,55.9,53.5,Placed,Infosys,Embedded Engineer,5.43
STU20240505,Female,2027,ECE,8.86,72.8,81.9,0,No,3,0,"C++, Python, Arduino, Git",86.7,80.2,72.6,60.8,Placed,L&T Technology Services,Network Engineer,6.28
STU20240506,Male,2026,Mechanical,7.14,70.5,81.1,3,Yes,2,1,"ANSYS, SolidWorks, C++, MATLAB",82.7,80.0,55.1,78.0,Not Placed,Not Placed,Not Placed,0.0
STU20240507,Male,2026,IT,7.87,76.0,73.3,2,No,2,1,"JavaScript, AWS, SQL, Java",88.4,83.1,58.0,67.4,Placed,Zoho,QA Engineer,7.74
STU20240508,Male,2024,Mechanical,7.46,73.2,72.4,2,No,3,1,"AutoCAD, C, MATLAB",79.9,71.6,59.1,53.3,Placed,Mahindra,Mechanical Engineer,2.5
STU20240509,Female,2024,ECE,7.21,70.7,71.7,1,No,1,0,"Embedded C, C++, MATLAB, SQL",74.0,89.5,54.6,70.2,Placed,L&T Technology Services,Software Developer,3.39
STU20240510,Male,2027,CSE,8.63,70.5,85.9,0,Yes,4,2,"MongoDB, React, Git",81.4,82.9,76.9,74.6,Placed,Cognizant,Backend Developer,7.08
STU20240511,Male,2026,CSE,8.31,92.5,77.0,0,No,3,0,"Python, C++, JavaScript, DSA, Node.js, Java",95.7,98.0,74.1,71.6,Placed,Capgemini,Software Developer,6.64
STU20240512,Male,2027,Mechanical,7.67,73.7,73.7,0,No,2,1,"C++, C, AutoCAD",64.1,67.9,70.3,52.1,Not Placed,Not Placed,Not Placed,0.0
STU20240513,Male,2024,CSE,8.3,81.1,80.1,1,Yes,3,2,"Python, C++, JavaScript, SQL, Git",77.7,73.0,89.7,84.8,Placed,Cognizant,Web Developer,5.7
STU20240514,Male,2025,IT,8.42,66.7,90.6,2,No,3,0,"Git, JavaScript, SQL",74.9,81.2,80.9,63.0,Placed,Zoho,Full Stack Developer,5.71
STU20240515,Male,2027,IT,8.41,88.5,78.2,0,Yes,4,1,"DSA, AWS, Node.js, SQL, Python, Java",85.7,92.0,84.5,59.2,Placed,Cognizant,QA Engineer,9.29
STU20240516,Female,2024,CSE,7.29,,72.8,0,Yes,3,2,"DSA, MongoDB, Python, C++",94.7,86.9,71.3,73.8,Placed,Wipro,Web Developer,6.54
STU20240517,Male,2024,IT,8.66,76.5,92.0,0,No,4,2,,74.0,98.0,78.7,77.0,Placed,Cognizant,Full Stack Developer,5.67
STU20240518,Male,2026,EEE,7.87,,85.6,0,Yes,2,2,"Java, Python, SQL, IoT, C",82.7,76.7,83.5,80.2,Placed,HCLTech,Graduate Engineer Trainee,5.18
STU20240519,Male,2026,CSE,7.63,83.2,83.9,1,Yes,2,3,"DSA, JavaScript, React, MongoDB, Java, Node.js",81.8,94.4,55.7,88.4,Placed,Infosys,Web Developer,4.61
STU20240520,Male,2027,Mechanical,7.75,56.7,72.4,1,No,2,1,"ANSYS, AutoCAD, SolidWorks, MATLAB, Python, Excel",67.2,65.2,62.5,61.4,Not Placed,Not Placed,Not Placed,0.0
STU20240521,Male,2027,Mechanical,7.84,71.8,72.0,0,No,3,1,"Excel, MATLAB, ANSYS, C, Python, C++",79.4,74.0,72.3,49.6,Not Placed,Not Placed,Not Placed,0.0
STU20240522,Male,2026,IT,8.82,79.2,66.0,2,No,3,2,"Java, Python, JavaScript",75.8,88.0,75.8,65.1,Placed,Capgemini,Data Analyst,7.81
STU20240523,Male,2024,CSE,7.11,74.9,81.0,2,Yes,2,4,"Java, JavaScript, Git, React, SQL, C++",76.8,73.5,50.0,39.1,Placed,Deloitte,Software Developer,4.64
STU20240524,Male,2026,ECE,8.88,97.7,79.5,1,No,3,2,"Java, Arduino, SQL, Embedded C",85.5,96.4,85.4,59.0,Placed,HCLTech,QA Engineer,6.07
STU20240525,Male,2027,CSE,8.02,75.7,64.0,1,Yes,2,4,"C++, Git, Python, Java",98.0,82.6,90.8,69.0,Placed,Wipro,Data Analyst,5.6
STU20240526,Female,2025,IT,7.47,83.6,83.6,3,Yes,3,4,"DSA, SQL, MongoDB, Python",70.7,97.9,87.6,67.1,Placed,Cognizant,QA Engineer,7.53
STU20240527,Male,2027,Civil,7.04,88.3,71.6,3,Yes,2,0,"GIS, Revit, Primavera, MATLAB",73.1,84.9,59.1,79.1,Placed,Shapoorji Pallonji,Graduate Engineer Trainee,5.63
STU20240528,Male,2026,Civil,6.65,79.3,71.5,2,No,1,2,"AutoCAD, Revit, C, Excel, STAAD Pro, SQL",66.3,70.0,77.6,68.7,Not Placed,Not Placed,Not Placed,0.0
STU20240529,Female,2024,EEE,6.17,68.7,61.1,1,No,1,1,"IoT, Java, Python, Embedded C, SQL, C",84.6,68.8,59.4,74.4,Not Placed,Not Placed,Not Placed,0.0
STU20240530,Female,2026,IT,8.48,70.2,81.3,1,Yes,3,2,"Java, JavaScript, Git, Node.js, React, DSA",79.0,88.0,74.8,76.4,Placed,TCS,Full Stack Developer,6.95
STU20240531,Male,2026,EEE,9.33,86.5,83.7,0,No,3,5,"C, Embedded C, IoT, C++, Python, SQL",78.5,98.0,91.6,51.2,Placed,Schneider Electric,Software Developer,6.68
STU20240532,Female,2024,EEE,6.28,85.2,71.6,0,No,0,0,"Java, MATLAB, C++, AutoCAD, Arduino",57.1,60.0,82.5,76.2,Not Placed,Not Placed,Not Placed,0.0
STU20240533,Male,2025,IT,7.09,79.5,71.2,1,Yes,3,3,"JavaScript, DSA, AWS, React, Python, Java",68.4,60.2,62.6,66.5,Placed,Capgemini,Support Engineer,6.94
STU20240534,Male,2026,ECE,8.39,87.6,96.0,1,No,4,0,"Embedded C, IoT, MATLAB, C",80.0,81.7,66.8,71.6,Placed,Bosch,Software Developer,6.51
STU20240535,Female,2024,CSE,7.96,96.0,68.1,1,No,3,0,"JavaScript, C++, Java, DSA, MongoDB, Node.js",72.0,73.1,91.3,74.5,Placed,Deloitte,Data Analyst,7.21
STU20240536,Female,2025,CSE,8.71,85.6,73.5,1,Yes,3,2,"Python, React, SQL, MongoDB, Node.js, Java",86.2,74.7,73.5,63.5,Placed,Capgemini,Data Analyst,5.25
STU20240537,Male,2026,ECE,7.66,69.4,80.6,1,No,2,0,"Python, C++, IoT, SQL",62.7,78.9,31.6,60.7,Placed,L&T Technology Services,Embedded Engineer,4.83
STU20240538,Male,2027,CSE,7.51,77.1,68.2,1,No,2,0,"DSA, SQL, Python",84.5,66.8,75.8,69.4,Placed,Accenture,Backend Developer,7.17
STU20240539,Male,2026,CSE,7.81,87.1,68.5,1,Yes,3,1,"C++, DSA, React, Git, SQL",82.0,86.9,60.8,67.2,Placed,Wipro,Data Analyst,7.25
STU20240540,Male,2027,Mechanical,5.53,70.1,77.9,3,No,1,2,"AutoCAD, C++, CATIA, SolidWorks",84.6,59.1,58.4,89.6,Not Placed,Not Placed,Not Placed,0.0
STU20240541,Female,2027,Civil,6.53,84.9,76.9,3,No,2,0,"STAAD Pro, SQL, AutoCAD, Excel, Revit, MATLAB",78.3,98.0,73.8,69.1,Not Placed,Not Placed,Not Placed,0.0
STU20240542,Male,2025,ECE,8.56,78.9,81.5,1,Yes,3,1,"Git, Python, Embedded C",89.7,97.9,50.2,59.1,Placed,Bosch,QA Engineer,5.57
STU20240543,Male,2024,Mechanical,8.56,81.7,79.4,1,No,1,1,"Python, C, C++, SQL, SolidWorks",98.0,77.0,84.2,94.0,Placed,Tata Motors,Graduate Engineer Trainee,4.04
STU20240544,Male,2027,Civil,8.7,77.3,73.6,1,Yes,4,3,"AutoCAD, C, MATLAB, GIS",93.7,85.8,55.1,77.2,Not Placed,Not Placed,Not Placed,0.0
STU20240545,Male,2025,CSE,8.37,80.0,75.8,0,No,3,2,"MongoDB, DSA, React",81.8,86.4,63.8,68.6,Placed,Cognizant,Data Analyst,7.03
STU20240546,Male,2027,IT,5.98,74.4,70.6,2,No,1,1,"React, SQL, MongoDB, AWS, DSA",57.0,78.8,68.1,87.2,Not Placed,Not Placed,Not Placed,0.0
STU20240547,Female,2026,IT,7.36,65.1,80.8,1,Yes,1,0,"Java, SQL, React, Node.js, JavaScript, Python",91.7,71.8,53.4,76.7,Placed,Deloitte,QA Engineer,5.62
STU20240548,Male,2025,CSE,9.13,77.7,82.6,0,No,2,2,"C++, Node.js, DSA, Java, SQL",73.5,79.0,60.6,68.0,Placed,Zoho,Software Developer,8.54
STU20240549,Male,2026,EEE,9.03,71.9,72.9,0,Yes,3,2,"Python, MATLAB, Arduino, AutoCAD",74.0,77.1,80.5,53.8,Placed,Wipro,Electrical Engineer,6.18
STU20240550,Male,2026,IT,9.06,77.8,85.0,0,No,2,0,"Git, Node.js, SQL, Java, MongoDB",71.7,86.1,83.1,41.5,Placed,Capgemini,Support Engineer,6.45
STU20240551,Male,2027,IT,7.7,71.7,64.0,3,Yes,2,0,"DSA, AWS, React, Git, Python, MongoDB",69.5,72.3,68.5,87.6,Placed,Deloitte,Data Analyst,5.8
STU20240552,Male,2024,CSE,6.89,82.3,71.4,1,Yes,1,2,"DSA, Git, React, C++, JavaScript",72.5,80.8,75.6,76.6,Placed,Deloitte,QA Engineer,5.09
STU20240553,Male,2027,CSE,7.97,85.1,68.5,1,No,4,3,"DSA, Git, React, Node.js, Java, C++",81.7,68.6,98.0,66.6,Placed,Cognizant,Data Analyst,6.86
STU20240554,Male,2024,Civil,7.51,80.7,69.3,0,No,3,1,"Excel, SQL, Primavera, AutoCAD, C, GIS",86.4,86.8,50.7,67.3,Placed,Shapoorji Pallonji,Graduate Engineer Trainee,3.58
STU20240555,Male,2027,CSE,9.33,72.5,93.7,0,Yes,4,5,"Git, Python, Java",78.6,97.4,48.2,76.7,Placed,Accenture,Data Analyst,8.98
STU20240556,Female,2027,CSE,8.19,77.8,66.8,1,Yes,3,4,"Git, React, Java, C++",73.0,73.9,87.4,80.6,Placed,Zoho,Web Developer,8.18
STU20240557,Male,2025,IT,7.91,68.3,70.6,1,No,4,1,"MongoDB, Git, Java, JavaScript, SQL, AWS",86.4,89.2,56.3,59.7,Placed,Accenture,Support Engineer,7.32
STU20240558,Male,2024,ECE,7.81,76.5,79.7,5,Yes,4,0,,72.5,88.0,76.0,75.3,Placed,Infosys,Network Engineer,7.19
STU20240559,Male,2027,ECE,8.09,82.8,73.6,1,No,2,1,"Java, Arduino, IoT, Embedded C, MATLAB, Git",64.1,75.4,80.3,75.3,Placed,Wipro,Embedded Engineer,7.7
STU20240560,Male,2027,ECE,8.28,85.6,78.4,0,Yes,3,1,"Embedded C, Python, MATLAB, C, Arduino",65.5,92.4,72.7,67.0,Placed,TCS,Embedded Engineer,6.37
STU20240561,Female,2025,CSE,7.38,79.8,84.9,1,Yes,2,2,"Git, Node.js, Java",76.3,68.2,73.1,46.3,Placed,Wipro,Software Developer,7.69
STU20240562,Male,2026,CSE,7.1,84.6,78.8,2,Yes,2,0,"SQL, Git, C++, Python",74.7,53.6,90.6,63.8,Placed,Wipro,Data Analyst,6.7
STU20240563,Male,2027,Mechanical,8.71,81.6,75.2,2,Yes,3,3,"Excel, C++, SQL",84.7,90.4,66.9,57.4,Placed,Mahindra,Production Engineer,5.53
STU20240564,Male,2024,ECE,6.36,72.3,71.2,0,No,1,1,"IoT, C, MATLAB, Arduino",83.9,64.4,82.0,83.2,Placed,Tech Mahindra,QA Engineer,5.63
STU20240565,Female,2026,ECE,9.14,87.0,83.4,1,No,3,2,"Git, C, SQL, Python",91.8,79.7,59.5,57.5,Placed,Tech Mahindra,Embedded Engineer,6.57
STU20240566,Male,2025,EEE,6.03,79.4,75.7,1,Yes,2,1,,70.2,78.9,68.7,61.0,Placed,L&T Technology Services,Software Developer,4.4
STU20240567,Male,2024,EEE,7.15,72.2,74.5,0,Yes,4,3,"MATLAB, Python, SQL, AutoCAD, C++",96.9,87.9,74.9,65.2,Placed,Siemens,Embedded Engineer,6.1
STU20240568,Male,2027,CSE,8.83,82.7,81.4,0,Yes,2,1,"Python, DSA, JavaScript",95.9,98.0,74.3,83.0,Placed,Deloitte,Software Developer,7.38
STU20240569,Male,2025,IT,7.9,75.7,78.9,3,No,3,1,"React, DSA, SQL",73.2,88.2,84.2,79.5,Placed,Deloitte,Software Developer,7.83
STU20240570,Female,2027,ECE,6.63,60.5,72.3,2,No,1,0,"Arduino, SQL, IoT, MATLAB, Git",80.7,78.2,67.1,59.3,Not Placed,Not Placed,Not Placed,0.0
STU20240571,Male,2026,IT,8.26,81.7,73.1,2,Yes,3,2,"Git, Node.js, Python, JavaScript, MongoDB",98.0,79.1,77.4,67.6,Placed,Deloitte,Full Stack Developer,7.11
STU20240572,Male,2026,Mechanical,7.61,68.0,80.7,1,No,3,1,"Excel, CATIA, AutoCAD",98.0,61.1,61.3,66.9,Not Placed,Not Placed,Not Placed,0.0
STU20240573,Male,2025,ECE,7.57,79.2,77.5,4,No,3,4,"IoT, Embedded C, Java, Arduino",92.1,98.0,57.3,85.7,Not Placed,Not Placed,Not Placed,0.0
STU20240574,Female,2025,EEE,7.12,65.1,59.7,2,No,1,4,"Java, Arduino, AutoCAD, MATLAB, Embedded C",77.8,88.0,55.2,44.4,Not Placed,Not Placed,Not Placed,0.0
STU20240575,Male,2027,Mechanical,7.52,71.8,,1,No,2,5,"SolidWorks, C++, SQL, CATIA, ANSYS",81.1,98.0,62.1,52.0,Placed,Maruti Suzuki,Production Engineer,3.71
STU20240576,Male,2026,ECE,7.26,73.1,71.2,3,No,3,2,"Python, Embedded C, C, Arduino, IoT, C++",96.3,71.0,52.4,98.0,Not Placed,Not Placed,Not Placed,0.0
STU20240577,Female,2027,Civil,9.57,90.3,79.4,0,Yes,3,2,"Excel, C, Primavera, GIS, AutoCAD, Python",74.3,98.0,98.0,87.1,Placed,Shapoorji Pallonji,Civil Engineer,7.56
STU20240578,Male,2025,ECE,7.55,73.1,83.8,0,No,3,1,"Embedded C, MATLAB, IoT, Python",95.5,85.1,66.2,51.1,Placed,L&T Technology Services,QA Engineer,6.11
STU20240579,Female,2025,Mechanical,7.23,68.6,96.9,2,Yes,3,0,"AutoCAD, C, SQL, CATIA, SolidWorks, MATLAB",80.2,89.3,68.8,98.0,Placed,Jindal Steel,Design Engineer,5.03
STU20240580,Female,2024,IT,7.44,79.2,57.9,2,Yes,2,2,"Node.js, AWS, MongoDB",66.1,88.0,54.8,80.7,Placed,Capgemini,Software Developer,7.44
STU20240581,Female,2027,ECE,9.26,79.6,82.1,0,No,5,0,"Git, MATLAB, IoT, C, Embedded C, Arduino",79.6,89.5,98.0,70.4,Placed,Wipro,Embedded Engineer,8.09
STU20240582,Male,2025,ECE,6.36,79.4,72.7,2,No,3,0,"Python, Embedded C, C, MATLAB",53.8,77.1,62.1,86.7,Not Placed,Not Placed,Not Placed,0.0
STU20240583,Male,2026,CSE,8.31,71.7,76.2,0,No,3,0,"DSA, Git, React",90.8,80.5,65.6,58.5,Placed,Tech Mahindra,Software Developer,5.58
STU20240584,Female,2025,IT,7.7,78.7,79.6,1,No,3,0,"React, DSA, Python, AWS",98.0,89.4,64.3,63.2,Placed,Accenture,QA Engineer,5.36
STU20240585,Female,2025,Civil,6.29,91.0,73.0,3,Yes,0,1,"C, GIS, AutoCAD, Revit",60.5,63.5,62.4,73.9,Not Placed,Not Placed,Not Placed,0.0
STU20240586,Female,2026,ECE,7.05,74.0,71.5,3,No,1,2,"SQL, Java, C++, Git",62.5,71.7,64.3,75.1,Not Placed,Not Placed,Not Placed,0.0
STU20240587,Male,2026,CSE,8.27,80.0,77.5,0,No,2,2,"Java, DSA, Node.js, Python, Git, React",95.9,84.7,55.6,73.1,Placed,Deloitte,Web Developer,6.55
STU20240588,Male,2027,IT,7.17,64.3,78.3,1,Yes,2,1,"React, Java, SQL, Python",77.2,85.0,79.9,75.5,Placed,Deloitte,Full Stack Developer,6.8
STU20240589,Male,2024,CSE,8.22,72.6,80.4,2,Yes,3,1,"React, JavaScript, Git, Python",98.0,86.1,58.4,68.2,Placed,Accenture,QA Engineer,6.62
STU20240590,Male,2026,CSE,9.47,84.9,81.9,0,No,0,2,"DSA, C++, MongoDB, Python, SQL, Git",70.6,86.1,88.4,73.2,Placed,Infosys,QA Engineer,6.91
STU20240591,Male,2024,Civil,7.65,74.8,71.6,1,Yes,3,2,"Python, Revit, SQL, MATLAB, Excel",88.6,95.3,53.3,76.2,Placed,Adani,Site Engineer,5.98
STU20240592,Female,2027,IT,6.66,79.0,92.7,2,No,1,0,"Git, Python, AWS, Java, JavaScript, Node.js",92.6,78.7,68.9,68.9,Not Placed,Not Placed,Not Placed,0.0
STU20240593,Male,2026,IT,7.18,78.9,76.9,0,Yes,2,1,"JavaScript, Git, Java, SQL",63.3,74.3,55.4,69.8,Placed,HCLTech,QA Engineer,7.04
STU20240594,Male,2025,ECE,7.51,67.5,80.6,0,No,4,1,"Python, SQL, C++",78.7,73.1,60.6,62.8,Placed,Bosch,Network Engineer,6.37
STU20240595,Male,2027,CSE,7.7,84.4,72.2,2,No,2,0,"DSA, SQL, Java, Node.js, MongoDB, React",74.2,77.7,77.1,51.4,Not Placed,Not Placed,Not Placed,0.0
STU20240596,Male,2025,CSE,8.13,69.6,78.3,1,No,1,2,"JavaScript, SQL, Java",87.1,77.9,87.9,86.1,Placed,Tech Mahindra,QA Engineer,6.87
STU20240597,Female,2025,EEE,7.92,72.4,77.7,0,Yes,3,3,"C, Arduino, Embedded C, C++, SQL",97.2,80.4,95.4,82.0,Placed,Wipro,Embedded Engineer,4.77
STU20240598,Male,2025,ECE,9.22,82.7,66.5,0,Yes,4,4,"Python, C, MATLAB, Git",82.9,98.0,81.7,85.1,Placed,TCS,Embedded Engineer,8.63
STU20240599,Male,2024,Civil,7.5,87.7,70.2,1,No,2,3,"SQL, C, Python",98.0,95.8,69.9,55.1,Not Placed,Not Placed,Not Placed,0.0
STU20240600,Male,2027,ECE,6.77,67.9,68.1,2,No,4,0,"Embedded C, SQL, C",79.5,77.3,54.6,63.0,Placed,Bosch,QA Engineer,4.4
STU20240601,Male,2026,IT,8.88,81.2,74.8,2,No,3,2,"JavaScript, SQL, Java, Node.js, React, AWS",80.1,90.8,52.3,68.2,Placed,Zoho,Support Engineer,7.18
STU20240602,Male,2027,EEE,8.72,80.9,71.1,1,No,4,1,"Java, IoT, MATLAB, Embedded C",98.0,82.2,82.9,73.3,Placed,Wipro,Software Developer,6.95
STU20240603,Female,2027,Civil,7.7,81.9,76.1,1,No,2,1,"Revit, Excel, GIS",80.2,70.9,67.5,59.8,Not Placed,Not Placed,Not Placed,0.0
STU20240604,Female,2027,EEE,7.44,84.9,84.9,0,Yes,4,4,,77.7,97.2,69.9,93.8,Placed,TCS,Software Developer,5.07
STU20240605,Male,2025,Civil,8.03,75.2,77.6,1,Yes,2,1,"Python, Primavera, GIS, Revit",73.6,70.4,66.9,83.6,Not Placed,Not Placed,Not Placed,0.0
STU20240606,Male,2024,Mechanical,7.37,83.5,66.6,1,No,1,1,"C++, MATLAB, ANSYS",98.0,72.2,60.1,71.2,Placed,Jindal Steel,Graduate Engineer Trainee,3.35
STU20240607,Male,2025,Mechanical,5.8,81.8,63.4,2,No,2,1,"Python, C, SolidWorks, MATLAB, SQL, CATIA",57.1,65.5,72.0,72.6,Not Placed,Not Placed,Not Placed,0.0
STU20240608,Male,2027,CSE,8.48,91.7,75.3,0,Yes,3,2,"Git, React, Java, Node.js, JavaScript",98.0,93.1,96.1,70.3,Placed,Accenture,QA Engineer,7.42
STU20240609,Male,2027,EEE,8.41,82.5,67.8,0,No,3,3,"Arduino, Python, C++, Java, SQL",74.8,88.6,58.0,60.8,Placed,Wipro,Embedded Engineer,6.72
STU20240610,Female,2027,IT,9.12,81.9,81.8,1,No,2,3,"Python, React, MongoDB",78.1,86.9,52.1,40.1,Placed,Zoho,Data Analyst,6.74
STU20240611,Male,2024,ECE,7.13,72.5,83.7,0,No,2,2,"Arduino, SQL, C++, Python",74.7,94.2,65.5,79.5,Placed,TCS,Network Engineer,4.58
STU20240612,Female,2024,ECE,7.94,67.6,72.4,1,No,1,0,"Arduino, MATLAB, C, Embedded C",82.8,95.5,62.4,69.7,Not Placed,Not Placed,Not Placed,0.0
STU20240613,Male,2027,Civil,7.71,75.3,76.3,0,No,2,1,"Revit, Python, C, MATLAB, Primavera, GIS",58.8,85.4,86.2,83.2,Not Placed,Not Placed,Not Placed,0.0
STU20240614,Male,2024,Civil,7.57,77.7,72.4,2,No,1,2,"Python, SQL, GIS",68.8,82.8,76.9,76.0,Not Placed,Not Placed,Not Placed,0.0
STU20240615,Male,2026,IT,8.0,77.2,72.2,1,Yes,3,5,"JavaScript, React, MongoDB, Python, Git, DSA",94.8,87.5,96.6,72.7,Placed,Zoho,QA Engineer,7.14
STU20240616,Male,2025,EEE,7.68,81.4,77.1,0,No,2,2,"Embedded C, Python, Arduino",90.7,83.2,84.7,70.1,Placed,TCS,Embedded Engineer,5.21
STU20240617,Male,2025,EEE,7.83,67.4,71.5,1,No,1,2,"Arduino, IoT, MATLAB",73.2,70.6,72.7,60.2,Not Placed,Not Placed,Not Placed,0.0
STU20240618,Female,2026,IT,8.53,78.1,72.4,0,No,2,2,"Git, SQL, React",68.5,97.5,76.0,54.7,Not Placed,Not Placed,Not Placed,0.0
STU20240619,Male,2027,CSE,9.04,94.6,68.1,0,Yes,4,0,"React, Java, Python, C++, DSA",92.8,87.9,81.2,61.1,Placed,Tech Mahindra,QA Engineer,8.68
STU20240620,Male,2027,CSE,7.36,83.4,75.3,0,Yes,3,0,"DSA, C++, Java, MongoDB",89.3,72.4,57.6,61.5,Placed,Cognizant,Software Developer,6.25
STU20240621,Male,2026,EEE,7.5,81.1,82.7,2,No,1,1,"C++, IoT, C, Java",77.2,75.7,75.7,66.7,Placed,Siemens,Embedded Engineer,5.07
STU20240622,Male,2025,ECE,7.39,79.2,79.9,1,Yes,3,2,"Git, MATLAB, Arduino, C++, C",96.3,90.5,87.4,82.4,Placed,Bosch,Embedded Engineer,5.44
STU20240623,Male,2027,Civil,7.02,73.0,84.4,0,No,3,0,"SQL, GIS, MATLAB, AutoCAD",74.4,75.0,59.9,77.2,Not Placed,Not Placed,Not Placed,0.0
STU20240624,Male,2026,IT,6.53,62.0,67.9,0,No,2,1,"React, Git, AWS, Python, Java, JavaScript",56.8,67.8,63.0,50.8,Not Placed,Not Placed,Not Placed,0.0
STU20240625,Male,2026,Civil,7.52,80.0,81.3,1,No,0,1,"SQL, STAAD Pro, Primavera",65.5,56.7,78.6,79.3,Placed,Adani,Site Engineer,3.95
STU20240626,Male,2026,IT,8.31,61.6,69.7,1,Yes,3,0,"Git, SQL, Python",84.1,83.3,92.7,74.7,Placed,Deloitte,Data Analyst,6.48
STU20240627,Female,2025,Mechanical,7.42,74.3,80.0,1,Yes,2,1,"C, CATIA, C++, SolidWorks",68.7,83.9,60.0,81.4,Placed,Jindal Steel,Design Engineer,3.55
STU20240628,Female,2024,CSE,7.99,77.9,88.1,1,No,0,1,"JavaScript, Node.js, MongoDB",68.7,75.0,75.1,75.2,Placed,Tech Mahindra,Software Developer,5.94
STU20240629,Male,2027,ECE,8.11,75.1,80.4,0,Yes,2,1,"Java, SQL, Embedded C, MATLAB, Git",92.1,75.6,72.0,52.9,Placed,HCLTech,Software Developer,5.66
STU20240630,Male,2026,Mechanical,8.75,95.1,90.3,1,No,3,0,"Excel, SolidWorks, ANSYS, CATIA, Python",76.5,75.0,71.4,71.4,Placed,Bosch,Production Engineer,5.45
STU20240631,Male,2024,Civil,7.14,88.6,70.1,1,Yes,2,4,"Excel, AutoCAD, MATLAB, Primavera, GIS",59.7,80.9,44.4,90.7,Not Placed,Not Placed,Not Placed,0.0
STU20240632,Male,2025,Mechanical,6.55,81.6,71.7,0,No,2,2,"Python, CATIA, MATLAB, SolidWorks, C",82.5,66.6,56.5,54.8,Not Placed,Not Placed,Not Placed,0.0
STU20240633,Male,2027,CSE,7.92,71.3,70.0,0,Yes,2,1,"Node.js, Git, MongoDB",87.3,71.4,55.7,61.9,Placed,Cognizant,Backend Developer,6.29
STU20240634,Male,2026,IT,9.5,95.2,80.9,0,Yes,5,4,"MongoDB, Python, DSA, JavaScript, Node.js, Java",82.6,96.2,76.3,49.1,Placed,Deloitte,Software Developer,5.94
STU20240635,Male,2026,CSE,7.01,79.9,75.8,2,No,1,0,"Python, React, Git, SQL, JavaScript, Java",81.0,93.4,62.2,63.6,Placed,Tech Mahindra,QA Engineer,4.75
STU20240636,Male,2024,CSE,8.55,72.8,78.3,0,No,2,1,"C++, JavaScript, Node.js, SQL",69.2,98.0,58.7,51.3,Placed,Zoho,Backend Developer,7.13
STU20240637,Male,2027,EEE,8.63,79.8,75.0,0,Yes,3,3,"Python, SQL, C, Embedded C",77.0,98.0,71.1,62.7,Placed,Siemens,Embedded Engineer,5.67
STU20240638,Female,2027,EEE,5.64,78.8,66.8,2,No,0,0,"AutoCAD, Arduino, IoT, C++, C, Java",49.9,72.6,86.8,72.0,Not Placed,Not Placed,Not Placed,0.0
STU20240639,Male,2026,EEE,8.0,73.8,79.0,1,No,1,2,"AutoCAD, Python, SQL, C, C++",72.0,64.1,63.4,78.8,Placed,TCS,Graduate Engineer Trainee,4.0
STU20240640,Male,2025,Mechanical,8.06,79.1,,1,No,3,2,"C++, Excel, C, ANSYS, AutoCAD, MATLAB",89.6,98.0,67.2,45.7,Not Placed,Not Placed,Not Placed,0.0
STU20240641,Male,2026,EEE,7.42,78.8,67.0,0,No,1,1,"IoT, C++, C, AutoCAD, SQL, MATLAB",77.8,82.5,66.7,63.5,Placed,TCS,Electrical Engineer,4.12
STU20240642,Female,2027,Mechanical,7.0,67.8,60.6,1,Yes,3,0,"Python, SQL, ANSYS, AutoCAD",67.7,66.5,58.5,70.2,Not Placed,Not Placed,Not Placed,0.0
STU20240643,Female,2027,CSE,7.5,74.9,71.1,3,Yes,3,1,"C++, Python, Node.js, Git",82.3,98.0,49.5,71.4,Placed,Zoho,Web Developer,7.2
STU20240644,Male,2027,CSE,7.72,70.1,66.2,0,Yes,2,1,"DSA, MongoDB, JavaScript",83.2,80.6,94.4,82.6,Placed,Capgemini,Web Developer,6.3
STU20240645,Male,2026,ECE,7.49,82.8,69.4,2,No,1,3,"C, Git, Python, SQL, C++",86.4,91.3,46.2,78.6,Not Placed,Not Placed,Not Placed,0.0
STU20240646,Male,2025,Mechanical,7.13,69.5,71.3,0,Yes,2,3,"CATIA, C++, SQL",80.0,79.5,46.2,83.6,Not Placed,Not Placed,Not Placed,0.0
STU20240647,Male,2026,CSE,7.71,79.3,74.8,1,Yes,1,2,"SQL, Git, Node.js, MongoDB, C++, React",84.9,87.7,80.6,75.9,Placed,Deloitte,QA Engineer,5.5
STU20240648,Male,2027,ECE,8.76,70.2,74.0,0,Yes,3,2,"IoT, Python, C, C++, Embedded C",87.1,97.2,48.4,70.0,Placed,Bosch,Network Engineer,6.74
STU20240649,Male,2025,EEE,6.62,66.6,88.2,2,No,2,0,"Java, C, Arduino, IoT, Python, C++",63.3,82.7,76.5,62.9,Not Placed,Not Placed,Not Placed,0.0
STU20240650,Male,2025,CSE,6.51,66.0,63.7,1,No,2,2,"Node.js, JavaScript, Python, MongoDB, React",74.5,90.4,77.2,76.2,Placed,Capgemini,Web Developer,6.39
STU20240651,Female,2026,IT,8.93,78.3,87.6,0,No,3,1,"SQL, React, MongoDB, Git, AWS",98.0,90.7,65.3,58.9,Placed,HCLTech,Data Analyst,7.2
STU20240652,Male,2025,Mechanical,7.39,77.7,73.8,1,No,1,0,"MATLAB, SQL, Excel, ANSYS",89.7,78.5,70.1,59.0,Placed,L&T,Graduate Engineer Trainee,4.46
STU20240653,Male,2027,EEE,7.32,78.9,70.2,1,No,1,0,"IoT, SQL, AutoCAD, C++, C",43.1,75.6,68.6,75.0,Not Placed,Not Placed,Not Placed,0.0
STU20240654,Male,2024,CSE,7.91,65.4,80.5,2,No,2,1,"JavaScript, Java, Git",87.1,72.1,61.2,78.0,Placed,Accenture,Backend Developer,5.99
STU20240655,Male,2025,Mechanical,7.73,76.1,72.7,1,No,3,1,"MATLAB, CATIA, ANSYS, C++, C",75.2,74.1,62.9,69.0,Not Placed,Not Placed,Not Placed,0.0
STU20240656,Male,2025,IT,7.45,71.4,69.5,2,No,2,0,"DSA, React, Git",82.1,75.2,67.8,76.6,Not Placed,Not Placed,Not Placed,0.0
STU20240657,Female,2026,Mechanical,7.98,81.7,89.1,1,No,2,1,"ANSYS, AutoCAD, Python, C, MATLAB",63.5,95.5,65.8,65.8,Placed,Mahindra,Production Engineer,5.13
STU20240658,Female,2026,IT,7.08,73.8,58.8,0,Yes,3,2,"JavaScript, Java, AWS, Node.js, MongoDB, React",72.7,86.6,75.8,71.2,Placed,Wipro,QA Engineer,6.18
STU20240659,Male,2025,ECE,7.49,76.2,73.5,1,No,2,0,"MATLAB, Git, Embedded C, C, Java, C++",58.2,77.5,68.0,73.4,Placed,Infosys,Embedded Engineer,5.42
STU20240660,Female,2025,IT,6.02,67.8,72.6,0,No,0,0,"Java, Python, JavaScript, SQL, React",59.9,65.5,69.9,59.6,Not Placed,Not Placed,Not Placed,0.0
STU20240661,Male,2024,CSE,9.0,92.6,,0,No,2,0,"Node.js, Java, Python",92.3,74.3,71.0,77.6,Placed,Tech Mahindra,QA Engineer,7.67
STU20240662,Male,2026,Mechanical,7.4,,72.2,1,No,2,0,"CATIA, Python, MATLAB, C, SolidWorks",82.3,69.0,77.9,66.1,Not Placed,Not Placed,Not Placed,0.0
STU20240663,Male,2027,CSE,8.57,76.6,96.8,0,No,1,5,"Python, JavaScript, C++, SQL, Java, MongoDB",98.0,93.9,85.8,66.9,Placed,Zoho,Backend Developer,7.12
STU20240664,Male,2027,CSE,8.41,79.8,83.0,0,Yes,3,0,"Java, React, Python",78.4,84.6,47.9,74.1,Placed,Infosys,QA Engineer,9.43
STU20240665,Male,2025,IT,8.37,77.2,61.0,0,No,2,0,"Python, React, JavaScript, Java, SQL, Git",71.3,90.6,78.4,79.0,Placed,Zoho,Support Engineer,8.0
STU20240666,Female,2026,EEE,7.64,71.8,65.5,0,Yes,2,0,"MATLAB, SQL, IoT, Python, C++",94.8,77.0,61.5,46.5,Placed,HCLTech,Embedded Engineer,4.7
STU20240667,Male,2025,Mechanical,7.88,65.0,77.9,4,No,1,0,"AutoCAD, Excel, SolidWorks, SQL, C, CATIA",56.3,84.6,65.8,53.8,Placed,Maruti Suzuki,Mechanical Engineer,2.5
STU20240668,Female,2024,Civil,6.68,69.9,65.0,1,Yes,1,0,"Excel, GIS, STAAD Pro",73.2,57.6,70.8,85.3,Not Placed,Not Placed,Not Placed,0.0
STU20240669,Male,2024,IT,6.9,68.5,77.5,2,No,0,1,"DSA, MongoDB, Git, React, Python",75.5,65.0,69.2,74.9,Not Placed,Not Placed,Not Placed,0.0
STU20240670,Female,2024,IT,7.81,89.3,72.9,1,No,3,1,"SQL, Python, Java",53.8,86.2,68.2,63.7,Placed,Infosys,Support Engineer,6.4
STU20240671,Male,2024,CSE,7.42,92.4,66.7,2,Yes,3,1,"React, Node.js, JavaScript, Git, Java, DSA",66.5,81.8,78.3,73.8,Placed,Cognizant,Data Analyst,6.14
STU20240672,Female,2027,ECE,8.96,80.0,72.4,0,No,2,4,"SQL, MATLAB, Embedded C, Git, C, IoT",68.4,98.0,78.2,76.2,Placed,Wipro,QA Engineer,6.84
STU20240673,Male,2025,Civil,7.82,67.7,82.1,0,No,1,3,"Python, Excel, C, Revit, Primavera, STAAD Pro",86.6,96.4,61.4,87.6,Not Placed,Not Placed,Not Placed,0.0
STU20240674,Male,2026,EEE,7.04,80.8,59.8,1,Yes,3,2,"AutoCAD, SQL, Arduino",70.0,93.9,82.4,68.0,Placed,HCLTech,Software Developer,5.98
STU20240675,Male,2027,ECE,7.52,69.9,82.6,4,No,2,1,"C++, MATLAB, Arduino",74.5,96.5,83.9,84.8,Not Placed,Not Placed,Not Placed,0.0
STU20240676,Female,2026,IT,8.01,74.2,84.1,2,Yes,2,3,"DSA, MongoDB, Python, Git, AWS",60.7,98.0,72.2,79.8,Placed,Deloitte,Data Analyst,7.97
STU20240677,Male,2026,Civil,7.44,72.2,72.8,2,Yes,4,1,"Excel, C, Python",72.5,79.6,62.5,61.9,Not Placed,Not Placed,Not Placed,0.0
STU20240678,Male,2026,ECE,7.98,74.4,66.7,1,No,2,1,"Embedded C, C, Arduino, MATLAB, SQL",70.4,98.0,61.9,61.7,Placed,HCLTech,Embedded Engineer,5.51
STU20240679,Female,2024,CSE,8.06,75.7,80.7,0,Yes,3,2,"Python, React, JavaScript",80.2,98.0,94.0,87.5,Placed,Cognizant,Web Developer,7.95
STU20240680,Male,2025,IT,6.72,65.6,69.7,1,No,1,0,"MongoDB, React, DSA, JavaScript, Python",67.4,60.1,64.5,86.0,Not Placed,Not Placed,Not Placed,0.0
STU20240681,Female,2026,CSE,6.17,68.5,61.1,1,Yes,0,0,"JavaScript, Java, Node.js, Git, C++",83.5,63.0,66.6,72.4,Placed,Zoho,Web Developer,4.75
STU20240682,Male,2027,CSE,7.68,84.3,89.1,1,Yes,1,3,"Node.js, MongoDB, C++, Python, SQL, Git",84.2,87.5,76.2,86.2,Placed,Deloitte,QA Engineer,5.41
STU20240683,Male,2027,CSE,8.48,79.0,71.7,0,No,4,1,"Java, React, Git, Node.js, SQL, Python",66.1,90.7,38.0,73.3,Placed,Wipro,Backend Developer,7.84
STU20240684,Male,2027,IT,7.59,77.9,65.2,1,Yes,2,2,"Python, React, Java",90.2,66.1,58.5,72.2,Placed,Zoho,QA Engineer,6.08
STU20240685,Male,2026,ECE,8.8,64.4,80.8,0,No,3,3,"IoT, Python, Arduino, Git, Java, C++",97.1,83.0,98.0,71.3,Placed,Wipro,QA Engineer,7.73
STU20240686,Male,2026,IT,7.86,84.3,75.7,0,Yes,3,1,"DSA, AWS, MongoDB",82.6,86.0,35.1,56.3,Placed,Deloitte,Data Analyst,7.43
STU20240687,Male,2027,IT,9.05,75.8,89.8,0,No,3,2,"SQL, React, Git, DSA",98.0,89.6,56.7,65.7,Placed,Capgemini,Data Analyst,6.64
STU20240688,Male,2027,Civil,8.48,87.1,75.2,1,No,2,1,"Revit, STAAD Pro, Primavera",96.8,91.6,68.1,62.7,Not Placed,Not Placed,Not Placed,0.0
STU20240689,Female,2026,EEE,8.54,80.4,75.5,0,No,2,1,"Python, IoT, SQL, Arduino, Embedded C, C++",76.9,98.0,61.3,81.0,Placed,Siemens,Electrical Engineer,6.13
STU20240690,Female,2027,ECE,6.73,70.9,75.5,0,No,2,2,"SQL, C, Git, MATLAB, Python",59.0,66.2,57.2,72.0,Not Placed,Not Placed,Not Placed,0.0
STU20240691,Male,2027,IT,7.91,66.0,77.8,1,Yes,2,1,"Git, Java, Python, SQL",86.3,98.0,56.6,70.2,Placed,Capgemini,Data Analyst,6.48
STU20240692,Male,2026,Mechanical,8.59,94.7,79.8,1,No,2,3,"Excel, ANSYS, CATIA, AutoCAD, SolidWorks, SQL",73.2,98.0,72.1,82.4,Placed,Jindal Steel,Mechanical Engineer,4.97
STU20240693,Male,2024,CSE,8.23,84.2,79.1,0,No,0,1,"Git, JavaScript, MongoDB, Java",79.3,63.9,77.6,50.9,Not Placed,Not Placed,Not Placed,0.0
STU20240694,Female,2025,IT,8.37,85.0,78.8,0,No,1,5,"Python, Node.js, AWS, JavaScript, Git",66.9,79.4,78.7,57.6,Placed,Deloitte,Data Analyst,5.21
STU20240695,Female,2027,Civil,6.32,86.5,69.1,3,Yes,1,2,"SQL, Excel, Python, GIS",80.8,71.1,54.6,88.2,Placed,L&T,Civil Engineer,3.44
STU20240696,Male,2024,ECE,9.38,83.0,86.2,0,Yes,4,3,"Git, IoT, Java, Embedded C",82.8,87.4,90.2,80.7,Placed,HCLTech,QA Engineer,6.27
STU20240697,Male,2025,EEE,6.98,84.9,71.3,1,No,1,0,"AutoCAD, SQL, IoT, Java",69.9,80.2,69.8,50.0,Not Placed,Not Placed,Not Placed,0.0
STU20240698,Female,2026,ECE,6.05,69.8,77.0,3,No,2,0,"Python, C, Arduino, Embedded C, MATLAB",66.9,77.6,78.1,71.6,Not Placed,Not Placed,Not Placed,0.0
STU20240699,Female,2027,ECE,7.45,81.8,84.8,1,Yes,3,2,"Java, Embedded C, Python, SQL",62.8,85.2,73.5,57.8,Not Placed,Not Placed,Not Placed,0.0
STU20240700,Male,2027,IT,5.82,68.1,66.0,4,Yes,2,1,"Python, MongoDB, DSA",82.1,75.8,59.9,67.9,Placed,Capgemini,Full Stack Developer,3.47
STU20240701,Female,2027,CSE,7.08,72.2,90.9,0,Yes,1,2,"MongoDB, SQL, Git, JavaScript, React, Python",88.3,77.6,65.2,78.5,Placed,Accenture,Software Developer,6.44
STU20240702,Male,2025,IT,9.8,83.2,76.5,1,Yes,4,2,"Git, MongoDB, Node.js",92.3,98.0,83.8,72.6,Placed,Deloitte,Support Engineer,7.64
STU20240703,Male,2024,CSE,7.68,68.3,70.8,3,Yes,3,1,"Python, React, Git, JavaScript, Java",71.8,98.0,87.1,72.2,Placed,Tech Mahindra,QA Engineer,6.58
STU20240704,Female,2026,Mechanical,6.34,76.2,75.9,4,No,3,0,"Python, AutoCAD, C, SQL",71.4,50.3,67.0,59.1,Not Placed,Not Placed,Not Placed,0.0
STU20240705,Male,2024,IT,7.92,75.6,79.5,0,No,2,1,"SQL, Node.js, Python, AWS, React",73.5,82.8,74.4,82.8,Placed,HCLTech,QA Engineer,6.15
STU20240706,Male,2026,ECE,6.99,61.6,74.4,1,No,2,2,"Python, Java, Arduino",74.7,84.6,75.3,75.0,Placed,Bosch,Network Engineer,3.11
STU20240707,Female,2027,Mechanical,8.28,75.5,83.1,1,Yes,3,3,"Excel, ANSYS, SQL, SolidWorks, C, Python",80.2,88.9,50.0,63.3,Placed,L&T,Graduate Engineer Trainee,5.7
STU20240708,Female,2026,Mechanical,6.79,72.6,75.1,3,No,1,0,"ANSYS, Python, AutoCAD, SQL, C, CATIA",60.6,76.6,48.6,70.5,Not Placed,Not Placed,Not Placed,0.0
STU20240709,Male,2026,IT,8.13,84.3,91.4,0,No,3,1,"Git, Python, AWS, SQL, Java",96.7,97.1,75.4,65.3,Placed,Deloitte,Data Analyst,6.21
STU20240710,Male,2026,IT,6.92,77.3,73.3,3,No,3,3,"Node.js, DSA, MongoDB",74.5,77.9,55.2,62.4,Placed,Deloitte,Data Analyst,5.4
STU20240711,Female,2027,Civil,9.71,92.4,75.2,0,Yes,4,2,"Python, AutoCAD, SQL, GIS",98.0,98.0,75.4,74.7,Placed,Shapoorji Pallonji,Civil Engineer,8.62
STU20240712,Male,2025,EEE,8.08,81.8,73.0,0,Yes,2,2,"Python, Java, Embedded C, C++, Arduino, C",81.7,70.6,72.1,93.1,Placed,L&T Technology Services,Graduate Engineer Trainee,6.12
STU20240713,Female,2026,Mechanical,7.43,72.7,78.4,1,Yes,3,2,"CATIA, Python, Excel",74.8,89.9,98.0,62.6,Placed,L&T,Mechanical Engineer,5.5
STU20240714,Female,2024,Civil,7.25,75.7,78.0,0,No,2,0,"Python, AutoCAD, Primavera, GIS",72.9,77.1,66.7,75.7,Placed,Tata Projects,Civil Engineer,2.5
STU20240715,Male,2026,Mechanical,7.08,73.3,75.6,0,Yes,4,1,"C++, AutoCAD, CATIA, SQL, C",76.0,84.0,40.8,83.3,Placed,Tata Motors,Graduate Engineer Trainee,6.29
STU20240716,Male,2025,CSE,7.35,79.8,68.9,2,No,3,1,"DSA, React, Node.js, Python",78.0,88.9,72.1,74.9,Placed,Tech Mahindra,Backend Developer,5.37
STU20240717,Female,2026,ECE,7.08,76.1,81.9,1,Yes,1,2,"Arduino, SQL, C++",75.6,72.7,81.5,84.0,Placed,Wipro,Embedded Engineer,5.07
STU20240718,Female,2027,CSE,9.43,77.2,94.0,0,Yes,5,0,"React, Git, Node.js",81.2,98.0,84.6,72.2,Placed,Accenture,QA Engineer,9.78
STU20240719,Male,2024,ECE,7.28,76.3,74.9,4,No,3,0,"MATLAB, Python, SQL",66.6,98.0,75.2,74.9,Not Placed,Not Placed,Not Placed,0.0
STU20240720,Male,2026,Civil,5.69,75.5,83.0,4,No,2,0,"MATLAB, SQL, Revit",77.8,66.6,53.2,70.5,Not Placed,Not Placed,Not Placed,0.0
STU20240721,Female,2024,ECE,6.76,67.9,79.3,1,Yes,2,3,"Embedded C, MATLAB, SQL, Python",80.0,75.6,61.6,57.6,Placed,Tech Mahindra,QA Engineer,5.72
STU20240722,Male,2025,IT,8.69,81.9,94.0,1,No,4,1,"Python, DSA, SQL, React, Java",69.5,98.0,63.7,56.5,Placed,HCLTech,QA Engineer,7.29
STU20240723,Male,2024,CSE,7.79,66.4,79.3,0,Yes,3,3,"JavaScript, Git, Node.js",87.7,97.3,61.6,85.7,Placed,Cognizant,Data Analyst,7.1
STU20240724,Female,2024,Civil,7.39,84.2,75.9,1,Yes,2,1,"MATLAB, Revit, C, GIS, Primavera, Excel",87.0,64.3,66.9,67.5,Not Placed,Not Placed,Not Placed,0.0
STU20240725,Female,2027,CSE,8.99,84.2,85.2,1,Yes,3,2,"MongoDB, Java, DSA, C++",90.5,97.0,87.9,69.1,Placed,Infosys,QA Engineer,8.69
STU20240726,Female,2027,CSE,7.34,87.8,71.8,0,Yes,2,0,"React, SQL, C++, JavaScript, Java",56.9,85.5,98.0,82.2,Placed,Tech Mahindra,Web Developer,6.62
STU20240727,Male,2026,CSE,8.54,71.5,80.9,1,Yes,3,2,"JavaScript, Git, MongoDB, SQL, DSA",69.2,88.7,76.1,71.5,Placed,Deloitte,Backend Developer,6.19
STU20240728,Male,2026,CSE,7.43,84.5,84.4,1,No,2,1,"SQL, React, DSA, Node.js, C++, JavaScript",76.6,95.2,76.7,77.5,Placed,Zoho,Software Developer,6.27
STU20240729,Female,2027,IT,8.39,,83.4,1,No,2,1,"Node.js, SQL, Java, Python",98.0,68.9,42.2,67.7,Placed,Capgemini,Software Developer,6.62
STU20240730,Male,2027,ECE,7.42,75.3,74.8,1,Yes,2,1,"MATLAB, Embedded C, C++",70.6,58.6,64.0,60.6,Placed,L&T Technology Services,Embedded Engineer,4.75
STU20240731,Male,2026,IT,7.69,74.6,77.2,4,Yes,3,1,"React, MongoDB, Git, SQL",88.2,93.6,90.7,85.2,Placed,Capgemini,Full Stack Developer,7.27
STU20240732,Female,2024,CSE,8.7,72.2,83.8,1,Yes,2,2,"JavaScript, MongoDB, SQL, Python",75.8,80.4,76.0,63.1,Not Placed,Not Placed,Not Placed,0.0
STU20240733,Female,2026,CSE,8.64,70.2,83.4,1,Yes,4,0,"Java, Node.js, Python, React",98.0,86.9,73.2,88.1,Placed,TCS,QA Engineer,8.46
STU20240734,Female,2027,IT,7.76,72.1,81.2,0,No,2,0,"AWS, JavaScript, MongoDB, Git, Python",79.3,68.5,98.0,75.9,Placed,Wipro,Software Developer,6.38
STU20240735,Male,2025,CSE,7.6,68.2,77.9,0,Yes,2,0,"C++, SQL, React, Python, DSA, Node.js",63.4,87.5,85.9,66.7,Placed,Capgemini,Software Developer,6.36
STU20240736,Female,2025,EEE,9.01,91.7,73.6,0,No,3,1,"Python, MATLAB, C",77.8,93.0,86.1,76.1,Placed,TCS,Software Developer,8.0
STU20240737,Male,2025,CSE,8.5,68.7,73.3,1,No,2,2,"Java, React, DSA, Git",71.7,86.2,73.2,63.4,Placed,Accenture,Data Analyst,6.72
STU20240738,Male,2025,IT,7.57,78.0,78.7,1,No,2,0,"AWS, Git, Node.js",79.2,66.5,73.8,59.8,Not Placed,Not Placed,Not Placed,0.0
STU20240739,Female,2026,IT,7.34,79.4,80.6,1,Yes,3,1,"React, DSA, JavaScript, AWS, Node.js",70.8,79.6,97.2,75.5,Placed,TCS,Data Analyst,7.85
STU20240740,Male,2025,IT,8.77,82.4,83.6,0,Yes,4,0,"Git, AWS, Java, Node.js",82.9,91.2,98.0,82.3,Placed,Wipro,Full Stack Developer,8.06
STU20240741,Female,2027,CSE,8.1,81.4,72.1,0,Yes,3,1,"DSA, JavaScript, Git, Java, Python, Node.js",98.0,79.7,65.4,76.3,Placed,Cognizant,Backend Developer,7.05
STU20240742,Male,2027,CSE,7.86,84.3,75.2,0,No,1,0,"MongoDB, SQL, Node.js, Java, Git, DSA",69.8,73.8,50.3,60.2,Placed,Wipro,Backend Developer,5.94
STU20240743,Female,2024,Mechanical,7.65,74.0,67.4,0,No,2,0,"C, Python, CATIA, ANSYS",80.4,79.4,71.2,52.8,Not Placed,Not Placed,Not Placed,0.0
STU20240744,Female,2027,CSE,8.29,79.3,67.6,2,No,3,1,"SQL, Git, Python, C++, React, MongoDB",80.7,92.7,83.1,66.9,Placed,Cognizant,Data Analyst,7.03
STU20240745,Female,2027,ECE,7.7,75.2,76.4,2,Yes,3,0,"MATLAB, IoT, Python",80.4,85.2,94.3,59.9,Placed,Wipro,Network Engineer,4.23
STU20240746,Male,2026,ECE,8.77,89.0,88.2,0,Yes,4,4,"Git, SQL, Java, IoT",96.9,98.0,73.7,71.8,Placed,TCS,Network Engineer,7.15
STU20240747,Male,2026,IT,8.97,95.1,79.9,0,Yes,4,4,"DSA, JavaScript, AWS",63.5,96.0,71.3,72.6,Placed,TCS,Support Engineer,10.11
STU20240748,Female,2027,IT,8.35,70.5,90.9,0,Yes,4,1,"JavaScript, Java, Node.js, DSA, AWS",88.6,97.9,87.9,81.5,Placed,Wipro,Support Engineer,7.73
STU20240749,Female,2025,Mechanical,8.72,65.6,77.4,1,No,4,3,"SQL, C++, SolidWorks, ANSYS, CATIA",84.1,81.9,62.9,76.8,Placed,Maruti Suzuki,Graduate Engineer Trainee,6.5
STU20240750,Female,2024,Mechanical,7.56,80.9,75.6,0,No,1,1,"C++, SolidWorks, SQL, MATLAB",77.4,83.3,67.2,80.8,Not Placed,Not Placed,Not Placed,0.0
STU20240751,Male,2025,CSE,8.59,87.0,71.3,1,Yes,5,3,"MongoDB, SQL, DSA",88.0,97.9,74.4,72.8,Placed,Zoho,Data Analyst,8.26
STU20240752,Male,2025,IT,8.75,93.6,76.2,0,No,4,4,"React, Node.js, Java, MongoDB, AWS",86.4,98.0,74.1,64.2,Placed,Capgemini,QA Engineer,6.96
STU20240753,Female,2026,CSE,8.87,85.3,70.6,0,Yes,6,4,"Node.js, Git, Python, SQL",97.9,92.6,92.1,78.3,Placed,TCS,QA Engineer,8.02
STU20240754,Female,2024,IT,8.68,89.5,67.6,0,No,2,1,"SQL, Node.js, React, Git, AWS, DSA",76.8,74.4,81.7,74.1,Placed,Wipro,Data Analyst,7.29
STU20240755,Male,2026,EEE,8.19,90.1,68.9,0,No,3,1,"Arduino, Python, AutoCAD, IoT, MATLAB",98.0,77.7,65.7,73.5,Placed,L&T Technology Services,Graduate Engineer Trainee,4.77
STU20240756,Male,2025,CSE,9.66,92.4,81.7,0,Yes,4,4,"Node.js, C++, React, Python, Git, SQL",81.8,94.0,75.6,95.9,Placed,Infosys,Data Analyst,8.34
STU20240757,Male,2027,IT,7.44,82.8,69.9,3,No,3,2,"Python, MongoDB, React",97.0,87.8,98.0,77.0,Placed,Infosys,Data Analyst,5.18
STU20240758,Male,2026,Civil,7.37,67.4,71.4,0,Yes,3,1,"Revit, SQL, Primavera, MATLAB, AutoCAD",64.5,68.7,50.7,87.2,Not Placed,Not Placed,Not Placed,0.0
STU20240759,Male,2027,CSE,7.82,77.5,79.0,2,Yes,3,1,"JavaScript, C++, Node.js, Git",78.4,87.1,46.9,60.0,Not Placed,Not Placed,Not Placed,0.0
STU20240760,Male,2027,IT,7.59,79.1,64.7,0,Yes,3,2,"React, JavaScript, DSA, Python, Git",84.2,84.8,54.2,61.3,Placed,Accenture,QA Engineer,5.6
STU20240761,Male,2024,EEE,5.96,72.2,71.7,0,No,1,1,"Python, IoT, MATLAB, SQL",56.1,80.4,67.8,59.7,Not Placed,Not Placed,Not Placed,0.0
STU20240762,Female,2026,CSE,9.17,80.7,85.7,0,Yes,3,1,"Java, Python, MongoDB",76.3,96.5,91.5,73.2,Placed,Zoho,Backend Developer,7.55
STU20240763,Female,2024,CSE,7.13,86.8,80.8,2,No,2,0,"Java, Python, Node.js, C++, Git, MongoDB",72.3,84.9,67.0,67.3,Placed,Zoho,Backend Developer,6.52
STU20240764,Female,2027,CSE,8.14,73.1,80.6,1,Yes,2,2,"SQL, C++, Java, DSA, Git",91.4,90.6,65.2,76.2,Placed,Infosys,Software Developer,6.41
STU20240765,Male,2026,Civil,6.29,79.3,71.6,1,No,1,0,"AutoCAD, Primavera, Python",69.9,82.6,55.6,88.8,Not Placed,Not Placed,Not Placed,0.0
STU20240766,Male,2025,CSE,8.53,81.5,73.7,0,Yes,2,4,"Java, Node.js, C++, Python, Git",98.0,76.7,51.6,71.9,Placed,Cognizant,Data Analyst,8.07
STU20240767,Male,2025,CSE,7.33,70.3,74.2,0,No,2,1,"JavaScript, React, Git",83.4,65.1,90.1,74.8,Placed,Deloitte,Data Analyst,4.04
STU20240768,Male,2025,CSE,7.03,68.0,85.6,3,No,1,1,"React, C++, Git, Python, DSA",67.2,76.4,65.5,69.9,Not Placed,Not Placed,Not Placed,0.0
STU20240769,Male,2027,CSE,8.17,66.5,79.0,0,No,2,1,"SQL, React, Java",48.5,84.7,75.6,82.0,Placed,Capgemini,Backend Developer,6.78
STU20240770,Female,2027,ECE,7.15,79.3,73.6,1,No,1,2,"IoT, C, MATLAB",54.6,69.0,79.7,76.6,Not Placed,Not Placed,Not Placed,0.0
STU20240771,Female,2024,CSE,7.51,76.3,79.2,0,No,2,1,"React, Node.js, MongoDB",74.4,86.2,88.1,68.4,Placed,Cognizant,QA Engineer,4.89
STU20240772,Female,2025,ECE,7.9,72.0,76.7,0,No,3,2,"Java, MATLAB, SQL, C++",63.2,73.0,68.7,80.5,Placed,Wipro,QA Engineer,6.34
STU20240773,Male,2025,ECE,8.43,65.9,79.3,3,No,2,1,"SQL, Embedded C, C, Python, MATLAB, Arduino",79.8,82.5,61.9,76.3,Placed,Infosys,Software Developer,7.02
STU20240774,Male,2026,Mechanical,6.85,78.2,71.8,3,Yes,1,2,"ANSYS, C++, AutoCAD, Excel, CATIA, MATLAB",74.4,77.6,67.1,83.4,Placed,L&T,Design Engineer,4.96
STU20240775,Male,2024,CSE,7.16,74.7,71.4,2,Yes,3,1,"MongoDB, C++, Python, JavaScript",74.8,86.0,66.9,73.5,Placed,Cognizant,Web Developer,5.7
STU20240776,Male,2025,Mechanical,7.57,71.9,82.4,3,No,3,2,"Python, AutoCAD, SolidWorks, Excel, MATLAB, CATIA",77.1,79.3,63.0,77.0,Not Placed,Not Placed,Not Placed,0.0
STU20240777,Female,2027,ECE,8.21,71.8,63.5,1,No,3,2,"Git, Python, Embedded C, Arduino, SQL",98.0,98.0,56.4,66.3,Not Placed,Not Placed,Not Placed,0.0
STU20240778,Male,2025,CSE,9.24,79.4,83.3,0,Yes,3,0,"DSA, React, C++, Git",89.5,98.0,82.0,60.8,Placed,TCS,Web Developer,9.07
STU20240779,Female,2026,EEE,6.74,78.1,69.9,1,No,1,1,"AutoCAD, Embedded C, Python, IoT",69.5,90.6,84.2,63.5,Not Placed,Not Placed,Not Placed,0.0
STU20240780,Male,2026,Mechanical,7.28,73.9,61.3,1,No,2,2,"SQL, Excel, C++",64.5,98.0,91.9,76.3,Not Placed,Not Placed,Not Placed,0.0
STU20240781,Female,2025,CSE,9.0,72.2,72.5,1,Yes,3,1,"Python, Node.js, SQL",87.5,98.0,66.2,79.4,Placed,Zoho,Backend Developer,6.9
STU20240782,Female,2026,Civil,9.18,80.5,79.5,0,Yes,2,0,"STAAD Pro, GIS, Python, AutoCAD",80.2,93.1,98.0,64.8,Placed,Afcons Infrastructure,Civil Engineer,5.36
STU20240783,Male,2025,IT,7.06,83.0,74.8,2,No,1,0,"JavaScript, React, Python, Git, SQL, Node.js",94.4,67.3,53.9,85.5,Placed,Accenture,QA Engineer,5.65
STU20240784,Female,2025,ECE,7.12,76.1,79.4,1,No,3,1,"Java, SQL, Embedded C, Arduino",84.9,74.5,70.4,57.1,Placed,Wipro,QA Engineer,3.84
STU20240785,Male,2027,Civil,7.82,78.0,81.8,0,Yes,3,2,"Python, MATLAB, STAAD Pro",98.0,95.1,84.9,75.0,Placed,JLL,Design Engineer,5.12
STU20240786,Female,2027,IT,7.41,74.2,64.2,1,No,3,0,"SQL, DSA, React, AWS, Node.js",82.1,61.7,76.8,64.0,Not Placed,Not Placed,Not Placed,0.0
STU20240787,Female,2026,Mechanical,6.9,69.0,76.3,1,No,3,1,"MATLAB, Python, AutoCAD, SolidWorks, C",92.0,92.2,86.0,71.3,Placed,Mahindra,Mechanical Engineer,4.32
STU20240788,Female,2024,IT,8.11,71.8,82.0,1,No,2,1,"DSA, Python, Node.js, Git, MongoDB",68.5,77.5,59.1,54.0,Placed,Deloitte,Software Developer,7.32
STU20240789,Female,2024,Mechanical,8.87,68.5,80.5,0,No,2,0,"C++, C, SolidWorks, CATIA, SQL",87.3,80.0,73.1,49.0,Placed,L&T,Design Engineer,6.66
STU20240790,Male,2024,ECE,6.64,82.9,76.4,2,No,2,1,"MATLAB, Embedded C, Git, Arduino, C++, SQL",62.8,84.0,63.9,61.7,Placed,Wipro,Network Engineer,5.38
STU20240791,Female,2027,CSE,9.27,84.4,66.5,1,Yes,4,2,"Git, DSA, SQL",86.1,97.2,91.9,81.2,Placed,Wipro,Software Developer,8.7
STU20240792,Female,2027,IT,7.41,77.1,68.1,2,No,3,1,"Git, AWS, Java",80.0,77.4,66.6,71.2,Not Placed,Not Placed,Not Placed,0.0
STU20240793,Male,2026,IT,8.19,80.5,86.7,1,No,2,0,"MongoDB, Node.js, SQL",69.5,72.8,75.8,52.7,Not Placed,Not Placed,Not Placed,0.0
STU20240794,Male,2027,CSE,9.35,83.8,78.3,0,Yes,4,2,"Git, JavaScript, Java, Node.js",74.2,79.7,74.0,84.6,Placed,Infosys,Data Analyst,9.75
STU20240795,Female,2024,CSE,8.28,73.6,92.9,0,No,2,2,"Git, JavaScript, Java, DSA, C++, Python",93.2,64.8,77.8,71.7,Placed,Tech Mahindra,Data Analyst,5.48
STU20240796,Male,2026,IT,7.65,74.8,66.7,1,Yes,3,3,"AWS, SQL, Node.js, Java",60.6,98.0,60.8,82.0,Placed,Cognizant,Software Developer,7.52
STU20240797,Male,2024,CSE,8.61,76.2,89.2,0,Yes,2,4,"React, MongoDB, Java, Node.js",98.0,89.9,59.9,68.9,Placed,Accenture,QA Engineer,6.88
STU20240798,Female,2025,CSE,7.85,95.2,71.9,1,No,2,0,"DSA, Node.js, C++, Python, Java",69.5,71.4,64.9,47.5,Placed,Zoho,Data Analyst,5.26
STU20240799,Male,2027,EEE,8.09,85.4,82.9,1,No,2,2,"C++, AutoCAD, Python, C",87.2,93.0,60.4,86.9,Placed,HCLTech,Graduate Engineer Trainee,6.08
STU20240800,Male,2027,EEE,7.48,77.9,73.1,2,Yes,2,2,"C, IoT, Embedded C, MATLAB, Arduino, C++",84.9,74.6,67.3,70.9,Placed,TCS,Embedded Engineer,4.71
STU20240801,Male,2024,EEE,8.38,88.5,78.4,2,Yes,4,3,"AutoCAD, Embedded C, Python, C",73.6,84.3,83.7,84.9,Placed,HCLTech,Electrical Engineer,6.5
STU20240802,Male,2025,IT,6.71,83.5,77.3,3,No,0,0,"Java, JavaScript, Node.js",74.1,83.4,49.5,64.4,Not Placed,Not Placed,Not Placed,0.0
STU20240803,Female,2026,Mechanical,6.69,65.1,68.8,0,No,2,2,"C++, Python, ANSYS, C, SQL, MATLAB",75.5,85.9,61.4,70.1,Not Placed,Not Placed,Not Placed,0.0
STU20240804,Male,2024,ECE,6.55,72.8,78.3,2,Yes,1,1,"C++, C, Python, Arduino, Embedded C, Java",77.8,76.1,94.4,53.5,Not Placed,Not Placed,Not Placed,0.0
STU20240805,Male,2026,CSE,7.95,77.8,74.6,1,No,1,1,"Java, React, Python, JavaScript, Node.js",91.8,75.7,48.5,59.1,Not Placed,Not Placed,Not Placed,0.0
STU20240806,Female,2026,CSE,6.7,79.0,74.3,1,No,1,0,"Node.js, React, JavaScript",80.8,75.3,52.3,86.8,Not Placed,Not Placed,Not Placed,0.0
STU20240807,Female,2025,EEE,7.06,74.1,55.5,1,Yes,3,2,"MATLAB, IoT, AutoCAD",67.4,87.6,72.2,83.5,Placed,L&T Technology Services,Embedded Engineer,5.26
STU20240808,Female,2025,CSE,7.06,75.0,71.7,0,No,0,2,"DSA, JavaScript, SQL, Git",68.7,79.9,47.4,83.2,Placed,Cognizant,QA Engineer,5.66
STU20240809,Male,2025,ECE,9.01,77.3,88.2,1,Yes,3,0,"C++, Java, Embedded C, SQL, MATLAB, Arduino",77.7,98.0,74.3,78.8,Placed,Wipro,Embedded Engineer,7.58
STU20240810,Female,2027,Civil,6.66,82.0,77.8,1,No,2,0,"STAAD Pro, GIS, MATLAB, Excel, Python, C",66.4,64.3,88.4,72.0,Not Placed,Not Placed,Not Placed,0.0
STU20240811,Male,2025,CSE,6.91,65.2,79.9,1,Yes,1,1,"C++, JavaScript, Node.js, SQL, MongoDB, Git",77.9,73.5,59.5,84.5,Placed,Capgemini,Software Developer,6.38
STU20240812,Male,2026,CSE,8.21,75.5,77.5,2,No,3,1,"Git, DSA, React, JavaScript",90.8,91.1,61.2,80.0,Placed,Capgemini,Data Analyst,5.67
STU20240813,Male,2025,Civil,8.93,67.4,90.8,0,No,2,1,"C, MATLAB, Python, AutoCAD, Excel, STAAD Pro",91.6,81.9,54.6,72.6,Not Placed,Not Placed,Not Placed,0.0
STU20240814,Female,2026,ECE,7.65,69.9,77.7,1,Yes,3,2,"Python, Embedded C, C, Java",84.2,94.3,59.1,74.1,Placed,Tech Mahindra,Network Engineer,5.41
STU20240815,Male,2024,CSE,7.97,80.1,71.9,2,No,1,1,"React, MongoDB, Python, DSA, C++",82.6,94.8,68.8,80.5,Placed,Tech Mahindra,Software Developer,6.75
STU20240816,Female,2024,Mechanical,8.65,82.0,84.3,0,Yes,5,2,"Excel, CATIA, Python, AutoCAD, ANSYS",85.3,93.3,98.0,60.6,Placed,Mahindra,Mechanical Engineer,7.95
STU20240817,Male,2026,Mechanical,8.3,76.6,83.9,2,Yes,4,0,"ANSYS, Excel, SQL, C",98.0,89.3,70.8,69.4,Not Placed,Not Placed,Not Placed,0.0
STU20240818,Male,2026,ECE,8.11,86.1,81.3,0,No,3,3,"Embedded C, SQL, Python",91.1,87.0,70.6,52.3,Not Placed,Not Placed,Not Placed,0.0
STU20240819,Male,2025,ECE,7.26,85.6,71.8,0,No,1,2,"IoT, Arduino, Java",73.5,76.9,68.4,57.6,Placed,Tech Mahindra,Embedded Engineer,4.7
STU20240820,Male,2025,CSE,8.39,78.5,79.6,1,No,2,3,"DSA, Java, JavaScript",95.5,98.0,62.2,71.5,Placed,Tech Mahindra,Software Developer,5.97
STU20240821,Female,2027,CSE,6.84,76.9,,2,No,1,0,"Java, Git, Python, SQL",65.5,65.3,36.7,78.3,Not Placed,Not Placed,Not Placed,0.0
STU20240822,Female,2024,ECE,7.22,72.9,77.8,3,Yes,3,0,"Python, C, IoT, Arduino, MATLAB",80.0,86.9,87.6,94.9,Placed,Bosch,QA Engineer,6.46
STU20240823,Female,2024,IT,9.12,85.2,69.3,0,Yes,4,5,"React, SQL, Python, Java, Git",98.0,94.7,84.3,71.7,Placed,Cognizant,Data Analyst,8.43
STU20240824,Male,2025,EEE,8.76,71.5,74.3,0,No,3,2,"SQL, Embedded C, AutoCAD, MATLAB, C++, Python",71.7,81.8,89.5,64.2,Not Placed,Not Placed,Not Placed,0.0
STU20240825,Male,2025,Mechanical,7.92,90.4,71.7,0,No,3,1,"CATIA, Python, SolidWorks",98.0,94.2,74.7,68.1,Not Placed,Not Placed,Not Placed,0.0
STU20240826,Male,2026,CSE,6.36,81.9,66.9,2,No,1,0,"Java, MongoDB, DSA, React, SQL",62.2,78.3,80.5,71.9,Placed,Capgemini,Backend Developer,4.12
STU20240827,Female,2026,ECE,6.72,66.4,58.4,2,No,2,2,"IoT, C, C++, Java, MATLAB, Git",68.2,72.1,46.8,90.6,Placed,Infosys,QA Engineer,3.24
STU20240828,Male,2026,CSE,7.42,71.0,88.3,1,No,1,0,"Python, SQL, Java, Node.js, React",74.8,74.9,70.3,69.1,Placed,Infosys,Backend Developer,6.05
STU20240829,Male,2026,Mechanical,7.4,79.4,68.8,3,Yes,1,1,"CATIA, C++, SolidWorks, Excel, MATLAB, C",83.4,77.3,76.3,59.9,Not Placed,Not Placed,Not Placed,0.0
STU20240830,Female,2025,CSE,6.94,73.0,68.1,1,No,3,0,"Git, DSA, Node.js, React, MongoDB",87.2,79.6,84.9,73.6,Placed,Cognizant,QA Engineer,6.34
STU20240831,Male,2027,ECE,7.54,80.7,61.8,1,Yes,3,1,"Java, C, Git, SQL, IoT, Arduino",98.0,77.3,75.6,74.0,Placed,TCS,QA Engineer,5.26
STU20240832,Male,2024,ECE,9.25,78.6,86.0,1,Yes,5,3,"SQL, IoT, Embedded C, Python, C, C++",93.0,98.0,82.4,72.5,Placed,TCS,Network Engineer,7.53
STU20240833,Male,2025,IT,8.24,89.3,76.6,0,Yes,3,2,"Java, DSA, MongoDB, SQL, Git",87.7,76.6,75.9,69.8,Placed,Capgemini,Software Developer,6.51
STU20240834,Male,2026,EEE,7.84,77.7,73.7,2,No,4,1,"Arduino, AutoCAD, Java",65.7,70.0,52.1,93.9,Not Placed,Not Placed,Not Placed,0.0
STU20240835,Male,2025,EEE,6.79,91.9,71.2,2,No,2,1,"Embedded C, Java, AutoCAD, Arduino, C",61.1,75.8,59.4,62.9,Placed,Siemens,Embedded Engineer,4.7
STU20240836,Male,2024,ECE,6.36,78.1,76.3,1,No,2,1,"IoT, Java, Arduino",70.7,54.9,58.9,50.6,Not Placed,Not Placed,Not Placed,0.0
STU20240837,Female,2025,EEE,6.61,65.1,69.5,1,No,2,0,"Embedded C, SQL, IoT, Java, Python",77.3,66.3,77.3,61.8,Not Placed,Not Placed,Not Placed,0.0
STU20240838,Male,2026,Civil,6.07,87.8,57.5,4,No,1,0,"SQL, GIS, Primavera, AutoCAD",67.3,63.5,71.0,63.1,Not Placed,Not Placed,Not Placed,0.0
STU20240839,Male,2024,IT,7.96,85.6,67.5,3,Yes,3,1,"AWS, DSA, Git, Java, JavaScript",88.6,84.5,91.4,57.8,Placed,Capgemini,QA Engineer,7.56
STU20240840,Male,2026,ECE,8.08,80.9,67.4,0,No,2,1,"C++, IoT, Embedded C, Git, SQL",79.7,81.4,78.7,66.7,Placed,L&T Technology Services,Network Engineer,5.99
STU20240841,Male,2027,CSE,7.18,80.5,76.3,0,Yes,3,2,"Python, C++, Java, React, DSA",75.6,84.8,65.9,92.4,Placed,Infosys,Software Developer,4.61
STU20240842,Male,2026,Mechanical,7.68,68.9,82.2,1,Yes,3,1,"C, Excel, CATIA, Python, AutoCAD, MATLAB",98.0,75.1,87.4,57.8,Not Placed,Not Placed,Not Placed,0.0
STU20240843,Male,2025,ECE,9.0,67.9,89.6,0,No,4,2,"Embedded C, C++, IoT, Git, Arduino, C",86.8,89.2,59.8,52.4,Placed,TCS,QA Engineer,7.03
STU20240844,Male,2027,IT,9.56,81.6,69.4,0,Yes,4,0,"MongoDB, Git, Node.js",98.0,97.6,74.5,81.9,Placed,Infosys,Data Analyst,9.06
STU20240845,Male,2024,CSE,8.65,89.3,82.7,0,No,4,2,"JavaScript, C++, MongoDB",72.6,68.6,62.3,66.6,Placed,Capgemini,QA Engineer,8.11
STU20240846,Female,2027,Mechanical,7.4,79.3,70.7,1,No,2,4,"SolidWorks, SQL, C++, CATIA, MATLAB",78.5,90.2,55.0,64.4,Placed,Tata Motors,Graduate Engineer Trainee,5.39
STU20240847,Female,2026,IT,8.53,91.3,98.0,1,Yes,2,1,"MongoDB, DSA, AWS",74.6,64.2,60.0,86.0,Placed,Cognizant,Data Analyst,6.26
STU20240848,Male,2024,EEE,8.8,89.2,88.4,0,Yes,3,4,"AutoCAD, C++, SQL, Java",98.0,94.6,66.6,66.3,Placed,Siemens,Embedded Engineer,6.84
STU20240849,Male,2027,CSE,6.29,73.9,83.9,3,Yes,2,0,"React, Node.js, JavaScript, MongoDB, DSA",64.8,77.6,67.6,54.2,Not Placed,Not Placed,Not Placed,0.0
STU20240850,Female,2026,Civil,8.76,88.2,84.3,3,No,3,1,"AutoCAD, GIS, SQL, STAAD Pro, Revit",85.9,91.4,70.5,78.6,Not Placed,Not Placed,Not Placed,0.0
STU20240851,Female,2025,CSE,7.54,87.5,78.0,1,Yes,4,2,"C++, JavaScript, DSA, Python, Java",72.8,79.5,73.5,72.3,Placed,Capgemini,Backend Developer,7.25
STU20240852,Female,2025,CSE,7.55,76.3,72.6,0,No,3,1,"Python, MongoDB, JavaScript",69.6,84.8,73.1,67.6,Placed,Infosys,Software Developer,4.88
STU20240853,Male,2026,Mechanical,7.25,74.6,70.4,0,Yes,2,1,"CATIA, SQL, SolidWorks, Python",75.3,69.8,38.6,49.6,Not Placed,Not Placed,Not Placed,0.0
STU20240854,Male,2026,Civil,7.77,78.4,70.4,2,Yes,5,3,"GIS, C, SQL, Revit, AutoCAD, MATLAB",90.7,98.0,73.1,61.0,Placed,Tata Projects,Site Engineer,6.37
STU20240855,Male,2027,CSE,7.06,58.8,78.4,2,No,1,1,"MongoDB, SQL, Node.js, Java, C++, JavaScript",85.5,85.1,58.5,66.6,Placed,Accenture,Software Developer,3.91
STU20240856,Female,2025,IT,7.66,79.1,86.6,0,Yes,2,0,"Java, SQL, JavaScript, AWS",71.4,69.8,49.3,60.2,Not Placed,Not Placed,Not Placed,0.0
STU20240857,Male,2026,EEE,8.1,,74.4,0,No,1,1,"Arduino, Python, C++, AutoCAD, Java, IoT",70.9,95.8,75.3,80.5,Not Placed,Not Placed,Not Placed,0.0
STU20240858,Male,2026,Mechanical,7.74,78.4,70.8,0,No,1,3,"C++, MATLAB, CATIA",91.6,86.1,71.8,68.2,Placed,L&T,Production Engineer,6.26
STU20240859,Male,2026,IT,8.22,81.0,66.8,1,Yes,2,1,"Node.js, Git, Python, JavaScript, Java",98.0,72.8,74.8,70.1,Placed,Zoho,Support Engineer,6.49
STU20240860,Male,2026,ECE,7.47,76.4,76.9,1,No,3,1,"C, MATLAB, Embedded C, SQL, Java",78.8,93.5,78.9,80.7,Not Placed,Not Placed,Not Placed,0.0
STU20240861,Male,2025,EEE,8.24,64.6,85.9,1,No,3,1,"Java, AutoCAD, C++, C",89.3,98.0,64.1,62.0,Placed,Siemens,Embedded Engineer,6.65
STU20240862,Male,2027,EEE,8.55,91.0,87.0,0,Yes,2,0,"C++, Python, C",98.0,81.2,61.3,77.6,Placed,Schneider Electric,Embedded Engineer,7.33
STU20240863,Male,2025,Mechanical,8.4,76.4,87.3,0,No,3,1,"SolidWorks, AutoCAD, SQL, C++, CATIA",98.0,90.2,73.1,69.0,Not Placed,Not Placed,Not Placed,0.0
STU20240864,Female,2024,ECE,8.11,74.0,79.8,2,Yes,4,0,"IoT, C++, Arduino",90.6,84.4,66.4,83.1,Placed,TCS,Network Engineer,7.31
STU20240865,Male,2026,CSE,8.8,89.5,79.4,0,No,1,1,"SQL, Python, Git, JavaScript, React, DSA",90.5,91.3,98.0,74.3,Placed,Tech Mahindra,Web Developer,6.05
STU20240866,Male,2025,Civil,8.24,85.5,86.2,0,Yes,4,2,"Python, GIS, Primavera",87.8,97.1,70.9,80.5,Placed,Adani,Civil Engineer,6.64
STU20240867,Female,2024,Mechanical,9.8,84.4,73.7,0,Yes,5,2,"SQL, C++, SolidWorks, ANSYS, Excel, CATIA",78.7,98.0,78.8,66.9,Placed,L&T,Graduate Engineer Trainee,6.78
STU20240868,Female,2024,Mechanical,8.59,84.9,75.1,1,Yes,4,3,"C, SQL, MATLAB, ANSYS, C++, CATIA",92.1,74.5,62.5,66.3,Placed,Mahindra,Graduate Engineer Trainee,6.42
STU20240869,Male,2026,CSE,7.92,69.7,88.4,1,No,3,3,"Node.js, Java, Git, SQL, JavaScript, Python",98.0,82.9,57.6,67.9,Placed,Cognizant,Backend Developer,7.55
STU20240870,Male,2027,CSE,7.23,75.5,67.0,1,Yes,0,1,"Java, MongoDB, Node.js, Git, JavaScript",62.1,85.8,46.6,80.4,Not Placed,Not Placed,Not Placed,0.0
STU20240871,Male,2025,EEE,7.43,85.6,74.8,2,No,2,0,"SQL, Embedded C, Arduino, C++, MATLAB, IoT",54.9,71.2,64.7,73.6,Not Placed,Not Placed,Not Placed,0.0
STU20240872,Male,2024,CSE,7.72,72.6,80.3,1,Yes,4,1,"React, MongoDB, DSA, SQL, JavaScript",90.7,88.1,67.3,82.4,Placed,Tech Mahindra,QA Engineer,7.76
STU20240873,Male,2027,Civil,7.93,70.8,77.0,2,No,2,1,"Excel, Primavera, Revit, AutoCAD, STAAD Pro",58.6,73.5,85.1,58.9,Not Placed,Not Placed,Not Placed,0.0
STU20240874,Male,2025,IT,7.3,76.8,82.8,0,No,3,1,"MongoDB, Git, Node.js, Python, AWS, Java",60.1,87.8,65.0,53.0,Placed,TCS,Data Analyst,6.5
STU20240875,Male,2027,EEE,8.66,80.4,89.1,0,No,4,2,"SQL, AutoCAD, Python",68.7,91.7,68.4,63.3,Placed,HCLTech,Software Developer,6.67
STU20240876,Male,2026,Mechanical,6.37,78.5,75.6,1,No,2,2,"Python, C++, CATIA, SolidWorks, AutoCAD, SQL",47.8,82.9,67.5,61.2,Not Placed,Not Placed,Not Placed,0.0
STU20240877,Male,2025,IT,6.51,64.6,82.3,4,No,1,2,"JavaScript, Node.js, SQL",82.7,80.0,63.5,57.7,Not Placed,Not Placed,Not Placed,0.0
STU20240878,Male,2026,IT,7.79,59.6,69.5,0,No,3,3,"MongoDB, AWS, Python, React, SQL, Java",83.1,73.4,82.4,66.5,Placed,Capgemini,Full Stack Developer,5.61
STU20240879,Female,2025,ECE,7.03,82.0,72.9,1,Yes,1,1,"SQL, Git, IoT, Arduino, C++",97.3,97.6,85.6,57.7,Placed,HCLTech,Network Engineer,4.76
STU20240880,Male,2027,ECE,6.68,67.1,89.9,0,No,2,1,"SQL, Git, IoT",82.2,63.3,65.0,62.3,Not Placed,Not Placed,Not Placed,0.0
STU20240881,Male,2024,IT,7.36,72.1,88.5,1,No,3,1,"Node.js, Python, DSA, JavaScript, MongoDB, React",98.0,98.0,55.5,57.4,Placed,Deloitte,Software Developer,5.91
STU20240882,Male,2027,ECE,7.1,60.5,65.2,0,No,2,0,"Java, Git, Embedded C",67.8,54.9,65.2,55.0,Not Placed,Not Placed,Not Placed,0.0
STU20240883,Female,2027,Civil,7.51,83.9,75.2,2,No,3,2,"STAAD Pro, Excel, SQL, MATLAB",84.4,84.7,71.5,54.2,Not Placed,Not Placed,Not Placed,0.0
STU20240884,Female,2027,IT,7.37,78.9,75.9,1,No,2,0,"Node.js, React, Java, Git",61.6,63.8,50.6,57.2,Placed,Infosys,Full Stack Developer,4.08
STU20240885,Male,2027,CSE,7.54,79.0,78.3,2,Yes,3,3,"Java, Git, Python, DSA, SQL, React",76.9,98.0,65.1,79.2,Placed,Tech Mahindra,Backend Developer,7.66
STU20240886,Male,2025,IT,7.9,79.9,85.2,0,Yes,4,4,"Python, Node.js, AWS, JavaScript",98.0,81.4,50.8,69.6,Placed,Wipro,QA Engineer,8.23
STU20240887,Male,2026,IT,8.76,65.5,91.5,1,Yes,2,1,"SQL, Python, MongoDB, DSA",83.3,75.9,79.2,74.3,Placed,Accenture,Full Stack Developer,7.26
STU20240888,Male,2027,CSE,9.25,74.2,80.2,0,No,4,2,"MongoDB, Git, SQL, DSA",88.4,94.6,61.3,66.5,Placed,Wipro,QA Engineer,8.75
STU20240889,Female,2025,CSE,8.13,75.2,84.8,0,Yes,4,3,"Python, C++, React, DSA",85.4,98.0,67.0,80.6,Placed,Infosys,Backend Developer,5.45
STU20240890,Male,2024,EEE,7.84,72.4,80.7,3,No,3,0,"C, Embedded C, Java",83.4,94.0,68.0,75.0,Placed,TCS,Embedded Engineer,5.42
STU20240891,Female,2025,IT,7.74,75.4,75.8,1,No,2,0,"DSA, Git, JavaScript, MongoDB",80.4,77.5,52.9,75.4,Placed,HCLTech,Data Analyst,5.18
STU20240892,Male,2025,Civil,7.91,79.5,64.5,0,No,3,3,"SQL, AutoCAD, GIS, C, Python, Revit",98.0,84.8,70.9,66.8,Not Placed,Not Placed,Not Placed,0.0
STU20240893,Male,2027,CSE,8.33,85.9,84.6,4,No,2,1,"Node.js, MongoDB, C++, DSA, React, JavaScript",73.0,89.9,58.0,68.6,Placed,Zoho,QA Engineer,6.81
STU20240894,Female,2025,CSE,9.13,70.5,83.9,0,Yes,3,2,"Python, SQL, Node.js",85.7,91.6,94.6,58.8,Placed,Wipro,Data Analyst,7.71
STU20240895,Male,2026,EEE,6.04,73.0,74.0,2,No,1,0,"MATLAB, AutoCAD, Embedded C",68.9,70.5,80.2,60.6,Not Placed,Not Placed,Not Placed,0.0
STU20240896,Female,2027,Mechanical,7.35,81.4,68.0,1,No,1,1,"SolidWorks, C, ANSYS, Python, C++",63.4,76.8,83.5,77.8,Not Placed,Not Placed,Not Placed,0.0
STU20240897,Male,2025,CSE,8.29,72.3,91.1,0,Yes,3,1,"MongoDB, React, Java, Git",78.6,92.1,73.9,66.4,Placed,TCS,Backend Developer,6.23
STU20240898,Female,2027,CSE,7.98,76.6,77.6,0,Yes,2,3,"SQL, Node.js, Java",89.1,91.4,75.1,69.9,Placed,Zoho,Web Developer,7.43
STU20240899,Male,2024,CSE,7.2,79.3,66.5,2,Yes,3,0,,68.6,93.7,65.3,80.2,Placed,Infosys,Software Developer,4.93
STU20240900,Male,2024,ECE,6.65,74.7,63.8,2,Yes,3,1,"Python, Embedded C, C, IoT",98.0,71.4,72.4,75.8,Not Placed,Not Placed,Not Placed,0.0
STU20240901,Female,2024,IT,8.59,84.2,82.9,0,Yes,5,4,"JavaScript, AWS, React, SQL, DSA, MongoDB",98.0,90.0,94.5,73.0,Placed,Infosys,QA Engineer,6.64
STU20240902,Male,2025,CSE,7.36,77.1,79.8,0,No,1,2,"JavaScript, Node.js, Git, DSA",76.4,79.4,55.5,66.0,Placed,Cognizant,Software Developer,7.38
STU20240903,Male,2025,CSE,6.51,72.1,69.3,2,Yes,1,0,"Node.js, C++, Java",77.0,70.0,70.6,82.7,Placed,Wipro,Software Developer,4.45
STU20240904,Female,2025,ECE,8.48,71.0,81.1,1,No,2,1,"Arduino, IoT, MATLAB, Python, C++, Git",91.6,94.0,50.5,61.0,Placed,Infosys,Software Developer,7.02
STU20240905,Male,2025,Civil,7.89,79.5,81.0,2,No,3,0,"AutoCAD, Excel, Primavera",88.7,71.4,65.0,72.8,Not Placed,Not Placed,Not Placed,0.0
STU20240906,Female,2024,ECE,7.65,77.8,76.6,2,No,2,2,"C++, Git, C",79.4,96.0,68.6,65.6,Not Placed,Not Placed,Not Placed,0.0
STU20240907,Male,2026,ECE,6.97,68.5,68.9,2,No,3,0,"Embedded C, C++, Git, Python",98.0,74.5,70.8,75.4,Not Placed,Not Placed,Not Placed,0.0
STU20240908,Male,2024,CSE,7.9,81.8,83.1,0,No,3,1,"SQL, React, C++, MongoDB, Node.js",73.4,95.8,79.2,76.4,Placed,Zoho,QA Engineer,5.69
STU20240909,Male,2027,CSE,9.03,89.5,85.2,1,Yes,2,2,"Node.js, MongoDB, SQL, Python, Java",80.5,98.0,92.0,74.3,Placed,Deloitte,Data Analyst,7.95
STU20240910,Male,2027,IT,6.53,69.7,76.6,2,No,2,0,"DSA, Java, SQL, JavaScript",73.5,83.9,46.7,81.5,Placed,Deloitte,Software Developer,2.9
STU20240911,Female,2026,EEE,6.32,68.7,66.2,3,No,0,0,"Python, C++, Arduino",74.3,75.8,75.4,77.2,Not Placed,Not Placed,Not Placed,0.0
STU20240912,Male,2026,Mechanical,7.02,70.2,64.6,2,Yes,2,1,"AutoCAD, Excel, ANSYS, CATIA, Python, C++",98.0,89.3,90.4,69.5,Placed,L&T,Graduate Engineer Trainee,5.04
STU20240913,Male,2026,Civil,7.48,64.9,75.7,1,No,2,2,"AutoCAD, Python, Primavera, SQL, C",77.4,79.5,63.9,71.5,Placed,Tata Projects,Graduate Engineer Trainee,3.42
STU20240914,Male,2026,Civil,7.08,89.7,80.6,1,No,3,0,"Revit, GIS, Python",84.8,80.5,60.7,72.0,Not Placed,Not Placed,Not Placed,0.0
STU20240915,Male,2027,Civil,8.05,75.0,84.0,0,No,2,0,"MATLAB, SQL, Primavera, STAAD Pro, AutoCAD",84.9,74.5,73.8,80.3,Not Placed,Not Placed,Not Placed,0.0
STU20240916,Male,2027,Civil,8.43,73.1,81.9,2,Yes,3,1,"STAAD Pro, MATLAB, SQL, Revit",83.7,80.6,71.8,55.4,Not Placed,Not Placed,Not Placed,0.0
STU20240917,Female,2025,CSE,8.24,70.7,74.1,0,No,4,3,"Python, DSA, Node.js, React, Git, JavaScript",98.0,94.3,70.1,81.8,Placed,Accenture,Web Developer,8.33
STU20240918,Female,2026,CSE,8.48,76.5,72.3,1,Yes,2,1,"DSA, C++, SQL, MongoDB, Node.js, React",87.5,86.4,92.6,54.3,Placed,Cognizant,Software Developer,6.84
STU20240919,Female,2027,IT,8.13,73.5,76.8,0,No,3,1,"Git, MongoDB, JavaScript, SQL",95.0,89.5,98.0,74.3,Placed,Infosys,Software Developer,7.23
STU20240920,Male,2024,ECE,7.76,87.5,75.9,1,Yes,3,0,"Git, Java, MATLAB, Arduino, C++, IoT",77.8,82.6,66.8,78.2,Placed,HCLTech,Embedded Engineer,6.1
STU20240921,Male,2026,CSE,6.9,66.5,81.4,3,No,2,1,"DSA, C++, SQL",68.0,74.7,97.7,66.5,Placed,Tech Mahindra,Backend Developer,5.48
STU20240922,Male,2026,Mechanical,6.68,63.9,69.7,1,No,1,1,"Excel, SQL, ANSYS",66.8,84.1,62.1,75.9,Placed,L&T,Production Engineer,2.5
STU20240923,Female,2026,ECE,6.6,78.4,70.0,3,Yes,1,1,"C, C++, Arduino",74.1,68.3,76.2,58.7,Not Placed,Not Placed,Not Placed,0.0
STU20240924,Male,2025,ECE,7.62,76.3,90.0,1,No,3,1,"C, Python, C++, IoT, Arduino",94.0,85.1,56.9,59.4,Not Placed,Not Placed,Not Placed,0.0
STU20240925,Male,2025,CSE,8.2,76.9,88.0,1,Yes,4,2,"Node.js, DSA, Git, Python, Java, MongoDB",98.0,98.0,61.3,60.3,Placed,Deloitte,Data Analyst,8.84
STU20240926,Male,2024,CSE,6.77,78.8,67.1,2,No,2,0,"Java, JavaScript, C++, MongoDB, React, DSA",75.9,81.9,62.8,61.0,Placed,Infosys,Web Developer,5.11
STU20240927,Female,2026,CSE,8.06,79.1,87.0,1,Yes,2,3,"DSA, Python, C++, Node.js, MongoDB",98.0,87.0,83.0,85.4,Placed,Wipro,Data Analyst,7.84
STU20240928,Female,2027,Mechanical,6.81,74.7,65.5,0,Yes,2,1,"AutoCAD, SolidWorks, C++, C, Python, MATLAB",81.6,59.1,69.9,87.7,Not Placed,Not Placed,Not Placed,0.0
STU20240929,Female,2027,ECE,6.84,65.3,70.4,1,Yes,4,2,"MATLAB, IoT, Python, C, C++, Arduino",71.2,78.8,46.0,71.9,Placed,Wipro,QA Engineer,6.51
STU20240930,Male,2025,EEE,7.12,64.1,72.0,0,No,1,0,"C, Embedded C, Python, IoT",74.5,96.3,51.1,71.2,Placed,Siemens,Embedded Engineer,2.86
STU20240931,Female,2025,IT,6.95,70.5,73.2,0,No,1,0,"JavaScript, DSA, Git, React, SQL, Java",81.5,71.8,45.3,91.9,Not Placed,Not Placed,Not Placed,0.0
STU20240932,Male,2027,IT,8.42,71.5,82.1,0,No,3,3,"Python, AWS, JavaScript, Git, Node.js, SQL",94.8,90.5,77.8,64.0,Placed,Accenture,Full Stack Developer,6.31
STU20240933,Male,2026,IT,7.76,79.3,76.7,3,Yes,4,3,"Python, Git, AWS, Node.js, React, JavaScript",78.0,90.5,73.0,64.9,Placed,Infosys,Data Analyst,7.3
STU20240934,Male,2026,EEE,8.34,66.3,81.8,0,Yes,3,2,"MATLAB, Python, SQL, AutoCAD",79.9,92.5,75.0,83.9,Placed,Wipro,Embedded Engineer,5.15
STU20240935,Male,2025,EEE,7.27,73.0,71.8,2,No,2,1,"MATLAB, C++, Arduino",72.3,72.8,70.6,62.7,Not Placed,Not Placed,Not Placed,0.0
STU20240936,Male,2024,CSE,7.66,75.9,78.3,2,Yes,4,0,"DSA, JavaScript, Git, C++",80.9,89.9,60.8,61.4,Placed,Infosys,Software Developer,8.2
STU20240937,Male,2027,Civil,9.09,80.4,80.1,1,Yes,2,4,"Python, MATLAB, Primavera, AutoCAD, GIS",89.1,98.0,78.5,83.4,Placed,Afcons Infrastructure,Civil Engineer,5.92
STU20240938,Male,2026,CSE,6.62,77.3,63.2,2,No,0,1,"Python, React, Node.js, Git, JavaScript, Java",90.8,55.9,85.1,85.3,Not Placed,Not Placed,Not Placed,0.0
STU20240939,Male,2025,Mechanical,8.64,77.3,81.7,0,No,3,2,"Python, C++, MATLAB, AutoCAD",80.6,64.3,81.9,63.1,Placed,Bosch,Production Engineer,5.82
STU20240940,Female,2027,CSE,9.41,76.9,81.1,0,No,4,4,"MongoDB, SQL, Java",72.4,93.7,62.4,68.6,Placed,Accenture,Data Analyst,8.3
STU20240941,Female,2026,CSE,8.65,88.3,73.4,0,Yes,4,0,"DSA, Git, Python, JavaScript",67.8,75.1,70.2,83.6,Placed,Deloitte,Web Developer,8.67
STU20240942,Male,2027,Mechanical,7.27,73.9,71.7,0,No,3,0,"CATIA, AutoCAD, ANSYS, Python",88.7,81.9,60.9,59.9,Not Placed,Not Placed,Not Placed,0.0
STU20240943,Male,2025,CSE,9.21,91.0,77.1,0,No,1,3,"C++, DSA, Git",77.0,87.8,88.3,80.2,Placed,Deloitte,QA Engineer,5.45
STU20240944,Female,2025,IT,7.63,74.8,,0,No,2,2,"DSA, JavaScript, Java, AWS, SQL",81.4,87.9,56.8,86.4,Placed,Capgemini,Full Stack Developer,4.88
STU20240945,Male,2027,IT,7.3,76.1,87.0,0,No,0,2,"SQL, MongoDB, Python, JavaScript, Git, AWS",63.0,83.3,71.6,54.2,Not Placed,Not Placed,Not Placed,0.0
STU20240946,Male,2027,CSE,7.67,76.2,90.3,1,No,3,2,"C++, Java, SQL, Git, React",79.1,74.8,66.2,52.9,Placed,TCS,Software Developer,6.25
STU20240947,Male,2027,EEE,7.17,77.5,55.3,2,No,3,0,"C, Embedded C, SQL, Python",74.4,74.7,58.6,49.6,Not Placed,Not Placed,Not Placed,0.0
STU20240948,Male,2027,Mechanical,6.75,71.9,76.6,1,No,1,0,"C++, Excel, C, SolidWorks",63.0,67.7,69.7,62.8,Placed,Tata Motors,Design Engineer,2.5
STU20240949,Male,2025,Mechanical,8.49,79.9,84.6,0,Yes,1,2,"CATIA, MATLAB, SQL, C, C++",94.8,95.3,71.1,57.9,Not Placed,Not Placed,Not Placed,0.0
STU20240950,Male,2024,IT,7.24,86.8,73.0,0,No,2,1,"AWS, DSA, JavaScript, Java, React",91.9,77.4,78.6,82.0,Placed,Deloitte,Full Stack Developer,5.45
STU20240951,Male,2025,ECE,7.72,84.6,82.3,0,No,3,2,"C++, Embedded C, C",88.8,97.6,64.5,57.4,Placed,Wipro,Software Developer,5.24
STU20240952,Male,2027,CSE,6.77,82.3,84.9,1,No,2,1,"C++, MongoDB, SQL, JavaScript, Git",98.0,89.9,51.7,64.1,Placed,Tech Mahindra,Backend Developer,4.99
STU20240953,Male,2025,CSE,8.03,68.7,67.1,2,No,4,0,"Java, React, C++",69.4,82.8,69.4,73.3,Placed,Infosys,Web Developer,7.14
STU20240954,Male,2026,CSE,7.02,67.3,74.9,0,No,2,3,"Java, Git, React, MongoDB, DSA",72.6,76.2,71.3,59.1,Placed,Zoho,QA Engineer,5.82
STU20240955,Male,2027,Civil,6.5,75.8,86.2,2,No,3,1,"STAAD Pro, MATLAB, Primavera",70.8,68.2,73.9,69.1,Not Placed,Not Placed,Not Placed,0.0
STU20240956,Male,2027,Mechanical,7.46,82.0,66.5,1,No,0,1,"SQL, CATIA, Excel, C++",80.8,84.4,67.4,76.7,Placed,Maruti Suzuki,Mechanical Engineer,4.02
STU20240957,Male,2027,EEE,8.55,75.7,77.3,1,No,2,1,"C, Arduino, Java",67.6,84.7,85.2,98.0,Not Placed,Not Placed,Not Placed,0.0
STU20240958,Male,2026,ECE,8.12,73.4,73.8,0,No,1,2,"MATLAB, Java, Python, Git, SQL",86.1,76.8,55.0,73.5,Not Placed,Not Placed,Not Placed,0.0
STU20240959,Male,2026,ECE,8.18,88.2,84.4,0,No,3,2,"MATLAB, Git, Python, C++",66.1,96.4,85.5,50.0,Placed,L&T Technology Services,Network Engineer,5.14
STU20240960,Male,2027,ECE,7.64,81.9,84.0,2,Yes,2,3,"Python, MATLAB, Java, Git, Arduino",87.2,94.4,78.0,81.3,Placed,HCLTech,Embedded Engineer,5.11
STU20240961,Male,2024,ECE,7.46,84.1,76.3,3,No,3,1,"Embedded C, Java, Git, C++, MATLAB, Arduino",93.7,72.3,64.1,72.7,Placed,Wipro,QA Engineer,4.53
STU20240962,Male,2024,IT,8.57,76.3,78.4,0,Yes,4,2,"JavaScript, Java, React, Python, Git, MongoDB",74.3,94.5,87.9,79.0,Placed,Zoho,Full Stack Developer,7.9
STU20240963,Male,2027,CSE,7.52,73.2,63.3,0,No,2,2,"JavaScript, MongoDB, Java, React, Python",73.2,88.5,74.1,67.8,Placed,TCS,Data Analyst,6.12
STU20240964,Male,2026,CSE,8.71,86.4,88.5,0,No,3,2,"SQL, Java, JavaScript, Python",98.0,98.0,91.4,79.5,Placed,Capgemini,Data Analyst,7.15
STU20240965,Female,2026,Civil,8.55,77.5,75.6,0,No,2,0,"MATLAB, GIS, STAAD Pro, SQL, Primavera, Revit",98.0,82.1,64.1,66.0,Placed,Tata Projects,Graduate Engineer Trainee,7.72
STU20240966,Male,2024,ECE,7.03,71.3,73.0,0,No,2,1,"Arduino, C++, Git, C",58.0,78.2,59.2,72.7,Not Placed,Not Placed,Not Placed,0.0
STU20240967,Female,2026,Civil,6.91,68.9,80.5,0,No,1,0,"Excel, MATLAB, Primavera, AutoCAD, STAAD Pro",76.6,80.7,74.8,71.4,Not Placed,Not Placed,Not Placed,0.0
STU20240968,Male,2027,CSE,7.54,73.3,76.7,5,Yes,3,0,"Git, DSA, Node.js, MongoDB, React",88.0,92.9,71.0,74.3,Placed,Deloitte,QA Engineer,5.78
STU20240969,Male,2026,ECE,6.5,80.4,79.6,4,No,3,0,"MATLAB, IoT, Embedded C, C++, SQL, Java",74.9,79.0,47.3,65.1,Placed,L&T Technology Services,Software Developer,3.54
STU20240970,Female,2025,CSE,7.6,66.4,79.7,2,No,2,1,"DSA, Java, C++",95.2,83.3,94.7,82.4,Placed,Capgemini,QA Engineer,6.15
STU20240971,Male,2026,CSE,9.11,85.2,81.0,0,Yes,5,2,"C++, Git, MongoDB, Python, DSA, React",86.5,89.4,98.0,89.5,Placed,Wipro,QA Engineer,9.07
STU20240972,Male,2027,CSE,7.11,70.8,76.4,0,Yes,3,1,"C++, JavaScript, Java, React, Git",73.1,76.8,70.9,96.2,Placed,Deloitte,Web Developer,7.21
STU20240973,Male,2027,CSE,9.13,79.4,71.8,0,Yes,4,0,"React, Java, DSA, MongoDB, JavaScript",82.7,88.2,67.6,74.6,Placed,Accenture,Data Analyst,6.06
STU20240974,Female,2025,Civil,7.13,74.8,73.2,1,No,1,1,"Primavera, Excel, STAAD Pro, Python, SQL, GIS",76.1,84.2,59.9,71.7,Not Placed,Not Placed,Not Placed,0.0
STU20240975,Female,2026,IT,9.7,80.7,88.8,1,Yes,3,4,"Node.js, React, DSA, JavaScript, AWS",87.8,98.0,83.8,76.5,Placed,Deloitte,QA Engineer,7.75
STU20240976,Male,2025,ECE,7.17,73.9,68.1,0,No,1,2,"SQL, Embedded C, C, IoT, C++",83.8,72.5,87.4,59.5,Not Placed,Not Placed,Not Placed,0.0
STU20240977,Female,2025,IT,7.78,74.3,71.0,1,No,3,2,"Git, JavaScript, Python, Node.js, MongoDB",77.2,93.9,98.0,79.6,Placed,Deloitte,Full Stack Developer,6.71
STU20240978,Male,2024,IT,7.13,71.8,68.1,0,No,2,0,"SQL, Java, JavaScript, Node.js, MongoDB",73.7,75.0,64.6,65.8,Placed,Deloitte,Full Stack Developer,5.58
STU20240979,Male,2026,ECE,7.17,85.2,75.4,0,No,2,2,"Embedded C, IoT, MATLAB",78.9,79.3,64.1,76.1,Placed,L&T Technology Services,Network Engineer,4.56
STU20240980,Male,2026,CSE,9.14,81.0,89.5,0,Yes,3,1,"SQL, Python, Git",78.9,97.9,74.4,59.2,Placed,Deloitte,Data Analyst,9.99
STU20240981,Male,2025,Civil,7.9,76.9,80.2,0,No,2,0,"Primavera, STAAD Pro, GIS",92.3,89.4,76.9,75.8,Not Placed,Not Placed,Not Placed,0.0
STU20240982,Male,2025,Mechanical,8.42,74.5,62.5,1,No,1,3,"ANSYS, Excel, SolidWorks, SQL, AutoCAD",88.5,91.1,62.6,84.5,Not Placed,Not Placed,Not Placed,0.0
STU20240983,Female,2024,EEE,6.53,71.5,77.2,0,No,0,1,"IoT, Arduino, MATLAB, C++, AutoCAD, Embedded C",76.1,91.4,48.4,61.3,Not Placed,Not Placed,Not Placed,0.0
STU20240984,Male,2024,IT,8.46,74.7,74.7,0,Yes,3,2,"Node.js, AWS, Git, DSA, MongoDB",73.2,70.1,70.8,67.9,Placed,Capgemini,Support Engineer,7.47
STU20240985,Male,2026,CSE,7.17,81.3,77.9,0,No,2,0,"JavaScript, SQL, React, DSA, MongoDB",95.0,86.5,72.7,63.6,Not Placed,Not Placed,Not Placed,0.0
STU20240986,Male,2025,Civil,6.36,68.6,71.1,4,No,1,1,"Python, Primavera, Excel, STAAD Pro, MATLAB, C",47.7,63.3,87.7,63.6,Not Placed,Not Placed,Not Placed,0.0
STU20240987,Male,2024,IT,8.1,62.5,70.8,3,Yes,3,2,"AWS, SQL, JavaScript",92.5,86.8,58.4,89.4,Placed,HCLTech,Full Stack Developer,7.88
STU20240988,Male,2027,CSE,8.19,78.9,76.6,0,No,4,1,"React, MongoDB, Git, C++, Python, Java",88.3,87.2,87.4,70.8,Placed,Wipro,Software Developer,5.68
STU20240989,Female,2025,IT,7.95,75.9,73.4,1,No,4,0,"JavaScript, AWS, SQL, React, Java, Node.js",93.4,83.3,70.5,57.9,Placed,HCLTech,QA Engineer,6.95
STU20240990,Male,2027,Mechanical,8.16,74.3,79.2,1,Yes,3,2,"Python, C, SolidWorks, CATIA, MATLAB",81.4,78.3,69.5,63.7,Placed,Mahindra,Production Engineer,5.1
STU20240991,Male,2026,ECE,8.49,85.6,71.7,0,No,3,3,"Java, Git, MATLAB, C, Python",86.6,77.5,53.8,44.9,Placed,TCS,Software Developer,5.61
STU20240992,Female,2026,EEE,8.9,61.1,71.2,1,Yes,4,0,"Arduino, Embedded C, C, MATLAB",98.0,69.4,80.7,64.3,Placed,TCS,Embedded Engineer,6.36
STU20240993,Female,2026,Mechanical,6.54,85.4,77.8,1,No,2,2,"SolidWorks, MATLAB, SQL, CATIA",73.4,75.7,69.7,54.4,Not Placed,Not Placed,Not Placed,0.0
STU20240994,Female,2024,CSE,9.28,88.6,87.8,0,Yes,4,1,"MongoDB, SQL, Git, DSA, JavaScript, C++",94.7,93.8,98.0,59.0,Placed,Tech Mahindra,Software Developer,8.09
STU20240995,Male,2027,Civil,9.1,76.4,83.6,0,No,3,2,"GIS, STAAD Pro, Revit",91.6,98.0,73.0,64.4,Not Placed,Not Placed,Not Placed,0.0
STU20240996,Male,2027,IT,7.59,73.8,71.0,0,Yes,3,0,"Node.js, Java, Git, MongoDB, Python",98.0,92.2,90.6,60.5,Placed,Wipro,QA Engineer,6.75
STU20240997,Male,2025,ECE,6.33,77.4,66.9,1,No,1,1,"MATLAB, Git, IoT, C, C++, SQL",50.7,81.6,61.4,67.5,Not Placed,Not Placed,Not Placed,0.0
STU20240998,Female,2027,CSE,6.82,78.8,68.6,0,Yes,2,1,"DSA, MongoDB, C++, React, Node.js, Python",90.3,87.1,62.8,77.8,Placed,Cognizant,Software Developer,5.86
STU20240999,Female,2026,Civil,7.11,71.3,80.4,1,Yes,0,1,"AutoCAD, MATLAB, GIS",76.7,65.6,46.6,77.0,Not Placed,Not Placed,Not Placed,0.0
STU20241000,Female,2027,IT,9.61,70.7,75.2,0,No,3,2,"Git, DSA, Java",95.2,98.0,93.4,72.0,Placed,Zoho,Support Engineer,8.43
STU20241001,Male,2027,CSE,8.01,92.8,82.8,1,Yes,1,1,"JavaScript, Python, React, Git",63.0,85.4,73.8,42.9,Placed,Accenture,Software Developer,6.88
STU20241002,Male,2024,IT,7.38,83.1,79.4,3,Yes,3,1,"MongoDB, React, Java",93.9,68.5,69.5,67.3,Placed,Deloitte,Data Analyst,7.54
STU20241003,Male,2027,CSE,7.42,77.6,83.7,2,Yes,2,1,"SQL, Java, JavaScript, DSA, React, Node.js",64.2,90.9,65.9,88.3,Placed,Accenture,Data Analyst,6.17
STU20241004,Male,2027,CSE,6.88,76.4,81.0,1,No,3,4,"Python, JavaScript, DSA",95.2,76.2,70.6,94.6,Placed,Deloitte,Web Developer,5.68
STU20241005,Male,2026,ECE,8.49,83.6,81.7,0,Yes,3,0,"SQL, Embedded C, Java, Python, C++",79.1,74.7,64.7,82.7,Placed,Infosys,Software Developer,7.28
STU20241006,Male,2024,IT,7.82,82.7,65.8,1,No,2,0,"React, MongoDB, JavaScript, SQL, AWS",97.4,95.6,77.1,69.7,Placed,Zoho,Full Stack Developer,5.53
STU20241007,Male,2027,Civil,9.28,66.6,84.3,0,No,3,2,"Python, MATLAB, SQL, GIS",81.1,95.4,64.7,59.0,Not Placed,Not Placed,Not Placed,0.0
STU20241008,Female,2026,IT,8.43,76.6,78.6,0,Yes,2,0,"Java, Python, MongoDB, SQL, Node.js",71.6,72.8,72.0,88.0,Placed,HCLTech,Data Analyst,7.86
STU20241009,Female,2025,EEE,8.36,,75.0,1,Yes,4,1,"AutoCAD, Python, Arduino, Embedded C",86.3,82.5,79.9,71.1,Placed,TCS,Electrical Engineer,7.11
STU20241010,Female,2027,IT,7.69,76.1,85.3,1,Yes,3,2,"React, AWS, Git, JavaScript, DSA",72.7,95.6,89.1,70.0,Not Placed,Not Placed,Not Placed,0.0
STU20241011,Female,2026,ECE,6.82,80.4,72.4,3,No,1,0,"Arduino, Embedded C, C++, Git",69.4,61.7,70.0,82.8,Placed,L&T Technology Services,Software Developer,3.42
STU20241012,Female,2027,ECE,7.01,63.0,70.2,1,Yes,1,1,"Git, Python, Arduino, IoT",93.4,75.2,84.9,36.0,Placed,TCS,QA Engineer,5.09
STU20241013,Male,2026,IT,6.74,65.4,81.1,1,No,1,0,"Java, Git, Node.js, DSA",65.2,71.9,66.8,68.2,Not Placed,Not Placed,Not Placed,0.0
STU20241014,Male,2025,Civil,8.27,73.9,74.5,0,No,2,3,"Primavera, STAAD Pro, SQL, AutoCAD",84.1,98.0,60.9,51.3,Not Placed,Not Placed,Not Placed,0.0
STU20241015,Male,2027,IT,7.57,78.0,71.4,4,Yes,2,0,"Python, React, Java, Git, Node.js",97.6,64.4,97.3,79.6,Placed,Accenture,Software Developer,5.64
STU20241016,Male,2026,CSE,8.81,85.8,70.9,0,Yes,3,1,"C++, MongoDB, JavaScript, SQL, Node.js, Java",90.0,74.5,73.7,92.4,Placed,Accenture,Software Developer,7.46
STU20241017,Male,2026,EEE,7.77,88.8,70.2,1,No,2,0,"Python, Java, IoT",93.0,74.3,83.4,74.9,Placed,HCLTech,Graduate Engineer Trainee,5.83
STU20241018,Female,2025,Mechanical,7.3,74.2,69.6,1,No,2,0,"MATLAB, SQL, Python, C++, Excel",83.8,71.2,61.1,92.6,Not Placed,Not Placed,Not Placed,0.0
STU20241019,Female,2024,CSE,7.01,81.3,78.3,1,Yes,2,0,"C++, React, Python, JavaScript, Git",87.7,76.5,74.8,75.5,Not Placed,Not Placed,Not Placed,0.0
STU20241020,Female,2026,IT,8.16,83.4,69.9,0,No,3,1,"AWS, SQL, Node.js",83.1,80.7,77.1,86.3,Placed,TCS,QA Engineer,8.15
STU20241021,Female,2025,Mechanical,7.36,80.2,61.9,0,No,2,0,"AutoCAD, Python, SQL",84.4,86.3,69.4,49.9,Not Placed,Not Placed,Not Placed,0.0
STU20241022,Female,2027,EEE,8.42,78.9,79.9,0,Yes,3,0,"Java, C++, MATLAB, Embedded C",98.0,85.6,98.0,75.5,Placed,L&T Technology Services,Embedded Engineer,5.91
STU20241023,Male,2027,Civil,6.89,72.4,69.2,0,No,2,1,"Python, Primavera, C",71.1,67.9,73.1,53.1,Not Placed,Not Placed,Not Placed,0.0
STU20241024,Female,2027,ECE,8.27,71.2,77.2,1,No,2,0,"C, MATLAB, Embedded C, Git, C++",87.0,80.1,68.3,73.6,Not Placed,Not Placed,Not Placed,0.0
STU20241025,Female,2025,ECE,9.14,72.9,88.7,0,No,3,1,"IoT, Git, C++",80.7,87.6,97.0,65.2,Placed,L&T Technology Services,Embedded Engineer,7.45
STU20241026,Female,2026,IT,8.13,80.8,77.5,0,No,0,2,"React, DSA, SQL",88.7,94.2,49.0,66.6,Placed,Accenture,Full Stack Developer,6.27
STU20241027,Male,2024,Civil,8.17,78.0,87.6,0,No,2,2,"SQL, Primavera, Excel, Python",61.4,94.6,53.7,66.4,Not Placed,Not Placed,Not Placed,0.0
STU20241028,Male,2027,IT,8.39,76.1,77.2,0,No,2,1,"DSA, Java, Python, AWS, MongoDB",79.0,92.2,85.0,81.6,Placed,Accenture,QA Engineer,7.01
STU20241029,Female,2026,EEE,9.26,85.8,87.1,0,Yes,4,1,"Arduino, Java, C",98.0,85.1,80.0,75.3,Placed,Schneider Electric,Electrical Engineer,7.59
STU20241030,Male,2027,IT,8.22,77.1,73.4,0,No,2,1,"Python, Java, AWS, Node.js, SQL, JavaScript",79.9,87.3,65.8,71.3,Placed,Wipro,Support Engineer,5.95
STU20241031,Male,2025,ECE,8.34,72.5,78.3,1,Yes,3,0,"IoT, C++, Arduino, Embedded C, C, MATLAB",63.3,72.8,78.5,73.2,Placed,HCLTech,Network Engineer,7.2
STU20241032,Male,2025,EEE,7.62,75.2,69.0,1,No,3,1,"Arduino, C, Java, Python, SQL, IoT",72.0,89.2,84.3,77.6,Placed,L&T Technology Services,Graduate Engineer Trainee,4.15
STU20241033,Male,2027,ECE,7.09,81.5,,1,No,1,0,"SQL, C, Git",65.4,87.2,54.6,66.4,Not Placed,Not Placed,Not Placed,0.0
STU20241034,Male,2026,Civil,6.47,,70.9,3,No,2,2,"Primavera, AutoCAD, STAAD Pro, MATLAB",91.8,56.6,64.7,55.7,Not Placed,Not Placed,Not Placed,0.0
STU20241035,Female,2027,IT,8.98,81.9,69.9,1,No,2,1,"Python, DSA, Java, Node.js, AWS",95.0,87.2,76.4,80.5,Placed,Deloitte,QA Engineer,6.8
STU20241036,Female,2027,ECE,6.89,74.8,74.7,1,No,2,2,"IoT, Embedded C, Python",85.8,78.7,71.5,63.7,Placed,Wipro,Software Developer,6.07
STU20241037,Female,2026,IT,8.53,74.0,75.9,1,No,2,1,"Git, MongoDB, Python, Node.js, DSA, JavaScript",68.5,94.9,82.5,72.4,Placed,Cognizant,QA Engineer,6.26
STU20241038,Male,2025,IT,8.25,76.6,78.9,0,Yes,2,2,"Python, Git, React",81.9,80.5,47.4,82.2,Placed,TCS,Software Developer,6.73
STU20241039,Male,2026,IT,8.68,68.7,69.2,0,Yes,2,4,"Java, Git, Python, AWS",98.0,86.5,81.7,60.2,Placed,Cognizant,QA Engineer,8.54
STU20241040,Male,2027,CSE,7.56,77.7,80.3,2,Yes,2,3,"C++, Node.js, MongoDB, SQL",89.1,86.6,45.4,63.2,Placed,Accenture,Data Analyst,7.31
STU20241041,Male,2027,CSE,7.33,66.8,86.7,3,Yes,1,2,"JavaScript, Git, Java, React, SQL",68.6,86.4,68.8,55.8,Not Placed,Not Placed,Not Placed,0.0
STU20241042,Male,2025,EEE,7.97,85.4,86.9,2,No,1,0,"Java, C++, Embedded C, AutoCAD, Arduino, IoT",87.4,81.6,58.2,64.8,Not Placed,Not Placed,Not Placed,0.0
STU20241043,Female,2026,ECE,7.5,76.1,88.6,3,No,2,1,"Embedded C, IoT, MATLAB, SQL, Python",62.7,89.5,72.6,81.7,Placed,Tech Mahindra,Network Engineer,3.91
STU20241044,Female,2025,EEE,6.6,70.5,73.1,4,No,2,1,"Arduino, Python, C, AutoCAD, Java, MATLAB",63.3,83.1,75.1,68.7,Not Placed,Not Placed,Not Placed,0.0
STU20241045,Male,2026,CSE,9.65,90.2,78.6,0,Yes,4,0,"DSA, MongoDB, Java, Node.js",71.2,87.3,79.3,90.0,Placed,Tech Mahindra,Software Developer,8.92
STU20241046,Male,2027,IT,7.23,68.9,,2,Yes,1,1,"JavaScript, AWS, Python",72.9,78.1,60.4,76.9,Placed,Wipro,QA Engineer,5.15
STU20241047,Male,2027,CSE,7.16,70.7,72.7,0,Yes,2,1,"MongoDB, DSA, Java",84.0,84.5,51.5,66.2,Placed,Infosys,QA Engineer,4.95
STU20241048,Male,2025,EEE,7.44,63.8,62.9,0,No,3,1,"SQL, C, Embedded C, AutoCAD",68.7,74.0,69.3,60.8,Not Placed,Not Placed,Not Placed,0.0
STU20241049,Male,2025,Mechanical,8.61,88.7,84.0,0,Yes,3,3,"MATLAB, Python, C, AutoCAD, SQL",85.0,85.0,69.1,92.0,Placed,Mahindra,Production Engineer,6.39
STU20241050,Male,2025,CSE,6.16,86.5,70.0,3,No,2,0,"MongoDB, Python, DSA",61.3,57.4,69.0,78.4,Placed,TCS,Web Developer,6.46
STU20241051,Male,2024,EEE,8.64,67.9,68.1,0,Yes,3,2,"C, C++, SQL, MATLAB, Embedded C",79.2,98.0,69.0,70.8,Placed,Schneider Electric,Software Developer,5.85
STU20241052,Male,2025,CSE,7.23,70.4,71.0,3,No,1,2,"MongoDB, DSA, Node.js, JavaScript, Java, C++",61.7,98.0,87.1,70.6,Placed,Accenture,QA Engineer,4.41
STU20241053,Female,2027,CSE,8.22,79.0,75.7,1,No,2,1,"C++, DSA, Git, Java, Node.js",96.6,77.6,73.5,63.7,Placed,Cognizant,Backend Developer,5.88
STU20241054,Male,2025,CSE,7.43,73.0,75.1,3,Yes,3,3,"React, Node.js, SQL",71.9,91.6,81.7,42.7,Placed,Cognizant,Backend Developer,6.32
STU20241055,Male,2025,IT,9.59,81.8,81.1,0,No,4,0,"Python, JavaScript, AWS, Node.js, DSA",90.5,98.0,71.9,70.0,Placed,HCLTech,Full Stack Developer,8.35
STU20241056,Male,2026,EEE,7.76,76.6,85.5,0,No,2,1,"C, Embedded C, SQL, Arduino, Python, C++",73.1,70.4,80.6,54.1,Placed,Wipro,Embedded Engineer,7.42
STU20241057,Male,2024,Civil,6.9,78.1,64.6,0,Yes,3,1,"STAAD Pro, MATLAB, Excel, AutoCAD, Primavera",81.4,82.7,75.7,68.7,Placed,L&T,Site Engineer,4.94
STU20241058,Male,2025,CSE,7.74,70.6,74.8,0,Yes,1,1,"DSA, MongoDB, JavaScript, Java, Node.js, SQL",98.0,93.7,62.1,57.9,Placed,TCS,QA Engineer,6.59
STU20241059,Female,2027,ECE,7.83,78.9,70.0,0,No,2,0,"MATLAB, Python, Java, IoT",98.0,77.8,51.9,66.8,Placed,TCS,Network Engineer,6.01
STU20241060,Female,2024,EEE,7.8,69.7,84.9,1,No,1,2,"Arduino, IoT, SQL, AutoCAD, Java",74.5,82.0,87.7,57.0,Placed,Siemens,Electrical Engineer,4.76
STU20241061,Male,2025,Civil,7.87,74.8,72.3,1,No,1,0,"AutoCAD, GIS, Excel",82.5,93.0,66.0,69.8,Not Placed,Not Placed,Not Placed,0.0
STU20241062,Male,2026,ECE,7.75,65.2,73.5,0,Yes,1,1,"C, Python, Java, C++",88.4,76.3,62.6,81.3,Placed,TCS,Software Developer,4.47
STU20241063,Male,2025,CSE,6.83,72.2,80.8,3,No,1,1,"React, Git, Node.js, Java, JavaScript, DSA",87.3,70.2,63.4,72.8,Not Placed,Not Placed,Not Placed,0.0
STU20241064,Male,2025,ECE,7.46,72.6,84.4,2,No,3,3,"C++, Embedded C, SQL, Arduino, Git",88.0,84.3,57.5,51.3,Placed,Infosys,QA Engineer,4.6
STU20241065,Male,2025,IT,8.42,,88.0,2,No,2,1,"MongoDB, JavaScript, AWS, React, Node.js, DSA",96.0,98.0,81.9,49.0,Placed,Accenture,Support Engineer,5.36
STU20241066,Female,2025,Civil,6.93,74.9,,2,Yes,2,3,"STAAD Pro, Python, AutoCAD, Excel, Primavera",80.2,90.0,67.6,57.6,Placed,JLL,Site Engineer,3.58
STU20241067,Male,2027,IT,8.47,80.0,81.2,1,No,2,3,"Node.js, Git, MongoDB, DSA, Python, JavaScript",75.4,95.1,74.6,81.3,Placed,HCLTech,Support Engineer,5.57
STU20241068,Male,2025,EEE,7.68,77.0,77.6,0,No,0,0,"C++, C, SQL, Python, AutoCAD, Arduino",87.2,82.1,85.5,95.3,Placed,Schneider Electric,Graduate Engineer Trainee,6.47
STU20241069,Male,2025,CSE,7.81,62.6,75.7,2,No,3,0,"MongoDB, Java, C++, React, JavaScript, Python",83.8,70.8,72.5,60.9,Placed,Wipro,Software Developer,6.11
STU20241070,Male,2025,IT,8.92,66.3,79.5,1,Yes,1,0,"Java, DSA, JavaScript, MongoDB, Python, React",86.7,90.2,96.2,60.7,Placed,Accenture,Data Analyst,5.63
STU20241071,Female,2027,Mechanical,6.07,70.9,80.4,3,No,1,0,"SolidWorks, SQL, Python, C, C++",52.2,66.1,64.0,85.6,Not Placed,Not Placed,Not Placed,0.0
STU20241072,Male,2024,ECE,7.18,77.9,81.7,0,No,2,0,"C++, SQL, Arduino, Python, C, MATLAB",67.3,75.5,49.1,64.0,Not Placed,Not Placed,Not Placed,0.0
STU20241073,Male,2027,IT,8.95,78.7,85.4,0,No,3,1,"Python, Java, Git, SQL, React, Node.js",83.3,87.3,64.3,68.1,Placed,TCS,QA Engineer,6.14
STU20241074,Male,2025,Civil,9.06,74.6,80.9,0,No,3,2,"AutoCAD, SQL, STAAD Pro, Primavera, GIS, C",94.8,98.0,66.8,71.0,Placed,L&T,Design Engineer,6.14
STU20241075,Female,2027,Mechanical,9.49,80.0,96.5,0,No,3,0,"MATLAB, SQL, C, SolidWorks",98.0,98.0,79.4,60.8,Placed,L&T,Production Engineer,6.85
STU20241076,Male,2025,IT,7.94,75.6,73.6,1,Yes,4,3,"AWS, MongoDB, Node.js, Git, React, Java",94.7,81.2,91.5,63.7,Placed,TCS,Software Developer,7.16
STU20241077,Male,2024,ECE,8.14,83.8,65.7,1,No,4,4,"SQL, Python, IoT, C, MATLAB, Java",84.1,98.0,75.0,68.1,Not Placed,Not Placed,Not Placed,0.0
STU20241078,Male,2026,ECE,8.44,84.2,75.9,2,No,2,1,"C++, Python, C",71.0,84.4,70.8,64.1,Not Placed,Not Placed,Not Placed,0.0
STU20241079,Male,2025,ECE,8.83,76.2,79.2,0,Yes,3,0,"Python, Java, Embedded C, SQL",98.0,95.3,71.4,51.6,Placed,Wipro,Network Engineer,6.0
STU20241080,Female,2026,IT,8.17,78.1,86.2,1,Yes,3,2,"Git, AWS, MongoDB, SQL, React, JavaScript",87.8,91.4,79.8,62.2,Placed,Deloitte,Full Stack Developer,6.25
STU20241081,Male,2026,CSE,8.79,81.9,75.2,1,No,2,0,"DSA, JavaScript, Node.js, MongoDB",46.2,79.9,80.6,67.3,Placed,Cognizant,Software Developer,8.63
STU20241082,Male,2026,Civil,7.89,80.7,79.7,1,No,3,3,"SQL, Excel, Primavera, GIS, C",95.1,82.7,81.9,62.3,Not Placed,Not Placed,Not Placed,0.0
STU20241083,Male,2024,Civil,7.94,89.4,66.1,1,Yes,4,3,"AutoCAD, GIS, SQL, Excel, C",89.8,88.6,62.6,79.0,Placed,L&T,Civil Engineer,7.55
STU20241084,Male,2026,Mechanical,6.77,74.7,80.8,6,No,0,1,"SolidWorks, MATLAB, AutoCAD, C++, CATIA, SQL",43.7,78.5,96.3,59.7,Not Placed,Not Placed,Not Placed,0.0
STU20241085,Male,2025,Civil,7.22,84.2,75.0,2,Yes,2,1,"Primavera, MATLAB, Excel, Revit, AutoCAD, C",84.2,85.2,64.4,94.8,Not Placed,Not Placed,Not Placed,0.0
STU20241086,Female,2027,EEE,7.21,67.9,72.5,1,No,3,0,"IoT, C++, C",80.2,98.0,60.6,69.6,Not Placed,Not Placed,Not Placed,0.0
STU20241087,Male,2026,EEE,6.64,70.1,87.8,3,No,2,1,"Python, MATLAB, Embedded C, Arduino, Java, SQL",58.0,82.8,82.1,69.9,Not Placed,Not Placed,Not Placed,0.0
STU20241088,Male,2026,EEE,6.25,58.7,79.4,6,No,2,0,"Python, Arduino, Java, C++, IoT, AutoCAD",96.3,60.4,76.7,62.8,Not Placed,Not Placed,Not Placed,0.0
STU20241089,Male,2027,ECE,7.39,77.5,67.7,1,Yes,1,2,"IoT, Git, SQL, Arduino, Java, Embedded C",80.3,94.2,61.2,69.8,Placed,Infosys,Embedded Engineer,4.97
STU20241090,Female,2026,IT,7.68,81.7,75.0,0,No,3,3,"React, Node.js, DSA, MongoDB, Git, Python",75.7,94.0,79.5,46.3,Placed,Cognizant,Software Developer,6.06
STU20241091,Male,2026,CSE,8.09,60.3,96.0,0,No,3,1,"Node.js, C++, JavaScript, MongoDB, DSA",74.2,84.5,66.8,69.0,Placed,Zoho,Web Developer,8.27
STU20241092,Male,2025,ECE,8.22,79.9,91.0,0,Yes,3,3,"Python, MATLAB, Arduino, C, Embedded C",81.9,79.7,78.3,96.6,Placed,Wipro,Embedded Engineer,7.28
STU20241093,Male,2026,IT,8.06,82.4,83.2,0,Yes,2,0,"DSA, SQL, React, Git, MongoDB",79.0,79.7,75.3,83.8,Placed,Accenture,QA Engineer,6.43
STU20241094,Male,2025,CSE,7.78,81.3,63.1,0,No,3,2,"C++, Git, Python",88.9,98.0,98.0,49.4,Placed,Deloitte,Web Developer,6.25
STU20241095,Female,2024,ECE,6.97,67.1,83.1,1,No,1,2,"C++, C, MATLAB, Arduino",70.1,84.5,86.0,72.5,Placed,HCLTech,Network Engineer,3.87
STU20241096,Male,2027,IT,8.65,85.0,73.9,0,No,2,1,"JavaScript, MongoDB, React",78.9,98.0,88.5,74.3,Placed,Infosys,QA Engineer,5.71
STU20241097,Male,2024,CSE,7.91,77.8,85.6,0,Yes,3,2,"Python, Git, Node.js, Java",84.5,98.0,81.6,91.2,Placed,Capgemini,Web Developer,6.22
STU20241098,Male,2026,Mechanical,7.18,80.1,69.3,0,Yes,3,1,"C++, Python, AutoCAD, CATIA, C",73.8,83.6,52.4,63.5,Not Placed,Not Placed,Not Placed,0.0
STU20241099,Male,2024,Mechanical,7.39,75.6,78.4,5,Yes,2,1,"CATIA, SQL, Python, SolidWorks, C, C++",76.2,49.6,72.0,98.0,Not Placed,Not Placed,Not Placed,0.0
STU20241100,Male,2025,CSE,7.38,79.1,70.4,0,Yes,1,3,"Git, C++, JavaScript, DSA, Java",91.6,74.5,63.8,74.4,Placed,Tech Mahindra,Web Developer,5.68
STU20241101,Male,2027,CSE,7.55,84.6,72.8,0,Yes,2,1,"SQL, C++, JavaScript, MongoDB, React",72.5,66.5,69.5,63.1,Placed,Deloitte,QA Engineer,5.72
STU20241102,Male,2024,IT,7.42,75.1,79.4,3,No,2,0,"React, MongoDB, JavaScript, Git",75.6,93.4,70.8,49.4,Placed,TCS,Support Engineer,5.79
STU20241103,Female,2026,Mechanical,7.31,78.3,65.5,3,No,1,1,"Excel, Python, SolidWorks, C++, ANSYS, AutoCAD",64.9,84.4,46.9,67.6,Not Placed,Not Placed,Not Placed,0.0
STU20241104,Female,2026,Mechanical,8.11,87.0,93.5,0,Yes,4,1,"C++, AutoCAD, C",98.0,85.5,68.7,75.5,Placed,L&T,Mechanical Engineer,5.74
STU20241105,Male,2027,CSE,8.35,77.9,70.4,0,No,2,2,"C++, MongoDB, SQL, Git, React",61.5,82.7,75.1,55.3,Placed,Tech Mahindra,Software Developer,5.99
STU20241106,Female,2024,EEE,8.96,72.5,71.6,0,No,3,5,"C, Java, AutoCAD, Arduino, C++, Embedded C",77.3,98.0,87.9,76.5,Placed,TCS,Graduate Engineer Trainee,5.69
STU20241107,Female,2027,CSE,9.03,85.3,83.8,0,No,2,1,"SQL, Git, Java, C++, React",93.7,80.3,65.9,75.3,Placed,Capgemini,Software Developer,7.92
STU20241108,Male,2025,IT,9.56,91.9,89.9,1,No,4,2,"Git, React, MongoDB, SQL, JavaScript, DSA",91.0,84.0,68.0,69.1,Placed,Zoho,Support Engineer,8.01
STU20241109,Male,2025,Civil,7.98,87.0,74.3,0,Yes,3,0,"GIS, AutoCAD, Revit, Primavera",93.0,69.8,60.8,62.7,Not Placed,Not Placed,Not Placed,0.0
STU20241110,Male,2025,CSE,8.46,84.2,70.3,0,No,1,1,"C++, Git, JavaScript, Python",77.5,86.0,69.7,69.2,Placed,Deloitte,QA Engineer,5.8
STU20241111,Male,2025,CSE,7.59,60.6,69.0,1,Yes,2,2,"Node.js, JavaScript, Java, SQL, React",69.9,75.9,55.7,95.1,Placed,Deloitte,Software Developer,5.91
STU20241112,Male,2026,IT,8.6,75.0,71.0,0,No,2,1,"JavaScript, Node.js, React, MongoDB, Java",81.5,97.1,91.6,57.9,Placed,Zoho,Software Developer,5.02
STU20241113,Male,2024,ECE,7.19,71.9,76.6,1,Yes,2,2,"IoT, C++, MATLAB, Git, Arduino",60.4,81.9,78.8,51.9,Placed,L&T Technology Services,Network Engineer,5.11
STU20241114,Female,2025,Civil,6.25,73.9,71.4,1,No,2,0,"C, Primavera, Python, AutoCAD, Excel",61.3,59.3,98.0,64.5,Not Placed,Not Placed,Not Placed,0.0
STU20241115,Male,2026,Civil,8.8,91.8,81.7,0,Yes,3,4,"SQL, STAAD Pro, C",97.5,93.0,68.3,63.3,Placed,Adani,Graduate Engineer Trainee,4.97
STU20241116,Female,2026,CSE,6.94,67.8,76.3,1,Yes,3,0,"DSA, C++, Python",74.1,68.3,78.9,50.8,Placed,Zoho,Web Developer,5.85
STU20241117,Male,2024,CSE,8.37,94.6,83.4,1,Yes,3,2,"DSA, Python, Java, SQL",84.0,87.9,57.7,77.9,Placed,Capgemini,Backend Developer,8.03
STU20241118,Male,2025,Mechanical,6.8,72.3,70.5,3,No,1,0,"C, SolidWorks, SQL, C++, ANSYS",73.0,85.2,86.3,53.2,Placed,Jindal Steel,Mechanical Engineer,5.1
STU20241119,Female,2025,CSE,8.96,75.0,74.0,0,Yes,4,3,"Python, C++, React",71.0,94.0,73.1,55.9,Placed,Tech Mahindra,Web Developer,7.88
STU20241120,Male,2026,Mechanical,8.62,85.5,79.4,0,Yes,2,3,"Python, CATIA, C++, AutoCAD, ANSYS, MATLAB",64.4,84.2,73.4,82.8,Placed,Bosch,Design Engineer,5.8
STU20241121,Male,2027,EEE,8.1,84.7,76.5,0,Yes,3,1,"C, AutoCAD, Arduino, C++, Java, Embedded C",87.6,90.2,89.0,89.8,Placed,Wipro,Embedded Engineer,5.88
STU20241122,Male,2026,CSE,9.06,85.2,81.2,0,Yes,3,1,"Git, JavaScript, MongoDB, Node.js",82.9,86.2,92.0,98.0,Placed,Deloitte,Software Developer,7.96
STU20241123,Female,2026,Mechanical,7.56,71.5,,2,Yes,2,3,"AutoCAD, Excel, ANSYS, MATLAB, C++",75.2,90.8,57.5,54.3,Not Placed,Not Placed,Not Placed,0.0
STU20241124,Male,2024,CSE,9.8,86.0,86.0,1,Yes,3,2,"DSA, SQL, Node.js, Git, React, Python",98.0,98.0,77.8,77.7,Placed,Capgemini,Data Analyst,8.52
STU20241125,Male,2027,IT,8.53,72.1,69.8,0,Yes,3,2,"JavaScript, Java, Node.js, React, Git, AWS",73.9,79.3,92.6,56.2,Placed,Infosys,Data Analyst,8.6
STU20241126,Male,2025,ECE,6.98,69.9,70.8,0,No,2,1,"Arduino, Git, Python, C, SQL",68.1,65.4,63.1,69.9,Not Placed,Not Placed,Not Placed,0.0
STU20241127,Male,2025,ECE,7.81,76.9,84.0,1,No,2,0,"C++, Git, Embedded C, Arduino, SQL, IoT",74.8,77.0,75.2,67.1,Not Placed,Not Placed,Not Placed,0.0
STU20241128,Male,2025,EEE,7.52,71.1,67.4,0,Yes,3,0,"Embedded C, C, Arduino, AutoCAD",84.1,84.8,77.1,47.3,Placed,HCLTech,Embedded Engineer,6.2
STU20241129,Male,2024,ECE,7.54,84.2,82.7,0,No,3,1,"Embedded C, SQL, MATLAB, C",75.9,98.0,88.5,75.3,Placed,Infosys,Software Developer,6.19
STU20241130,Male,2027,Civil,6.09,69.2,61.6,3,Yes,1,1,"Python, Primavera, Excel, MATLAB",60.4,61.2,73.0,73.0,Not Placed,Not Placed,Not Placed,0.0
STU20241131,Male,2025,Civil,7.83,76.0,65.0,2,No,3,0,"STAAD Pro, Primavera, AutoCAD, Excel, SQL, Revit",98.0,72.2,68.2,76.3,Not Placed,Not Placed,Not Placed,0.0
STU20241132,Male,2025,ECE,6.57,68.3,62.3,1,No,0,0,"Python, C, Embedded C, IoT, Java, C++",68.3,81.2,40.8,53.9,Placed,Infosys,Network Engineer,3.36
STU20241133,Female,2024,CSE,5.85,79.9,71.6,3,Yes,0,0,"Git, MongoDB, Java, SQL, JavaScript",72.1,69.7,72.5,98.0,Not Placed,Not Placed,Not Placed,0.0
STU20241134,Male,2027,EEE,7.36,71.7,80.0,2,No,4,0,"IoT, AutoCAD, Arduino, C++, Java, MATLAB",60.1,79.5,71.7,72.2,Not Placed,Not Placed,Not Placed,0.0
STU20241135,Male,2027,Civil,6.86,83.1,82.6,2,No,1,1,"GIS, MATLAB, Excel, Revit",56.3,83.0,90.5,73.0,Placed,Adani,Design Engineer,2.5
STU20241136,Male,2027,IT,7.17,83.4,82.8,1,No,1,5,"DSA, JavaScript, AWS",80.4,98.0,76.2,85.6,Placed,Wipro,Support Engineer,4.4
STU20241137,Female,2027,IT,5.26,68.0,75.2,1,No,0,0,"AWS, MongoDB, Git",58.4,75.1,53.7,68.8,Not Placed,Not Placed,Not Placed,0.0
STU20241138,Male,2027,IT,7.18,76.2,68.6,1,No,1,0,"JavaScript, React, AWS, Java, SQL, Python",68.8,68.8,52.5,58.3,Not Placed,Not Placed,Not Placed,0.0
STU20241139,Male,2025,CSE,7.85,74.3,70.3,0,Yes,3,3,"Python, React, C++, Git",70.3,92.6,69.2,86.1,Placed,Tech Mahindra,Data Analyst,7.72
STU20241140,Male,2024,EEE,7.11,79.6,79.7,1,No,2,0,"Arduino, C, Java",87.2,88.3,73.2,67.2,Not Placed,Not Placed,Not Placed,0.0
STU20241141,Male,2025,IT,8.23,77.2,87.2,1,No,1,2,"Java, MongoDB, Git, DSA",86.5,82.2,74.3,80.6,Placed,TCS,Software Developer,5.42
STU20241142,Male,2025,Mechanical,8.73,76.9,71.4,0,Yes,3,2,"Python, SQL, MATLAB, SolidWorks, ANSYS",85.4,94.3,58.5,71.6,Placed,Tata Motors,Design Engineer,5.66
STU20241143,Male,2026,Mechanical,7.99,78.3,85.6,0,No,3,1,"SQL, C++, MATLAB",85.4,79.0,35.7,95.1,Placed,Maruti Suzuki,Production Engineer,4.46
STU20241144,Male,2024,Mechanical,8.42,68.0,64.3,0,Yes,3,3,"C, SQL, SolidWorks, AutoCAD",80.9,81.5,61.2,72.3,Placed,L&T,Design Engineer,4.9
STU20241145,Male,2024,IT,8.84,79.6,81.6,0,Yes,3,1,"React, SQL, AWS, JavaScript, Python, Java",78.5,93.3,43.6,65.3,Placed,Capgemini,Data Analyst,5.64
STU20241146,Male,2026,IT,7.03,80.1,73.3,1,Yes,3,1,"AWS, Node.js, MongoDB, Git",71.4,89.4,55.4,76.9,Placed,Wipro,Software Developer,6.39
STU20241147,Female,2024,EEE,8.02,79.0,75.2,3,Yes,3,4,"Arduino, IoT, AutoCAD, Embedded C, MATLAB",91.8,98.0,75.2,67.2,Placed,Wipro,Embedded Engineer,6.39
STU20241148,Male,2024,Mechanical,8.4,85.7,77.9,1,No,4,2,"Python, AutoCAD, SQL",82.3,77.1,92.4,58.4,Placed,Bosch,Mechanical Engineer,5.62
STU20241149,Female,2024,ECE,7.38,73.8,68.9,0,No,2,0,"Java, C++, MATLAB, Embedded C",77.6,91.5,37.7,85.0,Not Placed,Not Placed,Not Placed,0.0
STU20241150,Female,2026,Mechanical,6.88,72.0,76.7,1,No,2,0,"C++, Python, Excel, MATLAB, SolidWorks",69.2,81.7,54.2,53.5,Not Placed,Not Placed,Not Placed,0.0
STU20241151,Female,2024,CSE,8.45,71.3,78.2,0,Yes,4,2,"Python, Java, Node.js, DSA, SQL, MongoDB",98.0,98.0,78.9,85.2,Placed,Infosys,Software Developer,8.94
STU20241152,Female,2024,Mechanical,6.29,70.9,78.5,2,No,0,2,"SQL, Excel, MATLAB, C, Python, CATIA",58.6,64.7,59.3,88.0,Not Placed,Not Placed,Not Placed,0.0
STU20241153,Male,2025,CSE,7.08,89.5,85.2,1,Yes,3,2,"Git, MongoDB, C++, SQL, React",96.2,90.9,70.4,68.7,Placed,Zoho,Software Developer,5.35
STU20241154,Male,2026,CSE,7.43,78.5,75.9,2,No,1,2,"DSA, Java, C++, Git, React, SQL",67.8,87.6,74.6,72.0,Placed,Tech Mahindra,Software Developer,4.81
STU20241155,Male,2024,ECE,8.13,74.2,71.2,0,Yes,2,0,"C++, Python, Embedded C, C, MATLAB",73.8,69.6,67.2,62.8,Not Placed,Not Placed,Not Placed,0.0
STU20241156,Male,2024,CSE,8.19,71.4,69.1,1,Yes,2,3,"React, DSA, Node.js, C++, Python, SQL",98.0,93.0,88.4,86.5,Placed,Capgemini,Web Developer,7.24
STU20241157,Male,2027,CSE,8.88,69.0,90.9,1,No,3,0,"DSA, JavaScript, Java, SQL, MongoDB",74.1,77.2,98.0,53.3,Placed,Infosys,Data Analyst,7.81
STU20241158,Male,2027,CSE,7.22,70.2,85.5,1,Yes,1,0,"DSA, SQL, Node.js, Java",73.2,76.4,55.0,84.7,Placed,Zoho,Backend Developer,6.13
STU20241159,Male,2024,IT,7.07,81.0,80.3,1,Yes,2,0,"Python, Java, AWS, Git",87.5,98.0,80.3,72.8,Placed,HCLTech,Data Analyst,6.28
STU20241160,Female,2025,EEE,8.1,75.3,77.3,1,No,2,1,"Arduino, Java, Embedded C, C, SQL",62.0,87.0,98.0,58.6,Placed,HCLTech,Electrical Engineer,3.98
STU20241161,Female,2024,CSE,7.32,69.6,80.5,0,No,3,0,"JavaScript, Java, MongoDB, Node.js, C++, Git",82.2,78.6,88.1,60.4,Placed,Wipro,Software Developer,6.92
STU20241162,Male,2026,ECE,7.24,70.2,83.7,3,No,1,1,"Java, IoT, Git, Python, C, MATLAB",55.2,63.5,60.0,74.6,Not Placed,Not Placed,Not Placed,0.0
STU20241163,Male,2025,Mechanical,5.97,77.5,66.8,3,Yes,3,0,"Excel, AutoCAD, Python",72.8,75.9,59.6,58.4,Placed,Mahindra,Production Engineer,5.15
STU20241164,Male,2027,CSE,8.25,78.1,77.5,3,Yes,3,1,"Java, C++, SQL",98.0,84.9,50.5,79.3,Placed,Tech Mahindra,Data Analyst,7.02
STU20241165,Female,2027,CSE,9.31,76.9,72.4,0,Yes,3,1,"JavaScript, Node.js, Java, React, MongoDB",60.8,71.6,69.8,74.8,Placed,Cognizant,Web Developer,7.33
STU20241166,Male,2026,Mechanical,6.68,72.5,72.1,2,No,3,0,"SolidWorks, ANSYS, AutoCAD, CATIA, MATLAB",75.0,65.6,59.7,64.0,Not Placed,Not Placed,Not Placed,0.0
STU20241167,Male,2024,Mechanical,8.42,94.5,88.5,0,No,4,2,"MATLAB, Excel, ANSYS, Python, C++, C",81.6,98.0,79.6,74.6,Placed,L&T,Design Engineer,6.6
STU20241168,Male,2027,ECE,7.7,85.8,83.3,1,Yes,2,3,"MATLAB, C, Git",66.4,98.0,56.0,63.1,Placed,Wipro,Software Developer,5.59
STU20241169,Male,2026,Mechanical,6.05,83.4,72.3,2,No,1,0,"C++, AutoCAD, MATLAB",49.4,71.2,65.1,65.4,Not Placed,Not Placed,Not Placed,0.0
STU20241170,Female,2027,CSE,7.24,63.8,55.7,0,Yes,3,1,"C++, DSA, JavaScript, Git, Java, SQL",91.9,91.5,71.7,68.0,Placed,Cognizant,Data Analyst,6.63
STU20241171,Female,2024,IT,7.09,74.7,69.6,0,No,0,0,"Java, AWS, SQL, JavaScript",72.8,74.5,62.3,53.5,Not Placed,Not Placed,Not Placed,0.0
STU20241172,Male,2026,EEE,7.38,71.9,75.6,2,No,1,0,"SQL, AutoCAD, MATLAB, IoT, Embedded C, Python",52.1,69.5,80.4,64.7,Not Placed,Not Placed,Not Placed,0.0
STU20241173,Male,2027,CSE,8.36,82.7,76.1,1,No,4,1,"DSA, Python, JavaScript, Java, SQL",75.5,98.0,67.6,49.9,Placed,Infosys,Software Developer,8.63
STU20241174,Male,2027,EEE,9.22,88.5,80.1,0,No,3,1,"C, AutoCAD, SQL, Arduino",82.0,77.2,81.1,62.0,Placed,Schneider Electric,Embedded Engineer,5.49
STU20241175,Male,2026,ECE,6.53,76.6,74.3,0,Yes,1,0,"C++, C, Arduino, Git, SQL, IoT",51.3,77.1,49.2,51.9,Not Placed,Not Placed,Not Placed,0.0
STU20241176,Female,2026,EEE,7.24,70.0,70.8,3,No,5,1,"C, Arduino, C++, Java, IoT",84.8,77.9,58.8,56.4,Not Placed,Not Placed,Not Placed,0.0
STU20241177,Female,2025,IT,7.14,71.2,74.2,1,No,1,0,"React, DSA, AWS, Git, JavaScript",76.3,73.8,81.0,57.6,Placed,Cognizant,Data Analyst,4.07
STU20241178,Male,2026,IT,6.82,79.4,72.4,4,No,2,2,"Python, Git, React, JavaScript",77.0,95.7,45.6,73.7,Placed,Wipro,Data Analyst,6.23
STU20241179,Male,2027,CSE,8.08,83.2,71.9,1,Yes,2,0,"Node.js, SQL, DSA, C++",98.0,82.5,82.1,61.2,Placed,TCS,QA Engineer,6.9
STU20241180,Male,2026,CSE,8.0,79.0,89.5,0,Yes,4,4,"Java, Git, JavaScript, SQL",73.7,89.4,67.7,57.7,Placed,Wipro,QA Engineer,6.51
STU20241181,Male,2025,EEE,6.11,74.2,68.2,3,Yes,1,1,"AutoCAD, IoT, Python, SQL",62.4,67.3,38.0,68.1,Not Placed,Not Placed,Not Placed,0.0
STU20241182,Male,2024,CSE,8.02,78.4,60.9,1,Yes,3,2,"DSA, SQL, C++",76.3,92.9,66.3,95.5,Placed,Accenture,Web Developer,6.84
STU20241183,Female,2026,CSE,6.98,77.3,86.3,2,Yes,1,0,"C++, Java, DSA, MongoDB",82.7,65.6,77.5,52.8,Not Placed,Not Placed,Not Placed,0.0
STU20241184,Male,2027,CSE,8.01,83.0,70.7,0,No,4,0,"DSA, SQL, Java, Node.js",94.0,85.7,98.0,77.1,Not Placed,Not Placed,Not Placed,0.0
STU20241185,Male,2024,CSE,9.08,85.1,85.8,0,Yes,3,1,"Java, Node.js, MongoDB, SQL",74.3,89.2,98.0,76.9,Placed,Cognizant,Backend Developer,5.43
STU20241186,Female,2025,Mechanical,7.94,78.0,71.7,0,No,3,3,"AutoCAD, C++, ANSYS, SQL",98.0,81.0,59.7,93.8,Placed,Mahindra,Design Engineer,5.32
STU20241187,Female,2027,IT,8.05,77.8,80.7,1,No,2,1,"SQL, AWS, Git",69.4,69.6,82.6,72.3,Placed,Zoho,Data Analyst,6.11
STU20241188,Male,2026,Civil,7.05,75.0,73.7,3,No,1,4,"GIS, AutoCAD, MATLAB, STAAD Pro, Revit",83.0,83.8,62.4,69.3,Not Placed,Not Placed,Not Placed,0.0
STU20241189,Male,2025,CSE,8.06,72.7,83.8,1,Yes,1,1,"SQL, Node.js, React, JavaScript",87.3,78.7,64.3,73.2,Placed,TCS,Web Developer,7.02
STU20241190,Male,2025,ECE,8.23,73.0,75.7,0,No,2,1,"Python, Java, IoT, SQL, Git",85.9,87.1,86.0,68.3,Not Placed,Not Placed,Not Placed,0.0
STU20241191,Female,2025,IT,8.29,82.5,72.8,1,Yes,3,2,"AWS, Python, DSA, React, MongoDB",80.0,66.9,76.1,81.2,Placed,Deloitte,QA Engineer,6.77
STU20241192,Male,2024,IT,7.82,72.6,77.9,0,No,2,0,"Git, JavaScript, Python, DSA",75.4,76.2,74.3,62.3,Placed,Cognizant,Software Developer,5.45
STU20241193,Male,2026,Mechanical,7.73,83.0,73.2,1,No,4,0,"Excel, C, Python, SQL, AutoCAD",89.4,91.9,49.1,98.0,Placed,Bosch,Production Engineer,4.89
STU20241194,Male,2026,Civil,6.38,73.6,58.7,1,No,2,0,"Revit, STAAD Pro, SQL, Python, AutoCAD",78.2,57.1,53.0,79.1,Not Placed,Not Placed,Not Placed,0.0
STU20241195,Male,2026,Mechanical,6.93,81.1,69.5,3,No,2,0,"MATLAB, AutoCAD, Excel, SolidWorks, Python, C",83.2,95.1,56.0,66.5,Not Placed,Not Placed,Not Placed,0.0
STU20241196,Male,2026,CSE,8.6,84.0,98.0,0,No,2,3,"Python, Git, Node.js",91.5,94.3,81.1,65.8,Placed,Zoho,Data Analyst,6.07
STU20241197,Female,2024,CSE,8.72,85.7,65.8,0,Yes,2,3,"Java, C++, Node.js, React",87.7,89.8,84.4,72.6,Placed,Deloitte,Data Analyst,9.43
STU20241198,Male,2024,ECE,7.83,74.2,77.8,2,No,2,1,"MATLAB, Java, C++, Python",96.1,83.9,93.9,68.2,Placed,Tech Mahindra,Software Developer,5.85
STU20241199,Male,2024,IT,9.16,83.8,78.0,1,Yes,3,2,"Java, MongoDB, DSA, Git, Python",81.1,84.4,64.4,80.5,Placed,Wipro,QA Engineer,7.72
STU20241200,Female,2024,EEE,8.08,83.4,89.7,0,No,2,1,"MATLAB, Java, AutoCAD, SQL, C, Arduino",80.9,98.0,95.2,72.4,Placed,Wipro,Graduate Engineer Trainee,4.44
STU20241201,Male,2026,ECE,7.55,66.0,67.6,1,Yes,2,1,"Python, C++, Arduino, Embedded C, SQL, IoT",71.1,83.2,66.8,90.4,Placed,Infosys,QA Engineer,4.73
STU20241202,Male,2024,ECE,6.71,86.7,73.8,3,No,0,0,"IoT, Embedded C, SQL, MATLAB",97.9,72.9,67.9,57.3,Not Placed,Not Placed,Not Placed,0.0
STU20241203,Male,2026,Mechanical,8.77,95.8,83.5,0,No,4,1,"Python, C++, Excel",98.0,98.0,73.6,68.4,Placed,Tata Motors,Production Engineer,7.02
STU20241204,Male,2024,EEE,8.3,85.4,76.2,2,No,2,3,"Arduino, Embedded C, SQL, Java, C",93.7,93.0,76.5,57.2,Not Placed,Not Placed,Not Placed,0.0
STU20241205,Male,2024,CSE,9.53,87.5,75.4,0,Yes,3,0,"React, MongoDB, SQL, Git, C++, Java",95.5,84.0,87.2,67.2,Placed,Zoho,QA Engineer,7.44
STU20241206,Male,2024,CSE,9.8,86.6,81.3,0,No,2,1,"SQL, C++, MongoDB, Git, JavaScript",88.3,92.3,92.7,62.7,Placed,Cognizant,Backend Developer,8.31
STU20241207,Male,2026,ECE,6.66,72.4,70.8,1,Yes,2,0,"Embedded C, Python, IoT, C, Git, Arduino",98.0,80.6,63.5,82.3,Not Placed,Not Placed,Not Placed,0.0
STU20241208,Male,2026,ECE,6.66,73.9,70.8,3,No,1,0,"Embedded C, Python, C",85.4,74.0,67.8,61.2,Not Placed,Not Placed,Not Placed,0.0
STU20241209,Male,2027,CSE,5.57,78.7,76.6,2,Yes,0,1,"MongoDB, Python, DSA",59.0,55.0,50.4,89.7,Not Placed,Not Placed,Not Placed,0.0
STU20241210,Female,2024,IT,8.68,72.9,81.3,0,Yes,3,0,"Node.js, Python, Java",82.6,98.0,83.5,90.4,Placed,Infosys,Support Engineer,7.87
STU20241211,Male,2026,EEE,8.21,71.1,81.0,0,Yes,2,2,"AutoCAD, C, Python, IoT, Embedded C",83.7,88.3,76.3,81.5,Not Placed,Not Placed,Not Placed,0.0
STU20241212,Female,2027,Mechanical,7.63,74.3,77.9,1,No,3,0,"C, SolidWorks, SQL, C++, MATLAB, ANSYS",74.2,77.3,60.4,55.3,Not Placed,Not Placed,Not Placed,0.0
STU20241213,Male,2025,ECE,6.71,79.4,79.8,3,No,1,1,"IoT, Embedded C, SQL, Git, Python",66.9,82.2,50.7,86.2,Not Placed,Not Placed,Not Placed,0.0
STU20241214,Male,2024,IT,7.82,71.5,85.2,1,Yes,3,0,"Python, Git, Java, SQL",63.4,77.3,73.4,67.8,Placed,Zoho,Support Engineer,5.83
STU20241215,Male,2024,CSE,8.16,76.8,75.0,1,No,2,2,"Python, Java, React",52.1,71.1,89.6,65.0,Placed,Zoho,QA Engineer,6.27
STU20241216,Male,2024,ECE,8.42,78.3,83.5,1,No,3,0,"C, Java, C++, Python",98.0,85.2,94.3,75.2,Placed,Infosys,Embedded Engineer,6.63
STU20241217,Male,2027,IT,8.13,71.2,67.9,1,No,2,1,"Java, MongoDB, React, Git, Python, JavaScript",74.6,91.0,55.7,58.7,Not Placed,Not Placed,Not Placed,0.0
STU20241218,Female,2025,ECE,8.31,61.7,61.7,3,No,3,1,"IoT, C, MATLAB, Embedded C, Java, C++",80.4,84.0,85.4,83.9,Not Placed,Not Placed,Not Placed,0.0
STU20241219,Male,2026,EEE,7.54,69.7,88.1,3,No,1,0,"AutoCAD, MATLAB, Arduino, C",76.0,75.5,80.5,78.5,Not Placed,Not Placed,Not Placed,0.0
STU20241220,Male,2027,CSE,9.0,82.3,77.0,0,No,3,1,"Java, C++, React",95.9,88.2,94.0,98.0,Placed,TCS,Web Developer,7.71
STU20241221,Male,2025,CSE,8.54,82.8,79.8,0,No,1,0,"React, Git, Node.js, Python, JavaScript, DSA",89.5,81.8,80.3,72.6,Placed,Deloitte,Backend Developer,6.14
STU20241222,Male,2026,CSE,6.99,78.9,,2,Yes,2,1,"MongoDB, Node.js, SQL",87.3,80.0,63.6,71.4,Placed,TCS,QA Engineer,6.47
STU20241223,Male,2024,Mechanical,8.73,84.1,69.7,0,No,3,2,"SQL, C, Excel",93.0,98.0,85.1,93.1,Placed,Tata Motors,Graduate Engineer Trainee,6.96
STU20241224,Male,2026,ECE,8.79,75.6,73.7,0,No,3,0,"Python, MATLAB, Java, Embedded C, SQL",83.2,94.4,41.7,46.6,Not Placed,Not Placed,Not Placed,0.0
STU20241225,Male,2024,CSE,8.4,73.1,82.2,0,Yes,4,4,"MongoDB, Node.js, Java, Git",98.0,98.0,60.7,75.7,Placed,Tech Mahindra,Backend Developer,8.85
STU20241226,Male,2025,Mechanical,7.79,80.1,72.4,1,Yes,2,3,"SQL, Python, C, Excel, C++, MATLAB",76.8,98.0,59.9,71.4,Placed,Mahindra,Design Engineer,3.81
STU20241227,Male,2025,IT,9.31,79.8,77.8,0,Yes,4,5,"Git, AWS, Python, MongoDB, Node.js",98.0,92.5,68.5,87.8,Placed,Infosys,Support Engineer,7.21
STU20241228,Male,2026,IT,6.51,80.6,67.4,3,Yes,1,2,"Java, DSA, JavaScript, AWS",51.6,74.4,46.3,98.0,Not Placed,Not Placed,Not Placed,0.0
STU20241229,Male,2026,Civil,8.56,82.1,86.3,0,No,2,1,"Primavera, MATLAB, GIS",98.0,93.6,66.9,60.9,Not Placed,Not Placed,Not Placed,0.0
STU20241230,Male,2026,CSE,7.6,86.0,81.6,1,Yes,3,0,"DSA, Git, MongoDB",69.8,63.2,63.2,86.9,Placed,TCS,Backend Developer,4.99
STU20241231,Female,2024,CSE,8.93,77.1,75.7,0,Yes,4,1,"SQL, Python, C++, DSA, Java",72.2,94.4,72.3,89.7,Placed,Accenture,Data Analyst,9.67
STU20241232,Male,2027,ECE,7.85,85.1,81.0,0,Yes,2,2,"Embedded C, IoT, C++, MATLAB, Git, SQL",63.7,76.3,75.1,88.8,Placed,L&T Technology Services,Software Developer,6.79
STU20241233,Female,2024,CSE,6.94,89.6,72.0,2,No,2,2,"Git, Python, SQL, JavaScript, Node.js",77.1,79.7,51.5,71.9,Placed,Capgemini,Data Analyst,4.47
STU20241234,Male,2027,EEE,7.23,76.5,72.2,1,No,2,1,"AutoCAD, SQL, IoT, Java",98.0,79.8,63.0,77.6,Not Placed,Not Placed,Not Placed,0.0
STU20241235,Male,2026,CSE,8.87,83.7,78.6,0,No,3,0,"MongoDB, SQL, Git, JavaScript, Python",84.5,69.7,74.3,57.6,Placed,Deloitte,Software Developer,6.62
STU20241236,Male,2026,CSE,7.82,71.0,80.6,0,Yes,2,3,"JavaScript, Java, C++, DSA",77.8,98.0,47.2,94.3,Placed,Cognizant,QA Engineer,6.22
STU20241237,Male,2025,CSE,7.47,82.9,68.9,0,No,2,1,"Python, Node.js, Git, C++, MongoDB, Java",86.6,75.5,68.9,56.1,Placed,Capgemini,Data Analyst,6.92
STU20241238,Male,2026,IT,7.37,84.3,78.4,1,Yes,2,1,"JavaScript, SQL, Python, Node.js, MongoDB",69.9,94.8,72.6,61.4,Not Placed,Not Placed,Not Placed,0.0
STU20241239,Female,2026,CSE,8.55,75.9,95.6,0,Yes,3,2,"JavaScript, C++, Node.js, DSA, Java",83.5,73.5,84.1,69.6,Placed,Cognizant,Web Developer,7.97
STU20241240,Male,2024,CSE,9.49,85.8,81.9,0,Yes,3,1,"DSA, Git, Python, C++, SQL",85.8,86.0,60.8,66.2,Placed,TCS,Software Developer,7.57
STU20241241,Male,2027,Mechanical,5.73,74.3,70.7,1,No,0,1,"Python, Excel, AutoCAD, SQL",87.3,77.0,60.9,74.2,Not Placed,Not Placed,Not Placed,0.0
STU20241242,Male,2024,IT,9.8,85.2,80.9,0,Yes,2,1,"SQL, AWS, Python, Git, DSA",89.9,90.0,95.3,69.2,Placed,Wipro,Software Developer,6.83
STU20241243,Male,2026,IT,8.07,83.9,80.1,0,No,3,2,"JavaScript, MongoDB, React, Java",91.8,95.2,49.7,58.6,Placed,TCS,Data Analyst,6.8
STU20241244,Female,2026,CSE,8.49,82.9,66.7,0,Yes,4,0,"Git, DSA, SQL",78.9,93.2,73.9,59.6,Placed,Accenture,Backend Developer,9.13
STU20241245,Male,2027,IT,7.53,75.9,87.2,1,No,0,1,"DSA, Node.js, AWS",59.0,69.7,50.3,83.3,Not Placed,Not Placed,Not Placed,0.0
STU20241246,Male,2025,CSE,8.0,83.8,83.5,2,Yes,3,2,"React, DSA, C++, Java, JavaScript, MongoDB",90.5,98.0,66.4,79.3,Placed,Cognizant,Backend Developer,7.06
STU20241247,Female,2025,ECE,7.91,85.6,71.8,1,Yes,2,0,"Arduino, IoT, C, Embedded C",82.6,86.7,61.2,57.4,Placed,HCLTech,Software Developer,6.92
STU20241248,Female,2026,CSE,7.11,71.9,74.4,3,No,3,1,"Java, Node.js, Git, React, SQL",90.4,65.9,73.3,76.7,Placed,TCS,Web Developer,7.53
STU20241249,Male,2025,Mechanical,6.87,75.2,69.6,2,No,1,0,"SQL, Excel, C, C++, MATLAB",61.2,75.2,63.6,65.2,Not Placed,Not Placed,Not Placed,0.0
STU20241250,Male,2026,Civil,8.51,66.9,80.1,0,No,3,0,"Excel, STAAD Pro, GIS",83.9,91.9,57.4,50.1,Placed,Afcons Infrastructure,Design Engineer,6.84
STU20251251,Female,2025,CSE,6.68,78.8,73.5,4,No,1,0,"Git, React, SQL, DSA, C++",55.4,72.2,86.5,54.1,Not Placed,Not Placed,Not Placed,0.0
STU20251252,Male,2027,CSE,8.37,87.5,79.2,0,Yes,2,1,"Node.js, Python, SQL, MongoDB, DSA",75.9,85.7,75.8,85.2,Placed,Infosys,Data Analyst,9.46
STU20251253,Male,2025,CSE,7.69,75.4,68.6,0,No,3,1,"React, DSA, JavaScript, SQL, Python, C++",63.6,88.1,83.6,85.2,Placed,Accenture,Software Developer,8.28
STU20251254,Male,2024,ECE,6.93,76.3,70.3,2,No,3,0,"IoT, C, Git",73.7,61.1,53.5,77.4,Not Placed,Not Placed,Not Placed,0.0
STU20251255,Female,2025,CSE,9.68,80.7,89.2,0,No,2,3,"MongoDB, Git, Node.js, JavaScript",98.0,93.7,73.6,60.2,Placed,Cognizant,Web Developer,6.81
STU20251256,Female,2024,Mechanical,6.74,72.2,69.5,2,Yes,3,1,"AutoCAD, C++, CATIA, MATLAB, ANSYS, C",65.9,74.8,79.9,79.2,Placed,Mahindra,Production Engineer,4.87
STU20251257,Male,2025,EEE,6.69,76.4,54.6,1,No,1,3,"Java, MATLAB, SQL, Arduino, C, Embedded C",60.5,86.8,57.0,74.9,Not Placed,Not Placed,Not Placed,0.0
STU20251258,Male,2025,Mechanical,7.39,71.0,73.9,1,No,0,2,"ANSYS, SolidWorks, Excel, Python, CATIA",69.9,73.6,69.5,39.0,Placed,Maruti Suzuki,Production Engineer,3.86
STU20251259,Male,2026,ECE,7.1,74.1,91.1,2,No,2,2,"C++, Arduino, MATLAB, Embedded C, Git",73.3,98.0,67.5,76.0,Not Placed,Not Placed,Not Placed,0.0
STU20251260,Male,2025,Civil,7.51,70.4,81.2,3,No,2,1,"AutoCAD, Revit, GIS, Primavera, STAAD Pro",86.8,75.0,39.3,71.3,Not Placed,Not Placed,Not Placed,0.0
STU20251261,Female,2026,CSE,8.13,82.4,72.9,0,No,1,1,"DSA, C++, React, MongoDB, JavaScript",62.6,71.2,71.6,97.1,Placed,Tech Mahindra,Backend Developer,6.87
STU20251262,Male,2027,IT,8.1,79.9,76.5,2,No,1,1,"React, Git, AWS",48.0,94.6,67.0,92.9,Placed,Accenture,Software Developer,5.7
STU20251263,Male,2026,IT,7.79,74.5,80.8,0,No,2,0,"Git, JavaScript, AWS, React",79.7,86.2,69.0,68.1,Placed,Zoho,Software Developer,6.15
STU20251264,Female,2025,Civil,6.9,75.5,61.3,3,Yes,2,3,"Primavera, Python, GIS, STAAD Pro, C",94.8,85.6,58.2,78.3,Not Placed,Not Placed,Not Placed,0.0
STU20251265,Male,2024,ECE,8.3,77.2,71.4,1,No,4,0,"Arduino, Git, Java, Embedded C",84.2,83.3,56.4,70.5,Placed,Bosch,Software Developer,7.65
STU20251266,Female,2024,Mechanical,7.46,84.7,77.9,0,No,2,0,"ANSYS, CATIA, Excel, AutoCAD",82.1,75.0,59.3,63.4,Not Placed,Not Placed,Not Placed,0.0
STU20251267,Male,2026,CSE,7.58,73.9,86.6,0,No,3,1,"Python, React, C++, Git, JavaScript",79.4,87.2,63.5,52.6,Placed,Capgemini,Backend Developer,7.41
STU20251268,Female,2026,Civil,8.76,84.3,75.6,1,Yes,3,1,"SQL, AutoCAD, Excel",95.2,82.9,82.9,65.0,Placed,L&T,Site Engineer,6.98
STU20251269,Male,2024,ECE,7.65,72.2,86.6,2,Yes,4,1,"MATLAB, Java, Python, Embedded C",79.7,98.0,63.3,67.5,Placed,Tech Mahindra,QA Engineer,5.42
STU20251270,Male,2024,ECE,8.68,85.4,73.2,0,No,2,3,"SQL, Python, Embedded C, MATLAB, IoT, C",82.5,93.0,76.1,83.3,Placed,Bosch,Software Developer,5.96
STU20251271,Male,2025,Civil,8.54,86.6,54.4,1,No,2,2,"Excel, AutoCAD, MATLAB, C, Revit",98.0,85.2,76.8,71.6,Placed,JLL,Graduate Engineer Trainee,4.6
STU20251272,Male,2025,IT,8.99,88.1,84.5,0,Yes,2,2,"Python, DSA, Java, SQL",98.0,86.0,68.9,66.2,Placed,TCS,Support Engineer,8.65
STU20251273,Male,2027,IT,8.49,89.5,81.7,0,Yes,4,3,"Node.js, SQL, React, Python, Java",79.1,80.5,86.6,64.2,Placed,TCS,Data Analyst,6.73
STU20251274,Male,2024,ECE,7.75,79.4,81.1,1,No,3,2,"SQL, IoT, C, Embedded C, Git, Python",73.3,92.5,66.1,74.3,Placed,L&T Technology Services,QA Engineer,5.85
STU20251275,Male,2024,CSE,7.95,86.5,81.3,0,No,3,0,"Git, DSA, MongoDB, C++, SQL, JavaScript",75.1,74.6,64.5,65.2,Placed,Zoho,Software Developer,6.02
STU20251276,Female,2025,IT,7.69,88.6,77.1,1,No,2,1,"DSA, JavaScript, SQL",65.0,80.2,85.1,56.4,Placed,Deloitte,Data Analyst,5.69
STU20251277,Male,2024,CSE,6.16,65.5,69.8,1,No,0,0,"JavaScript, Node.js, Java, Python, SQL",59.2,94.3,66.4,57.8,Placed,Wipro,Software Developer,3.6
STU20251278,Male,2024,CSE,8.61,,76.7,1,No,3,1,"Git, SQL, Python, MongoDB, DSA, React",84.1,69.5,43.3,90.2,Placed,Zoho,Software Developer,6.23
STU20251279,Female,2025,Mechanical,7.76,66.9,72.7,0,No,2,1,"SolidWorks, CATIA, C++, Python, SQL",69.5,80.8,36.5,67.5,Placed,L&T,Design Engineer,5.07
STU20251280,Male,2025,ECE,8.45,86.6,75.0,0,No,3,0,"Embedded C, C, Java, C++, Python",90.9,71.1,94.5,82.2,Placed,TCS,Embedded Engineer,5.02
STU20251281,Female,2024,IT,7.8,66.9,63.4,0,No,2,0,"Java, SQL, React, Python",58.9,74.6,72.3,47.8,Placed,Infosys,Full Stack Developer,5.89
STU20251282,Male,2026,IT,8.47,66.7,69.4,1,Yes,3,3,"Node.js, Python, DSA, JavaScript, SQL, React",70.7,89.4,71.6,87.2,Placed,TCS,Software Developer,7.73
STU20251283,Male,2026,IT,6.73,67.1,72.0,1,Yes,4,3,"Node.js, SQL, Java, Git, Python, React",86.6,70.6,38.1,82.3,Not Placed,Not Placed,Not Placed,0.0
STU20251284,Male,2024,ECE,6.76,62.7,57.6,2,No,2,2,"Git, C, Java, MATLAB",96.6,82.9,65.1,79.7,Not Placed,Not Placed,Not Placed,0.0
STU20251285,Female,2027,Civil,5.4,73.4,55.5,2,No,2,0,"C, Excel, AutoCAD, SQL",70.0,82.7,47.9,49.8,Not Placed,Not Placed,Not Placed,0.0
STU20251286,Male,2025,Civil,7.39,68.9,72.6,1,No,1,0,"STAAD Pro, Excel, MATLAB",64.4,79.8,65.5,69.4,Not Placed,Not Placed,Not Placed,0.0
STU20251287,Male,2027,IT,7.24,64.3,73.6,4,Yes,1,1,"DSA, SQL, MongoDB",60.3,86.1,59.5,63.2,Placed,Zoho,QA Engineer,4.96
STU20251288,Female,2027,IT,7.13,75.5,72.1,2,No,3,0,"SQL, Java, Python, AWS, DSA",73.6,94.4,64.8,54.9,Not Placed,Not Placed,Not Placed,0.0
STU20251289,Male,2025,IT,8.18,78.6,60.4,2,Yes,4,3,"SQL, JavaScript, Python, MongoDB",98.0,97.0,75.2,50.4,Placed,Zoho,Full Stack Developer,6.68
STU20251290,Female,2025,ECE,7.39,63.4,85.8,5,No,1,2,"Python, SQL, Arduino, Git, Embedded C",80.6,56.9,74.4,56.1,Not Placed,Not Placed,Not Placed,0.0
STU20251291,Female,2027,IT,6.68,69.7,63.0,1,No,1,1,"AWS, DSA, SQL, Java",56.1,76.7,65.9,55.2,Placed,HCLTech,QA Engineer,3.95
STU20251292,Female,2025,ECE,9.8,82.0,75.7,0,No,2,4,"MATLAB, Git, C, IoT, C++, Arduino",93.3,73.0,80.6,78.4,Placed,Bosch,Software Developer,5.3
STU20251293,Female,2024,ECE,7.72,74.8,67.0,2,Yes,3,0,"C++, C, Arduino",98.0,73.9,47.7,65.7,Placed,Wipro,QA Engineer,5.85
STU20251294,Female,2026,IT,6.98,73.1,82.9,3,No,3,2,"AWS, DSA, Python, SQL, Git, MongoDB",91.6,66.4,66.8,67.1,Placed,Deloitte,Full Stack Developer,4.45
STU20251295,Male,2026,IT,7.33,84.6,77.7,2,No,2,2,"React, Java, AWS, MongoDB, SQL",92.6,84.4,72.0,83.4,Not Placed,Not Placed,Not Placed,0.0
STU20251296,Female,2027,IT,7.75,92.4,72.6,2,No,2,1,"SQL, React, JavaScript, Git, Python, Java",88.4,72.8,70.0,69.9,Placed,Wipro,Support Engineer,5.36
STU20251297,Female,2026,CSE,7.85,75.4,72.4,1,No,0,3,"Node.js, Git, JavaScript, React, MongoDB",58.9,86.3,90.7,60.4,Not Placed,Not Placed,Not Placed,0.0
STU20251298,Male,2027,CSE,9.11,71.5,80.9,0,No,2,1,"React, JavaScript, Git",75.9,96.4,73.0,71.4,Placed,Zoho,QA Engineer,6.74
STU20251299,Male,2026,EEE,7.58,75.3,66.7,4,No,3,2,"IoT, Embedded C, C++, SQL, Python, Java",98.0,74.8,53.1,59.6,Not Placed,Not Placed,Not Placed,0.0
STU20251300,Female,2026,IT,9.48,83.1,83.3,0,Yes,4,1,"Python, AWS, DSA, SQL",88.3,95.9,77.9,51.9,Placed,Cognizant,Full Stack Developer,7.75
STU20251301,Male,2026,CSE,7.63,76.7,71.8,3,Yes,3,1,"C++, JavaScript, Java",57.9,56.5,63.1,77.5,Placed,Cognizant,Web Developer,7.54
STU20251302,Male,2027,ECE,8.11,82.5,,1,Yes,2,2,"Git, SQL, Arduino, MATLAB",87.8,70.6,50.0,80.8,Placed,TCS,Network Engineer,6.14
STU20251303,Male,2027,EEE,8.52,94.8,81.4,0,Yes,3,2,"C++, C, Embedded C, Python, AutoCAD",97.8,98.0,70.1,70.7,Placed,L&T Technology Services,Graduate Engineer Trainee,6.49
STU20251304,Male,2027,CSE,9.02,68.6,75.2,1,Yes,3,5,"MongoDB, SQL, C++, React, Java",86.6,88.8,95.3,71.4,Placed,Infosys,QA Engineer,7.23
STU20251305,Female,2027,Mechanical,8.67,76.1,64.0,0,No,3,2,"Python, ANSYS, C++",92.4,84.6,69.9,63.9,Not Placed,Not Placed,Not Placed,0.0
STU20251306,Male,2026,Civil,7.27,87.0,72.9,2,No,3,2,"Python, Primavera, C, AutoCAD, MATLAB",68.9,74.7,83.2,87.6,Not Placed,Not Placed,Not Placed,0.0
STU20251307,Female,2025,ECE,7.75,73.7,65.8,0,No,2,0,"Embedded C, Java, Git, Arduino, SQL",73.2,62.4,80.3,72.6,Placed,TCS,Embedded Engineer,5.96
STU20251308,Female,2027,EEE,5.54,77.4,70.5,2,No,1,0,"C++, Embedded C, Python, MATLAB, AutoCAD, SQL",43.5,56.9,92.9,67.5,Not Placed,Not Placed,Not Placed,0.0
STU20251309,Male,2024,CSE,7.83,82.0,74.3,2,Yes,2,0,"MongoDB, Python, Git, C++",66.3,80.1,77.2,84.6,Placed,Infosys,Web Developer,8.33
STU20251310,Female,2025,Civil,8.43,87.7,,0,Yes,1,1,"STAAD Pro, Excel, GIS, Revit, AutoCAD, SQL",96.9,79.8,74.7,85.7,Placed,Adani,Graduate Engineer Trainee,4.41
STU20251311,Male,2025,IT,8.66,93.0,69.3,0,Yes,4,0,"DSA, Java, Node.js, Git",48.5,98.0,75.8,78.3,Placed,TCS,Support Engineer,7.86
STU20251312,Female,2026,Civil,7.43,78.9,83.4,0,No,4,0,"Primavera, C, Revit, GIS, AutoCAD, Excel",77.5,75.0,73.3,80.6,Not Placed,Not Placed,Not Placed,0.0
STU20251313,Female,2026,ECE,9.19,68.8,76.6,0,No,4,3,"Arduino, Embedded C, C++, Python",84.5,95.8,73.4,75.7,Placed,L&T Technology Services,QA Engineer,6.28
STU20251314,Male,2024,CSE,7.67,72.3,92.2,1,No,2,3,"Python, JavaScript, MongoDB, Git, Node.js",85.5,79.9,64.1,69.6,Placed,Wipro,Backend Developer,6.61
STU20251315,Female,2024,CSE,7.39,91.8,75.2,0,No,4,2,"Java, C++, JavaScript, React, Git",56.3,94.3,75.6,80.9,Placed,Capgemini,Software Developer,5.89
STU20251316,Male,2025,EEE,7.25,66.2,77.0,0,No,2,1,"Python, SQL, Java, C++, Arduino",67.1,64.9,60.8,57.8,Placed,Schneider Electric,Embedded Engineer,5.19
STU20251317,Male,2025,ECE,6.8,78.5,73.6,0,No,2,0,"Java, C, C++",66.9,79.8,42.9,57.5,Not Placed,Not Placed,Not Placed,0.0
STU20251318,Female,2024,CSE,8.53,61.7,80.4,0,No,3,3,"Node.js, MongoDB, Python, C++",90.0,95.2,57.1,75.0,Placed,Capgemini,Backend Developer,7.35
STU20251319,Male,2026,EEE,7.9,68.3,84.0,1,Yes,3,2,"SQL, C, Embedded C, MATLAB",81.9,77.8,93.0,64.9,Placed,TCS,Software Developer,5.93
STU20251320,Male,2025,Mechanical,8.07,84.4,84.5,0,Yes,3,1,"SQL, SolidWorks, MATLAB",63.0,83.9,68.1,82.9,Placed,Tata Motors,Graduate Engineer Trainee,5.61
STU20251321,Male,2025,ECE,7.4,76.8,62.6,2,No,3,1,"Python, C, MATLAB, SQL, Embedded C, Java",75.4,85.4,79.6,72.0,Not Placed,Not Placed,Not Placed,0.0
STU20251322,Male,2025,IT,7.85,75.0,82.2,2,Yes,2,3,"AWS, DSA, Java, Python, MongoDB, React",69.9,79.3,62.3,97.8,Placed,HCLTech,QA Engineer,6.32
STU20251323,Female,2026,CSE,6.15,67.7,75.1,3,No,2,1,"Python, MongoDB, React, SQL",76.3,66.6,76.2,57.1,Placed,Wipro,Web Developer,5.42
STU20251324,Male,2027,Mechanical,7.87,63.7,76.5,1,Yes,2,1,,76.4,70.1,76.7,84.2,Not Placed,Not Placed,Not Placed,0.0
STU20251325,Male,2024,IT,7.98,82.8,88.5,0,Yes,3,2,"MongoDB, Git, JavaScript, SQL, Python",98.0,98.0,97.8,67.1,Placed,Deloitte,Software Developer,7.45
STU20251326,Male,2025,Mechanical,6.61,,85.1,0,No,4,0,"AutoCAD, C, SolidWorks, Python, SQL, MATLAB",70.1,72.4,83.6,72.5,Not Placed,Not Placed,Not Placed,0.0
STU20251327,Female,2026,IT,7.81,66.9,82.4,1,No,3,0,"DSA, JavaScript, Node.js",74.7,69.3,80.8,77.7,Placed,TCS,QA Engineer,6.08
STU20251328,Male,2024,ECE,7.53,77.0,71.5,1,Yes,4,0,"Git, Java, C++, Python, MATLAB, Arduino",76.3,64.0,62.5,77.8,Placed,TCS,Embedded Engineer,4.99
STU20251329,Male,2027,CSE,9.5,85.8,72.3,0,No,4,4,"Git, Node.js, SQL, JavaScript, Python",90.2,91.5,62.7,75.1,Placed,Capgemini,Web Developer,8.1
STU20251330,Male,2027,CSE,7.1,74.3,79.5,1,No,0,1,"Java, React, SQL, MongoDB",80.6,78.2,66.6,74.1,Placed,Tech Mahindra,Web Developer,4.56
STU20251331,Male,2026,EEE,7.93,,85.9,1,Yes,3,0,"Arduino, SQL, Python, Java, Embedded C",76.8,79.6,72.0,70.1,Placed,TCS,Embedded Engineer,6.67
STU20251332,Female,2027,ECE,6.82,75.3,59.2,1,Yes,3,0,"Python, Git, C, Embedded C, Arduino",71.9,80.1,62.0,83.3,Placed,Bosch,Embedded Engineer,5.28
STU20251333,Male,2025,ECE,7.28,71.3,82.3,2,No,0,1,"Arduino, C++, Python, SQL, Git, C",75.7,83.6,78.3,79.9,Placed,Tech Mahindra,QA Engineer,4.37
STU20251334,Male,2025,Civil,7.74,77.7,74.1,1,No,2,0,"Revit, GIS, MATLAB, Python",67.3,78.2,72.0,65.0,Not Placed,Not Placed,Not Placed,0.0
STU20251335,Female,2024,Civil,7.32,81.4,62.1,3,No,2,0,"C, Python, Excel, MATLAB, GIS",84.2,76.3,69.2,59.6,Not Placed,Not Placed,Not Placed,0.0
STU20251336,Male,2024,Mechanical,7.54,84.1,78.6,2,Yes,1,2,"CATIA, AutoCAD, SQL, C++, MATLAB",70.7,96.9,90.0,76.3,Placed,Mahindra,Production Engineer,3.96
STU20251337,Male,2025,CSE,8.28,84.2,83.7,0,Yes,2,1,"React, MongoDB, JavaScript",70.6,91.8,74.5,75.5,Placed,Infosys,Software Developer,7.59
STU20251338,Male,2025,ECE,7.33,71.6,72.3,2,Yes,4,2,"Python, MATLAB, C++, C, Arduino, IoT",59.6,88.5,51.7,53.8,Not Placed,Not Placed,Not Placed,0.0
STU20251339,Male,2026,Mechanical,8.3,83.2,,4,Yes,0,2,"Excel, CATIA, C++",63.3,80.1,86.5,75.8,Not Placed,Not Placed,Not Placed,0.0
STU20251340,Female,2024,IT,7.64,80.4,87.6,2,No,2,2,"DSA, MongoDB, Java",75.7,90.0,73.3,59.4,Not Placed,Not Placed,Not Placed,0.0
STU20251341,Female,2026,CSE,7.92,72.8,71.7,0,No,3,1,"SQL, JavaScript, C++, DSA, Java",81.0,87.6,68.1,46.0,Placed,Infosys,Data Analyst,7.7
STU20251342,Female,2024,Mechanical,7.86,74.4,84.3,2,Yes,3,3,"SQL, AutoCAD, C++",78.4,90.9,59.0,77.7,Not Placed,Not Placed,Not Placed,0.0
STU20251343,Female,2025,ECE,7.94,82.6,65.8,0,Yes,4,1,"Python, IoT, Git, Embedded C, Java",66.9,92.9,88.2,58.5,Placed,HCLTech,Network Engineer,5.81
STU20251344,Male,2024,ECE,8.3,88.4,80.3,0,Yes,3,0,"Git, Embedded C, MATLAB, C, Python",81.5,87.3,95.2,88.5,Placed,TCS,QA Engineer,6.08
STU20251345,Male,2026,Civil,7.77,64.7,78.7,1,No,1,0,"STAAD Pro, GIS, AutoCAD, Python, SQL",57.7,63.2,62.3,78.4,Not Placed,Not Placed,Not Placed,0.0
STU20251346,Male,2026,ECE,8.15,89.9,83.1,0,No,2,0,"C, Arduino, C++",65.5,82.3,76.5,72.0,Placed,TCS,Embedded Engineer,6.48
STU20251347,Female,2026,IT,7.62,85.2,86.0,1,Yes,2,2,"JavaScript, AWS, DSA, SQL, React",91.1,71.9,76.2,89.7,Placed,Accenture,Data Analyst,5.93
STU20251348,Female,2024,IT,6.99,76.9,68.2,1,No,1,1,"DSA, MongoDB, SQL, AWS, Python, Java",70.8,82.8,45.3,80.6,Placed,Wipro,Support Engineer,5.72
STU20251349,Male,2025,IT,6.69,73.0,76.7,3,No,1,1,"Node.js, React, Git, DSA, Java, MongoDB",76.0,59.3,66.2,58.3,Not Placed,Not Placed,Not Placed,0.0
STU20251350,Female,2027,CSE,6.58,77.2,63.2,1,Yes,1,1,"Java, Python, MongoDB, React, JavaScript, C++",87.2,74.1,43.7,85.2,Placed,Deloitte,QA Engineer,5.28
STU20251351,Female,2024,Mechanical,9.05,76.1,,0,No,2,0,"Python, CATIA, MATLAB, AutoCAD",84.2,86.8,76.0,60.8,Not Placed,Not Placed,Not Placed,0.0
STU20251352,Female,2025,Mechanical,5.67,70.9,66.3,2,Yes,0,0,"Excel, C, SolidWorks, MATLAB, ANSYS",74.5,54.9,92.1,84.0,Not Placed,Not Placed,Not Placed,0.0
STU20251353,Female,2024,IT,8.91,69.9,81.9,0,Yes,4,3,"AWS, JavaScript, Java",93.8,93.7,56.8,68.0,Placed,Zoho,Software Developer,6.93
STU20251354,Male,2024,IT,7.2,63.8,86.2,0,No,1,1,"Python, JavaScript, SQL",64.5,85.2,93.2,53.9,Placed,Wipro,Full Stack Developer,5.4
STU20251355,Male,2025,Mechanical,8.56,95.7,91.1,1,No,1,0,"Excel, SQL, SolidWorks, AutoCAD, CATIA, C++",78.2,76.7,97.3,74.1,Placed,Maruti Suzuki,Mechanical Engineer,5.13
STU20251356,Male,2024,CSE,6.13,73.8,69.1,4,Yes,1,0,"React, SQL, Node.js, DSA, C++, Python",58.7,73.0,64.4,67.2,Not Placed,Not Placed,Not Placed,0.0
STU20251357,Male,2026,ECE,7.55,78.3,77.5,1,No,2,0,"Embedded C, MATLAB, Arduino, Python, IoT",84.7,83.8,76.9,82.0,Not Placed,Not Placed,Not Placed,0.0
STU20251358,Female,2027,IT,9.14,80.6,86.3,0,No,3,1,"Git, Java, Python",98.0,79.5,72.9,84.7,Placed,Accenture,Software Developer,7.65
STU20251359,Male,2024,EEE,8.26,72.9,82.7,0,No,3,1,"MATLAB, Arduino, C++, Java",67.0,86.2,67.2,48.3,Not Placed,Not Placed,Not Placed,0.0
STU20251360,Male,2024,CSE,7.71,75.1,74.6,0,Yes,3,0,"SQL, React, C++, Python, DSA, JavaScript",70.1,78.9,73.5,73.0,Placed,Zoho,Backend Developer,7.08
STU20251361,Male,2027,EEE,6.0,73.6,71.7,1,Yes,2,0,"MATLAB, AutoCAD, Java, C, C++, Python",65.3,70.9,53.9,80.8,Not Placed,Not Placed,Not Placed,0.0
STU20251362,Male,2025,IT,6.78,73.6,72.5,6,No,2,1,"MongoDB, Python, Git, SQL",63.7,60.9,73.3,70.5,Not Placed,Not Placed,Not Placed,0.0
STU20251363,Male,2027,ECE,8.93,75.1,77.7,0,No,3,2,"Java, Git, Arduino, IoT, C",83.9,77.1,76.3,70.8,Placed,L&T Technology Services,Software Developer,7.26
STU20251364,Male,2025,CSE,7.7,80.6,73.4,0,No,2,1,"Git, SQL, Python, Node.js, MongoDB",82.5,93.7,56.9,72.2,Placed,Infosys,Backend Developer,7.16
STU20251365,Female,2026,IT,7.84,78.9,75.3,1,No,2,1,,94.2,89.8,80.6,49.8,Not Placed,Not Placed,Not Placed,0.0
STU20251366,Male,2027,ECE,7.99,80.7,73.7,0,Yes,2,5,"Git, Java, Embedded C",73.5,93.2,81.5,92.2,Placed,Bosch,Software Developer,5.8
STU20251367,Male,2024,CSE,6.89,80.2,65.7,1,No,3,1,"SQL, React, Java, Python",69.9,88.0,82.2,76.9,Placed,Wipro,Data Analyst,6.7
STU20251368,Male,2027,CSE,8.35,77.7,83.6,3,No,3,2,"Python, JavaScript, C++, MongoDB, Node.js, Java",88.3,75.0,67.2,61.2,Placed,Wipro,Backend Developer,6.8
STU20251369,Male,2026,CSE,7.64,75.9,79.2,0,No,3,0,"Python, Git, SQL",79.7,78.4,83.9,60.0,Placed,Infosys,QA Engineer,7.17
STU20251370,Female,2027,IT,8.15,88.8,90.1,0,No,1,1,"Node.js, AWS, MongoDB, React, Java, SQL",59.1,79.0,98.0,79.4,Placed,Cognizant,Data Analyst,6.17
STU20251371,Female,2024,CSE,7.51,70.2,77.9,1,No,2,0,"DSA, Node.js, SQL",66.8,70.8,70.4,72.1,Placed,Wipro,Backend Developer,7.06
STU20251372,Male,2025,Civil,6.16,60.3,68.7,1,No,0,0,"SQL, Python, Revit, GIS, STAAD Pro",61.2,57.5,66.2,73.4,Not Placed,Not Placed,Not Placed,0.0
STU20251373,Female,2024,IT,7.54,80.7,71.0,2,Yes,3,1,"AWS, SQL, Git",89.1,95.4,79.0,79.7,Placed,Capgemini,Support Engineer,7.65
STU20251374,Female,2027,Mechanical,8.09,73.8,77.2,0,Yes,2,3,"Excel, ANSYS, C, CATIA, Python",93.3,81.2,44.2,75.7,Placed,Jindal Steel,Design Engineer,5.07
STU20251375,Male,2024,Civil,7.83,70.0,80.0,1,No,2,1,"Revit, STAAD Pro, AutoCAD, SQL",66.0,86.7,53.6,46.4,Placed,L&T,Site Engineer,5.13
STU20251376,Male,2024,CSE,8.03,84.3,75.0,0,No,4,0,"MongoDB, DSA, Node.js, React, Git, JavaScript",75.5,87.5,65.0,64.1,Placed,Capgemini,Web Developer,7.34
STU20251377,Male,2027,ECE,8.51,78.3,67.7,0,No,3,2,"Python, MATLAB, Arduino, C",94.9,98.0,69.6,75.7,Placed,L&T Technology Services,Embedded Engineer,6.7
STU20251378,Female,2025,Mechanical,7.38,67.6,69.8,1,Yes,3,2,"Excel, C, Python, SolidWorks, AutoCAD",73.4,90.7,71.0,80.7,Placed,Mahindra,Mechanical Engineer,7.42
STU20251379,Male,2026,ECE,7.8,91.0,76.2,0,No,1,3,"IoT, MATLAB, Arduino, Python",80.3,81.4,74.7,63.3,Not Placed,Not Placed,Not Placed,0.0
STU20251380,Male,2025,IT,7.49,65.5,80.4,1,No,0,0,"MongoDB, Git, Java, Python, SQL, JavaScript",69.7,62.8,52.1,68.6,Placed,Zoho,Software Developer,6.08
STU20251381,Female,2026,IT,8.71,79.2,68.1,2,Yes,4,1,"Python, Node.js, MongoDB",88.5,98.0,89.8,87.0,Placed,Deloitte,Data Analyst,8.46
STU20251382,Female,2024,CSE,8.25,65.4,79.1,0,No,0,1,"DSA, Python, SQL, Node.js, C++, React",70.8,93.5,77.3,85.9,Placed,Zoho,Backend Developer,7.48
STU20251383,Male,2025,ECE,7.28,78.1,76.2,0,Yes,2,2,"Embedded C, C, MATLAB, Git, C++, Java",89.3,98.0,69.9,77.0,Placed,Wipro,QA Engineer,5.73
STU20251384,Female,2026,Civil,6.23,69.1,68.7,2,No,1,1,"AutoCAD, SQL, STAAD Pro, Excel, Primavera",49.5,82.4,71.3,79.7,Not Placed,Not Placed,Not Placed,0.0
STU20251385,Male,2025,Civil,8.44,84.8,73.7,0,Yes,2,1,"Revit, Excel, GIS, Primavera, MATLAB, AutoCAD",77.0,78.8,65.8,77.3,Placed,Afcons Infrastructure,Design Engineer,6.01
STU20251386,Female,2025,CSE,7.37,76.3,69.7,1,Yes,2,0,"Git, C++, React, Python",88.7,72.8,66.4,81.5,Placed,Cognizant,Software Developer,6.08
STU20251387,Male,2024,EEE,7.71,86.7,76.8,1,Yes,2,0,"SQL, Python, Java, IoT, AutoCAD, C++",75.5,58.8,56.8,72.9,Placed,Schneider Electric,Electrical Engineer,6.97
STU20251388,Male,2026,IT,9.8,79.5,89.3,0,No,2,0,"Java, Node.js, DSA",87.1,81.9,50.5,61.8,Placed,Infosys,Full Stack Developer,7.0
STU20251389,Female,2024,Civil,8.18,67.2,85.5,0,Yes,3,1,"Primavera, GIS, Revit",94.3,72.7,69.6,95.2,Placed,Adani,Graduate Engineer Trainee,6.66
STU20251390,Male,2025,CSE,9.37,83.1,72.4,0,Yes,4,1,"Java, MongoDB, SQL, DSA",96.8,98.0,98.0,94.6,Placed,Deloitte,Data Analyst,7.9
STU20251391,Male,2025,Civil,7.04,73.8,72.7,2,No,0,1,"SQL, MATLAB, STAAD Pro",79.8,84.8,60.8,69.3,Not Placed,Not Placed,Not Placed,0.0
STU20251392,Male,2025,Mechanical,8.46,66.4,62.5,0,Yes,3,3,"ANSYS, AutoCAD, Python, C, MATLAB, C++",98.0,98.0,53.6,77.8,Placed,Jindal Steel,Graduate Engineer Trainee,5.69
STU20251393,Male,2026,CSE,8.02,70.7,77.4,0,No,3,2,"MongoDB, JavaScript, Java, C++, Python, Git",64.7,98.0,79.4,71.1,Placed,Cognizant,Backend Developer,6.73
STU20251394,Male,2025,CSE,8.31,73.6,81.6,1,No,3,1,"Java, JavaScript, Python",77.9,88.5,67.0,69.6,Placed,Cognizant,Data Analyst,6.57
STU20251395,Male,2027,Mechanical,9.27,92.1,91.0,0,No,3,1,"Excel, ANSYS, MATLAB, SQL",78.3,85.0,82.8,70.2,Placed,Mahindra,Graduate Engineer Trainee,6.27
STU20251396,Female,2026,CSE,7.76,82.4,63.4,1,Yes,2,0,"Java, MongoDB, Python",82.0,75.9,79.6,87.1,Placed,Infosys,Backend Developer,5.21
STU20251397,Female,2027,ECE,7.77,75.0,68.4,1,Yes,3,1,"Arduino, Python, SQL, Git, C++, IoT",93.2,76.4,64.5,60.2,Not Placed,Not Placed,Not Placed,0.0
STU20251398,Male,2026,Civil,6.73,78.1,74.2,2,No,2,0,"Revit, C, STAAD Pro, Python",43.0,98.0,72.3,61.7,Not Placed,Not Placed,Not Placed,0.0
STU20251399,Male,2024,ECE,8.51,65.0,66.6,1,No,1,0,"Arduino, C++, C, Git, SQL",60.4,54.3,73.6,80.2,Not Placed,Not Placed,Not Placed,0.0
STU20251400,Female,2027,IT,7.42,72.6,76.2,2,Yes,2,5,"SQL, DSA, React",51.5,98.0,44.1,75.2,Placed,Infosys,Data Analyst,5.98
STU20251401,Male,2027,IT,8.77,82.7,83.0,0,No,3,1,"DSA, MongoDB, SQL, Git",75.3,79.0,68.3,84.6,Placed,Deloitte,QA Engineer,6.04
STU20251402,Male,2026,CSE,6.6,75.7,63.9,1,No,0,0,"JavaScript, DSA, Java, React",67.6,67.1,55.6,70.3,Not Placed,Not Placed,Not Placed,0.0
STU20251403,Male,2024,Civil,7.97,74.1,77.4,0,No,2,0,"C, STAAD Pro, Revit, MATLAB, GIS",98.0,55.0,52.3,73.8,Placed,Tata Projects,Graduate Engineer Trainee,4.29
STU20251404,Male,2024,IT,7.35,76.1,66.4,2,Yes,3,2,"Git, JavaScript, DSA",62.6,93.8,58.4,71.0,Not Placed,Not Placed,Not Placed,0.0
STU20251405,Male,2026,CSE,8.62,81.9,87.9,1,No,2,4,"React, C++, MongoDB, Python, JavaScript",98.0,98.0,83.2,85.7,Placed,Zoho,Data Analyst,6.36
STU20251406,Female,2025,IT,7.89,77.7,77.7,0,Yes,3,1,"JavaScript, React, DSA",87.2,73.0,71.7,83.9,Placed,Infosys,QA Engineer,7.14
STU20251407,Female,2026,Civil,7.04,81.6,69.5,1,No,1,1,"AutoCAD, Python, C, Excel",78.4,87.8,44.0,56.0,Not Placed,Not Placed,Not Placed,0.0
STU20251408,Male,2025,CSE,7.67,79.4,67.0,0,Yes,1,2,"DSA, MongoDB, React, Node.js",83.4,91.0,56.2,81.0,Placed,Wipro,Web Developer,5.97
STU20251409,Male,2026,Mechanical,6.83,78.7,76.2,0,No,2,0,"MATLAB, SQL, Excel, ANSYS, C++",56.1,69.8,67.5,81.9,Not Placed,Not Placed,Not Placed,0.0
STU20251410,Male,2024,EEE,8.36,90.9,87.1,1,Yes,4,0,"C++, SQL, IoT, C, AutoCAD",78.6,65.3,73.4,73.1,Placed,HCLTech,Software Developer,5.53
STU20251411,Male,2024,Mechanical,6.66,80.4,67.6,1,No,0,1,"C, SQL, SolidWorks, ANSYS, Excel",54.9,71.1,62.5,77.9,Not Placed,Not Placed,Not Placed,0.0
STU20251412,Female,2024,Civil,7.27,88.4,71.6,1,Yes,3,1,"C, Excel, Primavera, GIS, STAAD Pro",85.5,91.3,78.9,89.1,Placed,L&T,Graduate Engineer Trainee,5.8
STU20251413,Male,2027,Mechanical,7.84,72.9,70.9,0,Yes,3,3,"ANSYS, MATLAB, C",69.7,78.6,76.2,72.3,Placed,Tata Motors,Production Engineer,6.18
STU20251414,Female,2026,Civil,8.87,69.0,89.8,0,Yes,1,1,"STAAD Pro, C, Primavera",78.1,96.7,68.1,77.6,Placed,Tata Projects,Site Engineer,4.96
STU20251415,Male,2027,CSE,7.99,77.0,63.2,2,Yes,1,5,"DSA, Node.js, C++, Python, Git",68.3,80.8,63.2,67.8,Placed,Wipro,Web Developer,6.05
STU20251416,Male,2026,Mechanical,7.34,74.8,83.8,0,Yes,3,0,"CATIA, Excel, MATLAB",95.1,78.3,66.7,80.0,Placed,L&T,Design Engineer,5.25
STU20251417,Male,2027,ECE,7.98,88.2,73.9,0,No,1,0,"IoT, Java, Arduino, Git, Embedded C",68.9,72.0,44.8,58.2,Not Placed,Not Placed,Not Placed,0.0
STU20251418,Male,2026,ECE,5.99,65.1,70.7,3,Yes,1,1,"Java, C, C++, Embedded C, IoT",53.0,73.0,67.8,81.6,Placed,Infosys,QA Engineer,3.61
STU20251419,Female,2027,Mechanical,6.53,73.8,70.2,1,No,1,0,"AutoCAD, MATLAB, C++, SQL, Excel",74.7,80.4,49.8,88.0,Placed,Mahindra,Production Engineer,3.8
STU20251420,Female,2027,Civil,7.18,78.8,76.1,0,Yes,3,1,"Python, GIS, AutoCAD",76.4,96.7,84.4,63.0,Not Placed,Not Placed,Not Placed,0.0
STU20251421,Male,2026,EEE,7.04,76.3,68.9,0,No,2,2,"C++, Embedded C, Arduino, SQL, AutoCAD, IoT",90.8,82.3,45.9,85.7,Placed,HCLTech,Electrical Engineer,3.51
STU20251422,Male,2024,ECE,6.39,72.8,79.7,1,No,3,0,"Git, MATLAB, IoT",76.9,58.9,70.4,69.4,Not Placed,Not Placed,Not Placed,0.0
STU20251423,Male,2026,IT,8.63,82.1,86.0,1,Yes,2,5,"MongoDB, Python, Java, JavaScript, SQL",85.2,98.0,48.6,66.2,Placed,Cognizant,Full Stack Developer,8.19
STU20251424,Female,2024,IT,8.12,85.9,70.0,0,No,2,2,"Python, JavaScript, React",89.9,82.6,64.1,67.4,Not Placed,Not Placed,Not Placed,0.0
STU20251425,Male,2024,IT,8.02,88.8,81.3,0,No,3,2,"Git, MongoDB, DSA, React",86.9,83.4,77.2,70.3,Placed,TCS,Full Stack Developer,7.33
STU20251426,Male,2026,IT,7.31,76.5,72.2,1,No,3,1,"DSA, React, Git, SQL, MongoDB, JavaScript",87.4,82.1,81.2,65.2,Placed,Zoho,Software Developer,5.9
STU20251427,Male,2027,CSE,8.07,72.5,77.2,0,Yes,4,0,"MongoDB, DSA, C++, JavaScript, Node.js",92.6,89.9,83.6,87.6,Placed,Cognizant,Web Developer,7.71
STU20251428,Male,2024,CSE,8.44,89.8,88.5,1,No,2,0,"Node.js, Java, DSA, MongoDB, C++",77.1,79.1,82.7,66.6,Placed,Wipro,Data Analyst,8.27
STU20251429,Male,2024,EEE,7.42,69.0,70.3,0,No,3,0,"AutoCAD, SQL, Embedded C, IoT, MATLAB",64.0,85.4,80.1,73.7,Placed,L&T Technology Services,Software Developer,3.61
STU20251430,Male,2027,IT,8.28,91.2,83.8,0,Yes,2,5,"DSA, SQL, Java, React, Node.js",78.1,96.4,84.6,98.0,Placed,Accenture,Software Developer,6.88
STU20251431,Male,2024,Civil,6.82,84.5,76.6,4,Yes,2,2,"MATLAB, AutoCAD, Python, C",48.8,84.9,59.9,71.9,Not Placed,Not Placed,Not Placed,0.0
STU20251432,Male,2024,ECE,7.83,88.0,74.8,0,Yes,3,3,"C++, Python, IoT",71.6,96.4,66.3,68.1,Placed,L&T Technology Services,Network Engineer,4.18
STU20251433,Male,2026,CSE,8.97,85.2,81.8,0,Yes,4,3,"C++, DSA, Git",83.9,72.8,84.6,69.4,Placed,Tech Mahindra,Data Analyst,8.38
STU20251434,Female,2027,CSE,9.05,65.8,81.2,0,Yes,4,4,"SQL, Node.js, MongoDB",98.0,93.3,90.3,87.3,Placed,Cognizant,Backend Developer,9.07
STU20251435,Male,2026,CSE,9.13,73.6,71.5,0,No,3,3,"React, Python, DSA, Git, C++, JavaScript",85.1,92.6,74.3,68.8,Placed,Infosys,Backend Developer,8.24
STU20251436,Male,2026,Civil,7.74,79.5,71.7,1,No,2,0,"Python, Excel, SQL, C",98.0,77.2,63.7,73.0,Placed,Tata Projects,Civil Engineer,5.72
STU20251437,Male,2025,CSE,8.03,73.3,69.4,0,Yes,3,4,"JavaScript, C++, Git, MongoDB, SQL, Java",87.1,82.0,64.4,65.5,Placed,Infosys,Web Developer,7.51
STU20251438,Male,2025,ECE,7.37,74.2,73.0,1,Yes,4,2,"SQL, IoT, C, C++, Arduino",61.1,78.3,58.4,70.3,Placed,L&T Technology Services,Software Developer,5.55
STU20251439,Female,2026,Civil,5.96,77.2,80.5,2,No,2,0,"GIS, Python, AutoCAD, Primavera, STAAD Pro, Revit",82.4,76.0,69.6,81.4,Not Placed,Not Placed,Not Placed,0.0
STU20251440,Male,2027,Civil,6.36,72.7,76.2,3,No,2,1,"Primavera, Revit, GIS, Excel, AutoCAD, Python",83.1,79.4,79.8,52.3,Not Placed,Not Placed,Not Placed,0.0
STU20251441,Male,2025,CSE,7.86,69.1,66.2,1,No,1,1,"JavaScript, SQL, MongoDB, Python",55.5,81.1,77.4,48.5,Placed,TCS,Web Developer,7.03
STU20251442,Female,2025,CSE,7.91,84.0,74.4,1,No,1,1,"MongoDB, React, JavaScript",84.6,71.0,71.1,63.7,Placed,Zoho,Software Developer,5.07
STU20251443,Female,2025,CSE,9.2,84.6,81.5,0,No,3,1,"C++, JavaScript, MongoDB, SQL, DSA",98.0,98.0,98.0,64.9,Placed,TCS,Data Analyst,8.96
STU20251444,Female,2024,CSE,9.12,79.1,84.8,1,Yes,4,1,"DSA, JavaScript, C++, Node.js, Git",63.7,98.0,76.2,70.5,Placed,Cognizant,QA Engineer,8.16
STU20251445,Male,2025,CSE,7.42,81.5,70.5,0,Yes,2,1,"JavaScript, DSA, SQL, MongoDB, Java, Python",63.0,91.2,87.5,70.8,Placed,Deloitte,Backend Developer,6.25
STU20251446,Male,2024,ECE,8.45,79.8,69.2,2,No,3,1,"Java, Git, C++, Arduino, Python, MATLAB",95.0,78.9,59.5,69.8,Placed,Tech Mahindra,Embedded Engineer,4.43
STU20251447,Female,2027,Civil,7.09,85.0,73.7,3,No,2,0,"GIS, Excel, AutoCAD",72.2,98.0,71.1,64.7,Not Placed,Not Placed,Not Placed,0.0
STU20251448,Male,2025,ECE,8.33,79.9,81.5,0,No,3,1,"SQL, C++, Git, Embedded C, IoT",98.0,88.4,60.5,86.0,Placed,HCLTech,QA Engineer,6.07
STU20251449,Female,2026,ECE,8.44,88.4,79.4,2,No,2,1,"MATLAB, IoT, C++, Python, Java",92.5,77.6,61.7,79.5,Placed,Infosys,Software Developer,5.29
STU20251450,Female,2026,CSE,9.06,67.5,73.3,0,Yes,3,0,"Git, DSA, Node.js, C++, React",96.7,98.0,65.7,72.2,Placed,Infosys,Software Developer,9.17
STU20251451,Male,2027,Mechanical,7.13,79.0,86.5,1,Yes,1,1,"CATIA, C, C++, SQL, AutoCAD, Python",86.2,84.6,69.3,84.6,Placed,Mahindra,Mechanical Engineer,3.71
STU20251452,Male,2027,ECE,8.61,76.7,77.6,0,No,3,3,"Java, SQL, IoT",74.7,93.6,68.4,38.6,Placed,HCLTech,Software Developer,5.58
STU20251453,Male,2025,Mechanical,5.96,66.9,72.4,4,No,1,1,"Python, MATLAB, Excel",62.6,74.5,36.9,73.7,Not Placed,Not Placed,Not Placed,0.0
STU20251454,Male,2024,Civil,8.6,87.6,73.6,0,Yes,2,0,"C, Revit, MATLAB",98.0,96.8,68.7,83.9,Placed,Afcons Infrastructure,Site Engineer,5.58
STU20251455,Male,2026,IT,7.88,83.9,84.0,2,No,2,0,"AWS, JavaScript, DSA",74.2,82.9,63.4,62.9,Placed,Capgemini,Software Developer,6.46
STU20251456,Female,2024,CSE,8.0,64.0,80.6,1,Yes,6,2,"Python, Git, React, JavaScript",98.0,73.8,49.3,80.0,Placed,Zoho,QA Engineer,6.85
STU20251457,Male,2025,CSE,6.27,78.7,74.1,3,No,1,0,"JavaScript, Python, Java, MongoDB, React",65.5,70.7,71.0,62.1,Placed,Infosys,Backend Developer,6.65
STU20251458,Female,2024,IT,7.57,81.1,67.4,0,No,4,0,"SQL, React, DSA",72.7,90.8,78.9,73.7,Placed,HCLTech,Data Analyst,7.53
STU20251459,Male,2027,Civil,8.65,74.6,86.0,0,No,0,0,"AutoCAD, C, Python, MATLAB",65.4,80.8,82.6,54.0,Placed,Adani,Design Engineer,5.46
STU20251460,Female,2024,IT,7.54,71.0,80.7,2,No,2,2,"AWS, JavaScript, Java, SQL",83.3,72.8,92.3,80.5,Not Placed,Not Placed,Not Placed,0.0
STU20251461,Male,2026,EEE,8.26,67.5,84.4,0,Yes,4,2,"SQL, Arduino, C",98.0,88.9,58.5,73.7,Placed,TCS,Graduate Engineer Trainee,5.81
STU20251462,Female,2025,ECE,7.78,75.1,76.3,2,No,2,3,"IoT, C++, MATLAB, Embedded C",83.8,94.5,56.9,72.4,Placed,TCS,QA Engineer,6.12
STU20251463,Female,2026,CSE,8.9,79.0,78.5,0,No,2,0,"SQL, DSA, Java, Node.js, Git, C++",86.6,98.0,75.2,68.8,Placed,Deloitte,Software Developer,7.26
STU20251464,Male,2025,IT,8.06,83.7,75.5,0,No,2,1,"Python, Node.js, MongoDB",65.5,72.2,70.7,82.7,Placed,Accenture,Support Engineer,6.44
STU20251465,Male,2027,ECE,6.96,77.3,89.7,0,No,3,0,"Python, Java, Embedded C, C++, C",76.3,65.5,69.6,72.7,Placed,Tech Mahindra,Software Developer,4.78
STU20251466,Female,2026,EEE,7.7,69.8,72.0,1,Yes,5,2,"C, MATLAB, IoT, Embedded C",87.2,87.4,81.7,85.0,Placed,Wipro,Graduate Engineer Trainee,6.77
STU20251467,Male,2025,IT,9.26,82.8,71.7,0,Yes,4,0,"Java, Git, MongoDB",79.8,83.4,73.7,67.1,Placed,Cognizant,QA Engineer,9.85
STU20251468,Female,2025,CSE,8.42,77.3,75.1,1,Yes,3,2,"Git, Python, JavaScript, SQL, DSA, Node.js",88.8,82.8,87.1,80.4,Placed,Infosys,Data Analyst,6.95
STU20251469,Female,2027,EEE,7.55,70.3,71.7,2,No,2,2,"C++, IoT, Arduino, Embedded C, Java, Python",68.5,80.1,60.2,88.5,Placed,HCLTech,Electrical Engineer,5.61
STU20251470,Female,2026,CSE,9.8,71.4,90.3,0,Yes,4,4,,88.3,98.0,72.6,93.0,Placed,Accenture,QA Engineer,8.78
STU20251471,Male,2025,Civil,8.49,83.6,68.4,0,Yes,2,2,"Python, Excel, AutoCAD, MATLAB",90.8,79.0,59.5,42.9,Placed,JLL,Design Engineer,4.53
STU20251472,Male,2025,CSE,8.69,82.8,74.5,1,No,2,0,"DSA, Python, JavaScript, Java, SQL, MongoDB",98.0,72.8,30.4,71.6,Placed,TCS,Data Analyst,6.92
STU20251473,Female,2024,CSE,8.27,82.6,78.7,2,No,2,2,"JavaScript, React, Python, MongoDB, C++",98.0,79.0,50.3,51.9,Not Placed,Not Placed,Not Placed,0.0
STU20251474,Male,2024,ECE,8.37,73.8,86.5,0,No,1,3,"Git, Java, Embedded C, Python, MATLAB, IoT",76.7,72.2,85.1,65.0,Not Placed,Not Placed,Not Placed,0.0
STU20251475,Male,2024,ECE,8.4,80.2,82.7,0,No,3,2,"MATLAB, IoT, Embedded C, Python, SQL",90.1,89.0,87.9,63.0,Placed,TCS,Software Developer,7.45
STU20251476,Male,2024,ECE,5.89,63.1,82.2,3,No,1,0,"Java, Embedded C, Python, Git, MATLAB, C",73.6,70.0,46.9,76.9,Not Placed,Not Placed,Not Placed,0.0
STU20251477,Female,2024,IT,8.24,71.7,79.7,0,No,2,1,"Node.js, AWS, JavaScript, Java, Git",87.8,94.3,85.1,67.9,Placed,Deloitte,Support Engineer,5.69
STU20251478,Male,2027,Civil,7.36,76.6,73.4,2,Yes,3,1,"Primavera, Revit, SQL",79.9,70.7,37.9,64.7,Placed,JLL,Civil Engineer,4.59
STU20251479,Male,2027,ECE,7.33,78.2,80.8,2,Yes,2,0,"C, SQL, Embedded C, Git, MATLAB, Arduino",91.3,78.9,55.9,80.0,Placed,TCS,QA Engineer,5.02
STU20251480,Male,2027,IT,7.73,65.9,66.3,0,No,2,1,"Git, Node.js, DSA, Java, SQL, React",70.4,85.0,64.8,57.1,Placed,Wipro,Software Developer,6.89
STU20251481,Female,2026,IT,6.58,67.0,60.8,2,Yes,3,0,"DSA, SQL, MongoDB, Python, AWS",60.8,59.9,80.0,64.3,Placed,Cognizant,Full Stack Developer,5.25
STU20251482,Male,2026,CSE,6.47,71.6,79.3,2,No,2,1,"Node.js, Python, C++, MongoDB, Java, Git",75.7,77.5,89.4,65.0,Not Placed,Not Placed,Not Placed,0.0
STU20251483,Female,2024,ECE,8.81,86.7,80.3,1,No,2,0,"C++, SQL, Git",79.4,87.6,69.2,67.2,Placed,Bosch,QA Engineer,6.59
STU20251484,Female,2026,CSE,8.39,73.3,84.4,2,No,3,0,"DSA, Node.js, Git, SQL, Python",98.0,83.2,72.7,71.7,Placed,Zoho,Software Developer,8.21
STU20251485,Female,2025,ECE,5.7,73.2,64.4,1,Yes,1,1,"MATLAB, C, SQL",59.5,57.2,76.3,75.9,Not Placed,Not Placed,Not Placed,0.0
STU20251486,Female,2026,CSE,7.51,78.5,84.3,3,No,1,3,"SQL, C++, Git, React, Python",86.5,82.3,98.0,62.1,Placed,Wipro,QA Engineer,5.19
STU20251487,Male,2027,Civil,8.25,76.9,82.0,2,No,2,2,"STAAD Pro, Excel, MATLAB, AutoCAD",86.0,66.7,88.4,72.4,Not Placed,Not Placed,Not Placed,0.0
STU20251488,Male,2027,IT,7.66,79.0,75.5,1,No,2,2,"DSA, AWS, MongoDB, React, Git, Python",60.6,86.6,54.9,70.5,Placed,Accenture,Full Stack Developer,5.02
STU20251489,Male,2025,Mechanical,8.61,70.1,79.7,2,No,3,1,"ANSYS, CATIA, Excel, SolidWorks",91.8,95.0,85.8,69.6,Placed,Jindal Steel,Design Engineer,5.34
STU20251490,Female,2026,IT,8.79,75.4,81.2,0,No,1,0,"AWS, Node.js, SQL, Python",72.7,81.3,66.8,51.1,Placed,Capgemini,Full Stack Developer,6.99
STU20251491,Male,2024,CSE,6.85,85.2,67.5,1,Yes,2,1,"Java, DSA, MongoDB, SQL",98.0,90.0,85.6,78.9,Placed,Cognizant,Software Developer,6.02
STU20251492,Male,2024,Mechanical,7.43,87.1,72.4,1,Yes,2,3,"C++, AutoCAD, SQL, Excel",66.8,77.2,77.9,80.4,Not Placed,Not Placed,Not Placed,0.0
STU20251493,Female,2024,ECE,7.37,82.3,77.2,1,No,0,1,"Embedded C, IoT, SQL, Git, Arduino, Python",59.9,69.6,56.2,78.3,Placed,L&T Technology Services,Network Engineer,4.28
STU20251494,Male,2024,Mechanical,6.37,81.6,69.2,4,Yes,1,1,"CATIA, C++, ANSYS",42.3,70.6,79.8,75.1,Not Placed,Not Placed,Not Placed,0.0
STU20251495,Female,2026,IT,6.66,61.9,62.7,4,Yes,2,1,"SQL, React, AWS, MongoDB, Java, DSA",63.2,98.0,73.5,86.0,Not Placed,Not Placed,Not Placed,0.0
STU20251496,Male,2025,ECE,7.06,69.0,76.1,5,Yes,3,2,"Git, IoT, SQL, Embedded C, MATLAB, Arduino",85.6,79.0,73.4,79.0,Placed,Wipro,Network Engineer,4.62
STU20251497,Male,2024,Mechanical,7.01,73.3,79.8,0,No,0,1,"SQL, SolidWorks, CATIA, Python, ANSYS, C",56.8,96.5,68.4,64.2,Not Placed,Not Placed,Not Placed,0.0
STU20251498,Male,2027,ECE,7.99,94.9,84.1,2,No,3,2,"SQL, C, C++",87.7,86.1,65.2,68.4,Placed,Bosch,Embedded Engineer,7.53
STU20251499,Male,2026,IT,8.79,77.8,82.5,0,No,1,2,"AWS, Java, React, DSA",83.7,79.4,83.2,62.3,Placed,Deloitte,Support Engineer,5.25
STU20251500,Male,2025,EEE,8.09,83.4,82.6,1,Yes,4,4,"IoT, AutoCAD, C++, C, Python",72.9,98.0,98.0,61.3,Placed,Schneider Electric,Software Developer,6.79
STU20251501,Female,2026,EEE,8.29,81.4,84.3,0,Yes,3,4,"C++, MATLAB, C, Java, Python",81.6,93.8,98.0,81.6,Placed,Schneider Electric,Electrical Engineer,4.82
STU20251502,Male,2026,Civil,7.27,78.7,75.2,0,Yes,2,0,"Primavera, STAAD Pro, GIS, C, SQL, AutoCAD",64.2,74.4,66.7,70.1,Not Placed,Not Placed,Not Placed,0.0
STU20251503,Male,2025,IT,8.41,78.9,62.9,1,No,3,1,"SQL, DSA, Java, Python",94.0,95.2,46.3,77.4,Placed,Accenture,Support Engineer,3.59
STU20251504,Female,2026,IT,7.77,69.0,84.1,5,No,1,1,"React, Python, Java, Git, Node.js",53.6,92.8,64.0,91.5,Not Placed,Not Placed,Not Placed,0.0
STU20251505,Female,2027,Mechanical,7.17,57.0,68.1,0,No,2,0,"C, CATIA, Python, ANSYS",83.8,71.0,70.6,81.7,Not Placed,Not Placed,Not Placed,0.0
STU20251506,Male,2025,ECE,9.36,90.4,72.4,0,Yes,3,0,"IoT, MATLAB, Arduino, Git",79.7,98.0,81.1,61.6,Placed,Wipro,Network Engineer,8.77
STU20251507,Female,2026,EEE,5.67,67.9,62.6,1,No,0,0,"Java, C++, AutoCAD, Arduino, MATLAB",63.9,64.1,74.4,62.4,Not Placed,Not Placed,Not Placed,0.0
STU20251508,Male,2024,IT,6.31,60.7,89.4,0,No,1,0,"DSA, React, Python",73.8,61.2,74.7,76.0,Placed,Cognizant,QA Engineer,5.27
STU20251509,Male,2027,CSE,8.33,81.9,80.6,0,No,3,0,"Python, React, DSA, MongoDB, SQL, JavaScript",85.0,77.1,83.0,74.2,Placed,Deloitte,Software Developer,6.9
STU20251510,Male,2025,EEE,7.42,79.5,67.7,1,No,3,1,"SQL, C, C++",98.0,69.9,61.4,85.0,Not Placed,Not Placed,Not Placed,0.0
STU20251511,Female,2025,CSE,6.78,80.3,68.5,2,No,2,0,"React, JavaScript, C++, Node.js, DSA",68.0,75.8,60.3,64.7,Not Placed,Not Placed,Not Placed,0.0
STU20251512,Male,2027,CSE,7.1,83.6,74.2,1,Yes,3,1,"Java, SQL, Python",60.7,80.9,54.3,58.0,Placed,TCS,Software Developer,6.01
STU20251513,Male,2026,ECE,6.96,69.0,77.6,2,No,1,2,"C, Arduino, SQL, MATLAB, IoT",97.5,89.7,71.2,58.0,Placed,L&T Technology Services,Network Engineer,4.16
STU20251514,Female,2024,EEE,8.41,72.9,79.7,1,No,3,0,"Arduino, Embedded C, Python, SQL, C++, MATLAB",88.1,93.2,84.9,83.4,Not Placed,Not Placed,Not Placed,0.0
STU20251515,Male,2025,Mechanical,8.58,77.2,71.7,0,Yes,4,0,"Excel, AutoCAD, Python, CATIA",88.9,82.9,88.2,75.1,Placed,Mahindra,Graduate Engineer Trainee,7.29
STU20251516,Male,2025,CSE,9.39,87.2,82.6,0,No,2,1,"Java, C++, SQL, Python",98.0,88.0,45.0,79.1,Placed,TCS,QA Engineer,7.08
STU20251517,Female,2027,CSE,6.65,59.9,68.7,1,No,2,1,"DSA, JavaScript, Python",56.7,69.8,72.7,65.1,Placed,Tech Mahindra,Data Analyst,5.07
STU20251518,Male,2025,Civil,6.34,74.7,79.4,2,No,2,1,"SQL, MATLAB, C",69.9,75.8,51.8,60.4,Not Placed,Not Placed,Not Placed,0.0
STU20251519,Male,2025,CSE,6.78,81.5,73.7,2,No,1,0,"Java, SQL, Python, DSA, C++",57.6,71.2,74.8,77.0,Placed,Accenture,Web Developer,6.54
STU20251520,Male,2026,CSE,9.1,87.0,74.3,1,No,3,1,"DSA, JavaScript, Git, SQL, MongoDB, React",85.9,90.5,62.8,53.2,Placed,Accenture,QA Engineer,6.55
STU20251521,Female,2025,IT,8.25,83.6,82.1,1,Yes,2,2,"React, Node.js, AWS",63.3,98.0,82.5,79.0,Placed,Accenture,Data Analyst,6.54
STU20251522,Male,2024,ECE,7.82,85.0,78.8,1,Yes,3,1,"IoT, Java, Embedded C, Arduino, C, MATLAB",81.9,98.0,62.9,92.6,Placed,Tech Mahindra,QA Engineer,5.76
STU20251523,Male,2027,Mechanical,7.75,58.1,72.6,1,No,2,2,"Excel, C, C++",78.2,77.5,62.9,42.0,Not Placed,Not Placed,Not Placed,0.0
STU20251524,Male,2024,EEE,7.6,88.3,80.6,0,Yes,3,3,"Arduino, MATLAB, SQL, Java, Python",79.3,94.3,80.8,61.9,Placed,Siemens,Software Developer,5.81
STU20251525,Male,2027,EEE,6.7,77.1,77.5,2,No,2,1,"Embedded C, SQL, Python, AutoCAD",45.5,83.0,59.6,68.9,Not Placed,Not Placed,Not Placed,0.0
STU20251526,Female,2027,CSE,8.44,88.4,86.2,0,No,3,1,"Git, Node.js, Java, Python, DSA, SQL",93.2,81.2,86.2,63.5,Placed,Cognizant,Data Analyst,7.75
STU20251527,Male,2024,IT,7.74,69.1,80.9,0,Yes,2,0,"JavaScript, Node.js, MongoDB, DSA",75.2,93.8,80.6,71.6,Placed,Capgemini,Support Engineer,5.68
STU20251528,Male,2026,IT,6.88,62.9,72.1,1,No,3,0,"Python, DSA, SQL, React, Git, JavaScript",98.0,62.1,66.1,95.7,Placed,Zoho,Data Analyst,5.72
STU20251529,Male,2027,CSE,8.49,91.7,66.1,1,No,3,1,"Java, Node.js, Python, React, Git",78.6,97.7,68.1,61.3,Placed,Deloitte,Data Analyst,7.87
STU20251530,Male,2026,CSE,7.64,70.6,76.9,2,Yes,3,2,"MongoDB, React, DSA, Node.js, SQL",72.4,83.5,87.2,70.6,Placed,Deloitte,Software Developer,5.97
STU20251531,Male,2026,IT,8.09,76.0,79.2,2,Yes,3,3,"React, DSA, Node.js, AWS, JavaScript, MongoDB",84.2,78.2,83.1,61.3,Placed,HCLTech,Data Analyst,5.53
STU20251532,Female,2024,CSE,7.89,81.4,76.7,0,Yes,1,0,"React, JavaScript, MongoDB",61.5,77.1,92.9,56.2,Placed,TCS,Web Developer,5.94
STU20251533,Female,2024,ECE,8.51,84.7,56.9,0,No,1,1,"SQL, Embedded C, MATLAB, C, Java",94.1,98.0,51.4,74.3,Placed,Infosys,Network Engineer,5.18
STU20251534,Male,2026,EEE,7.84,85.1,80.9,0,No,2,1,"SQL, MATLAB, AutoCAD, IoT, Arduino, C",67.3,98.0,67.6,49.6,Placed,Siemens,Graduate Engineer Trainee,6.63
STU20251535,Male,2024,CSE,7.25,77.7,68.2,3,No,3,2,"Python, Git, SQL, Node.js",68.2,75.0,63.1,53.4,Placed,Capgemini,Data Analyst,5.23
STU20251536,Male,2025,ECE,8.02,70.7,81.5,0,No,2,3,"Java, C++, Arduino, MATLAB, IoT",89.6,86.7,78.7,69.5,Not Placed,Not Placed,Not Placed,0.0
STU20251537,Male,2026,Mechanical,7.85,82.6,88.1,2,No,2,0,"AutoCAD, Excel, SolidWorks, SQL",81.8,78.4,59.1,76.1,Not Placed,Not Placed,Not Placed,0.0
STU20251538,Male,2024,EEE,8.08,83.3,75.0,0,No,1,0,"Python, SQL, C, C++",80.2,79.7,61.8,58.6,Not Placed,Not Placed,Not Placed,0.0
STU20251539,Male,2027,Mechanical,8.43,66.4,80.8,1,Yes,2,0,"C++, MATLAB, Excel",65.8,98.0,74.3,64.1,Placed,Bosch,Production Engineer,5.95
STU20251540,Female,2027,IT,7.38,86.4,75.2,1,Yes,2,1,"React, JavaScript, AWS, MongoDB, DSA",88.6,76.0,45.1,53.4,Not Placed,Not Placed,Not Placed,0.0
STU20251541,Female,2027,Mechanical,8.12,60.9,80.6,2,No,3,0,"Excel, ANSYS, Python, CATIA, C++, SolidWorks",70.7,75.3,46.3,75.1,Not Placed,Not Placed,Not Placed,0.0
STU20251542,Male,2024,CSE,6.53,81.6,73.4,0,No,1,0,"MongoDB, Python, React, C++",49.4,67.7,64.6,69.4,Placed,Capgemini,Backend Developer,5.58
STU20251543,Female,2025,IT,7.8,73.1,72.4,0,Yes,2,3,"MongoDB, Git, AWS, Node.js, Python",83.4,84.1,98.0,73.1,Placed,Cognizant,QA Engineer,6.37
STU20251544,Male,2027,CSE,7.77,82.4,69.6,1,Yes,2,1,"React, JavaScript, MongoDB",76.3,89.6,72.6,57.3,Placed,TCS,Data Analyst,6.37
STU20251545,Male,2025,IT,9.13,84.4,90.8,0,No,3,2,"AWS, DSA, Java, Git, MongoDB",85.3,93.4,71.6,78.7,Placed,Accenture,QA Engineer,8.16
STU20251546,Female,2026,IT,7.77,77.2,79.0,2,Yes,3,0,"Git, React, Python, AWS, Node.js, Java",89.4,88.0,76.7,67.0,Placed,Cognizant,Support Engineer,8.9
STU20251547,Male,2026,CSE,8.52,82.5,83.8,2,No,1,0,"Python, Node.js, DSA, MongoDB, SQL",76.3,92.7,81.6,79.7,Not Placed,Not Placed,Not Placed,0.0
STU20251548,Male,2025,EEE,6.15,72.8,74.4,4,Yes,1,1,"MATLAB, C++, IoT, Embedded C, C, Java",47.3,69.4,62.9,65.1,Not Placed,Not Placed,Not Placed,0.0
STU20251549,Female,2025,IT,7.6,82.0,82.4,2,Yes,2,2,"JavaScript, DSA, AWS, MongoDB",73.9,82.3,61.6,76.9,Placed,Infosys,Support Engineer,6.45
STU20251550,Male,2026,CSE,7.28,91.5,68.4,2,Yes,3,1,"JavaScript, Python, SQL, MongoDB, Java",82.4,85.8,48.7,63.9,Placed,Wipro,QA Engineer,6.4
STU20251551,Female,2024,CSE,9.8,73.1,82.0,0,No,3,1,"Java, Node.js, JavaScript, Python",93.6,87.3,90.9,80.5,Placed,Tech Mahindra,Backend Developer,7.56
STU20251552,Male,2027,IT,7.33,54.0,78.3,0,Yes,3,1,"MongoDB, Java, AWS, Node.js",77.0,81.6,63.2,58.5,Placed,Wipro,QA Engineer,6.96
STU20251553,Female,2026,IT,7.96,75.0,85.5,0,Yes,1,2,"DSA, Git, Node.js, JavaScript, MongoDB",98.0,93.9,78.0,76.6,Placed,Wipro,QA Engineer,4.72
STU20251554,Male,2024,IT,8.01,74.6,95.3,1,No,3,0,"React, Git, Java, JavaScript",98.0,83.8,85.8,54.4,Placed,Accenture,QA Engineer,8.05
STU20251555,Male,2026,CSE,6.65,72.0,75.8,1,No,3,0,"JavaScript, DSA, Python, SQL, Git, MongoDB",61.3,88.5,62.6,63.9,Placed,Accenture,Data Analyst,2.5
STU20251556,Male,2025,EEE,7.2,69.5,69.8,2,No,2,0,"C, Arduino, Embedded C, MATLAB",59.6,67.9,49.7,76.7,Not Placed,Not Placed,Not Placed,0.0
STU20251557,Female,2024,Civil,7.84,83.7,67.8,0,No,2,1,"Primavera, AutoCAD, SQL, MATLAB",95.1,85.6,68.4,55.3,Not Placed,Not Placed,Not Placed,0.0
STU20251558,Male,2027,ECE,7.82,67.9,69.8,0,No,3,0,"C++, Arduino, Embedded C",94.4,87.4,69.3,74.6,Not Placed,Not Placed,Not Placed,0.0
STU20251559,Female,2026,ECE,5.79,75.6,65.2,0,No,1,0,"Git, Arduino, Python, SQL",84.2,71.6,69.6,78.1,Not Placed,Not Placed,Not Placed,0.0
STU20251560,Male,2026,Mechanical,7.07,80.1,53.8,3,Yes,1,4,"AutoCAD, SolidWorks, C, CATIA, Python",67.5,80.0,60.8,49.0,Not Placed,Not Placed,Not Placed,0.0
STU20251561,Male,2027,Civil,8.37,81.1,72.9,1,No,3,0,"SQL, GIS, C, AutoCAD, MATLAB",82.4,69.8,65.4,74.7,Not Placed,Not Placed,Not Placed,0.0
STU20251562,Male,2026,ECE,8.25,82.0,82.3,1,No,1,1,"C, Arduino, MATLAB, Git, IoT",57.4,93.9,68.0,82.5,Placed,L&T Technology Services,Software Developer,5.37
STU20251563,Male,2025,Mechanical,8.59,86.1,78.7,1,Yes,3,2,"SolidWorks, ANSYS, SQL, MATLAB, C++",87.2,75.3,79.2,64.0,Placed,Jindal Steel,Design Engineer,6.0
STU20251564,Female,2024,Civil,6.66,,71.2,1,No,2,0,"C, Excel, Python, STAAD Pro, SQL, AutoCAD",65.6,60.9,78.3,58.7,Not Placed,Not Placed,Not Placed,0.0
STU20251565,Male,2024,Mechanical,8.64,77.2,67.0,0,No,1,1,"MATLAB, C, AutoCAD",71.3,90.5,98.0,49.5,Not Placed,Not Placed,Not Placed,0.0
STU20251566,Female,2025,IT,7.86,81.1,83.6,1,No,2,0,"Node.js, DSA, Git, SQL, JavaScript",90.4,76.6,96.5,57.5,Not Placed,Not Placed,Not Placed,0.0
STU20251567,Male,2025,CSE,9.35,85.6,83.8,0,Yes,3,3,"Git, C++, React, Python",87.4,96.7,75.7,85.2,Placed,Infosys,Web Developer,7.91
STU20251568,Male,2026,CSE,8.0,84.2,76.5,1,Yes,4,0,"DSA, JavaScript, Python, React, C++, SQL",94.9,71.2,62.7,68.0,Placed,Cognizant,Data Analyst,6.45
STU20251569,Male,2025,IT,6.16,61.4,56.2,2,No,2,0,"React, MongoDB, Git, Node.js, Java, SQL",69.5,74.7,56.5,75.0,Placed,Accenture,QA Engineer,4.48
STU20251570,Female,2026,ECE,8.47,77.9,74.4,0,No,3,0,"Git, Python, MATLAB, Arduino, IoT, Java",91.4,93.2,56.8,61.5,Placed,TCS,Embedded Engineer,6.36
STU20251571,Female,2027,IT,7.52,69.3,78.3,0,No,3,1,"MongoDB, Node.js, React, Java, Git",64.3,66.5,71.7,67.7,Not Placed,Not Placed,Not Placed,0.0
STU20251572,Male,2027,ECE,7.43,80.5,74.9,0,No,2,1,"C++, Embedded C, IoT, Git",65.3,82.7,56.8,84.0,Not Placed,Not Placed,Not Placed,0.0
STU20251573,Male,2025,ECE,6.51,79.4,73.9,1,No,2,0,"Git, Embedded C, IoT",78.0,82.6,51.6,85.2,Not Placed,Not Placed,Not Placed,0.0
STU20251574,Male,2027,Mechanical,8.93,78.4,83.9,0,No,3,0,"ANSYS, Python, SolidWorks, CATIA",98.0,73.8,62.2,70.8,Not Placed,Not Placed,Not Placed,0.0
STU20251575,Male,2027,CSE,7.56,71.8,76.5,0,No,1,0,"Python, JavaScript, DSA",80.9,78.7,81.8,66.5,Placed,Capgemini,Web Developer,6.15
STU20251576,Male,2024,CSE,9.34,85.5,84.8,0,Yes,4,1,"C++, DSA, JavaScript",91.9,93.2,76.3,63.5,Placed,Wipro,Backend Developer,8.18
STU20251577,Male,2025,Mechanical,7.18,75.0,68.5,1,No,2,0,"ANSYS, Python, MATLAB, SolidWorks",93.9,80.5,51.0,78.6,Not Placed,Not Placed,Not Placed,0.0
STU20251578,Female,2024,Mechanical,6.76,84.9,64.7,0,No,1,0,"AutoCAD, SolidWorks, CATIA, ANSYS, MATLAB",68.7,70.6,78.5,67.6,Not Placed,Not Placed,Not Placed,0.0
STU20251579,Female,2026,Civil,8.62,92.0,81.6,1,Yes,3,1,"MATLAB, Primavera, C",76.0,73.0,90.0,88.5,Placed,JLL,Civil Engineer,6.13
STU20251580,Female,2026,Mechanical,7.49,83.7,80.0,1,Yes,3,1,"CATIA, Excel, C++, Python, SolidWorks, MATLAB",80.0,78.0,64.0,52.8,Not Placed,Not Placed,Not Placed,0.0
STU20251581,Female,2026,Mechanical,7.5,78.4,78.9,0,Yes,3,3,"C, MATLAB, SolidWorks",84.5,80.4,59.8,67.8,Placed,Mahindra,Graduate Engineer Trainee,5.65
STU20251582,Male,2027,IT,6.81,87.8,74.3,3,No,1,2,"JavaScript, SQL, DSA, Git",56.4,76.9,55.9,67.2,Not Placed,Not Placed,Not Placed,0.0
STU20251583,Female,2025,IT,7.51,78.5,73.0,2,Yes,1,3,"AWS, DSA, Java, Python",76.6,95.1,73.5,79.1,Placed,Cognizant,Support Engineer,5.68
STU20251584,Male,2025,CSE,8.36,75.5,79.0,2,No,3,1,"JavaScript, Java, DSA, MongoDB, C++",63.6,71.4,85.3,53.5,Placed,Infosys,QA Engineer,6.28
STU20251585,Male,2027,ECE,6.65,69.9,75.6,1,No,2,0,"C++, Arduino, Embedded C, Python, MATLAB, SQL",69.6,83.9,68.8,67.4,Not Placed,Not Placed,Not Placed,0.0
STU20251586,Male,2027,Civil,7.04,70.7,77.1,1,Yes,3,0,"Primavera, C, Excel",75.8,95.4,50.7,84.7,Not Placed,Not Placed,Not Placed,0.0
STU20251587,Male,2027,IT,7.54,76.8,93.6,2,No,1,1,"Git, Java, MongoDB, Python, AWS, JavaScript",74.8,96.3,84.0,72.8,Placed,Infosys,Support Engineer,3.52
STU20251588,Female,2024,ECE,7.81,80.8,69.6,1,No,2,2,"Embedded C, Git, SQL, C, MATLAB, Arduino",55.6,98.0,70.5,73.0,Placed,HCLTech,Embedded Engineer,5.97
STU20251589,Female,2024,IT,9.16,71.0,98.0,0,Yes,4,1,"Git, Python, SQL, Node.js, Java",92.0,93.7,74.0,63.2,Placed,Accenture,Software Developer,7.56
STU20251590,Male,2024,CSE,7.75,74.2,67.1,0,Yes,2,1,"MongoDB, Java, SQL, React",89.2,82.5,76.6,70.4,Placed,Accenture,Web Developer,7.7
STU20251591,Male,2025,CSE,7.41,78.0,77.7,1,No,1,2,"Node.js, SQL, Java, C++, MongoDB",91.4,62.5,83.2,56.7,Placed,Capgemini,Backend Developer,4.3
STU20251592,Female,2025,CSE,9.8,87.0,73.1,0,Yes,4,2,"SQL, React, Git, MongoDB, DSA",98.0,94.8,64.4,85.2,Placed,Deloitte,Software Developer,10.0
STU20251593,Male,2027,Civil,7.13,75.6,76.4,1,No,3,2,"AutoCAD, Excel, GIS, Primavera",78.5,93.5,51.1,74.1,Not Placed,Not Placed,Not Placed,0.0
STU20251594,Female,2026,IT,7.74,79.1,82.8,2,No,2,1,"JavaScript, Node.js, Java",98.0,67.5,70.3,70.5,Placed,Wipro,Full Stack Developer,5.73
STU20251595,Female,2025,Mechanical,7.25,67.5,74.8,1,Yes,2,1,"ANSYS, AutoCAD, SQL, SolidWorks, Python, CATIA",67.1,70.6,68.5,75.1,Not Placed,Not Placed,Not Placed,0.0
STU20251596,Male,2025,EEE,7.41,70.1,81.8,2,No,2,0,"SQL, Embedded C, MATLAB, Java",68.3,79.1,81.4,83.6,Placed,HCLTech,Graduate Engineer Trainee,4.84
STU20251597,Male,2025,CSE,8.07,77.7,73.8,1,Yes,2,1,"DSA, MongoDB, Node.js, Java, SQL, Git",80.6,66.8,88.8,97.2,Placed,Deloitte,Web Developer,7.3
STU20251598,Male,2025,CSE,8.78,83.5,64.4,1,Yes,3,2,"Python, Git, Node.js, JavaScript, C++",96.3,98.0,68.6,74.0,Placed,Cognizant,Backend Developer,7.33
STU20251599,Male,2026,Mechanical,7.89,79.3,80.7,1,Yes,3,1,"CATIA, MATLAB, SolidWorks, C++, Excel, AutoCAD",89.7,89.8,75.8,74.0,Placed,Maruti Suzuki,Mechanical Engineer,4.74
STU20251600,Male,2024,CSE,8.92,74.4,79.3,0,Yes,2,2,"Node.js, Python, Java, Git",56.2,93.0,81.7,77.8,Placed,TCS,Web Developer,6.98
STU20251601,Male,2027,Civil,8.39,77.3,74.3,1,No,4,1,"Python, Revit, AutoCAD, SQL, GIS, Primavera",75.4,96.0,80.8,86.4,Placed,Afcons Infrastructure,Design Engineer,4.98
STU20251602,Male,2024,CSE,8.18,89.0,74.2,2,No,4,0,"React, Java, Node.js, C++, Git",95.1,81.5,51.6,78.3,Placed,Cognizant,Backend Developer,8.32
STU20251603,Male,2025,EEE,7.97,81.7,79.4,0,No,2,2,"Python, IoT, Java",69.2,87.6,78.7,73.8,Placed,Schneider Electric,Electrical Engineer,5.48
STU20251604,Male,2027,Mechanical,8.49,78.1,72.2,2,No,2,1,"SolidWorks, ANSYS, SQL",80.9,75.7,63.2,78.3,Not Placed,Not Placed,Not Placed,0.0
STU20251605,Female,2024,CSE,7.06,68.5,76.7,1,Yes,3,0,"SQL, Java, Python, DSA, C++",82.1,54.6,75.7,78.0,Placed,Tech Mahindra,Software Developer,6.12
STU20251606,Male,2024,CSE,9.8,77.5,89.8,1,Yes,4,0,"C++, Java, Python",98.0,92.7,64.2,56.3,Placed,TCS,Software Developer,8.68
STU20251607,Female,2026,Civil,7.06,75.7,88.5,3,No,1,1,"GIS, Python, Excel, AutoCAD, SQL, C",83.1,92.6,69.0,81.8,Not Placed,Not Placed,Not Placed,0.0
STU20251608,Male,2025,CSE,7.7,79.2,85.6,1,No,1,4,"Git, SQL, C++, React, MongoDB",91.3,98.0,66.8,59.5,Placed,Wipro,QA Engineer,6.46
STU20251609,Male,2024,IT,6.87,79.1,74.7,4,No,1,1,"Git, Java, Node.js, MongoDB, React",79.4,74.0,95.2,68.0,Not Placed,Not Placed,Not Placed,0.0
STU20251610,Male,2024,IT,6.9,78.0,75.4,0,No,2,0,"JavaScript, AWS, React",59.8,72.7,55.9,59.7,Placed,Capgemini,QA Engineer,4.91
STU20251611,Female,2024,CSE,8.83,77.5,76.0,0,No,4,0,"C++, Node.js, React, SQL, Git",96.2,72.6,62.7,65.9,Not Placed,Not Placed,Not Placed,0.0
STU20251612,Male,2026,EEE,9.58,78.4,77.6,0,Yes,4,2,"Java, AutoCAD, Arduino, Embedded C, C",98.0,98.0,97.4,75.9,Placed,HCLTech,Embedded Engineer,7.65
STU20251613,Male,2025,EEE,7.17,90.3,80.5,4,Yes,3,3,"IoT, C, Java, MATLAB",83.8,88.6,79.7,89.3,Placed,TCS,Graduate Engineer Trainee,5.48
STU20251614,Male,2027,IT,8.2,74.6,75.0,1,Yes,3,2,"Git, Java, Python, JavaScript, MongoDB, AWS",98.0,85.6,75.9,67.9,Placed,Accenture,Data Analyst,7.09
STU20251615,Female,2027,Mechanical,7.74,68.3,78.5,1,No,3,0,"Excel, ANSYS, SolidWorks, CATIA, SQL, MATLAB",84.1,61.5,64.2,86.6,Placed,Maruti Suzuki,Mechanical Engineer,6.26
STU20251616,Male,2024,CSE,8.85,68.7,72.2,0,Yes,3,1,"SQL, Python, React, MongoDB",85.2,70.7,59.9,53.8,Placed,Wipro,Data Analyst,7.38
STU20251617,Male,2025,CSE,9.8,80.0,91.1,0,Yes,5,2,"DSA, Git, Java, JavaScript, MongoDB, Node.js",86.3,98.0,73.0,58.2,Placed,Tech Mahindra,QA Engineer,8.09
STU20251618,Female,2024,ECE,9.04,87.2,77.2,0,No,2,2,"IoT, Java, SQL, C",98.0,74.8,68.6,58.8,Placed,HCLTech,QA Engineer,5.17
STU20251619,Male,2025,Civil,7.3,72.2,82.3,1,No,2,2,"AutoCAD, SQL, MATLAB, Excel",64.0,86.9,59.5,78.2,Not Placed,Not Placed,Not Placed,0.0
STU20251620,Male,2025,CSE,8.45,89.5,72.9,0,Yes,5,1,"JavaScript, C++, React, DSA, Git, SQL",89.7,95.6,66.6,61.8,Placed,Wipro,Software Developer,7.21
STU20251621,Female,2027,CSE,8.53,79.3,72.7,0,Yes,4,2,"MongoDB, Java, C++, Python, SQL",83.4,77.5,66.3,58.0,Placed,TCS,QA Engineer,7.51
STU20251622,Male,2025,ECE,7.73,85.1,,3,No,3,0,"Arduino, Java, IoT",65.1,81.6,82.9,90.6,Placed,L&T Technology Services,Software Developer,7.05
STU20251623,Male,2026,Mechanical,6.62,69.2,68.5,0,No,2,2,"CATIA, ANSYS, Python, AutoCAD, SQL, C",83.8,68.7,47.8,67.4,Not Placed,Not Placed,Not Placed,0.0
STU20251624,Male,2026,CSE,7.32,71.1,63.8,1,No,2,1,"React, Python, SQL, Java, DSA",82.6,89.0,73.8,86.9,Placed,TCS,Software Developer,7.55
STU20251625,Male,2027,IT,8.88,80.8,71.7,0,Yes,3,0,"MongoDB, JavaScript, Git, React, SQL, AWS",89.8,98.0,78.5,85.4,Placed,Infosys,Full Stack Developer,6.8
STU20251626,Female,2025,EEE,8.71,83.2,84.5,0,No,2,3,"MATLAB, Embedded C, IoT, C",76.0,89.4,73.4,78.7,Placed,Schneider Electric,Electrical Engineer,4.98
STU20251627,Male,2024,IT,7.72,76.0,81.2,2,Yes,1,1,"JavaScript, Java, Git",82.9,94.9,79.0,88.1,Placed,HCLTech,Software Developer,4.02
STU20251628,Male,2027,CSE,8.22,80.6,71.9,1,No,3,2,"SQL, Git, Node.js, C++, JavaScript",80.5,97.9,77.9,65.8,Placed,Deloitte,QA Engineer,6.78
STU20251629,Male,2025,CSE,9.02,84.7,74.9,0,No,1,0,"DSA, SQL, Python, Node.js, Java",88.4,83.8,76.9,55.1,Placed,Accenture,QA Engineer,7.14
STU20251630,Female,2026,IT,6.45,64.2,77.1,2,No,2,1,"Git, Python, SQL, Node.js, JavaScript, DSA",89.5,80.6,79.6,75.2,Placed,TCS,Full Stack Developer,3.95
STU20251631,Male,2026,IT,7.52,74.4,84.5,3,Yes,2,2,"DSA, Node.js, JavaScript, React, Python, SQL",48.3,69.9,37.6,68.8,Not Placed,Not Placed,Not Placed,0.0
STU20251632,Male,2026,Mechanical,9.27,77.5,79.5,1,Yes,3,4,"SolidWorks, AutoCAD, ANSYS",98.0,98.0,98.0,80.2,Not Placed,Not Placed,Not Placed,0.0
STU20251633,Female,2025,ECE,8.0,74.7,80.5,1,No,4,4,"C, SQL, Git, Embedded C",98.0,89.0,86.7,79.8,Placed,Bosch,Software Developer,7.89
STU20251634,Male,2024,EEE,6.69,77.6,79.2,4,No,0,0,"Java, SQL, MATLAB, Arduino",89.1,85.0,88.7,59.3,Not Placed,Not Placed,Not Placed,0.0
STU20251635,Female,2026,Civil,7.6,73.5,90.6,0,Yes,2,1,"Python, AutoCAD, Primavera, MATLAB, Excel",87.3,74.7,58.6,65.9,Placed,Afcons Infrastructure,Graduate Engineer Trainee,3.95
STU20251636,Male,2026,IT,8.77,65.9,70.6,0,No,2,2,"Java, JavaScript, AWS",98.0,78.3,75.6,67.9,Placed,HCLTech,Data Analyst,7.25
STU20251637,Male,2027,IT,5.74,70.7,65.8,1,Yes,2,0,"AWS, Python, SQL",58.5,59.5,66.6,88.2,Not Placed,Not Placed,Not Placed,0.0
STU20251638,Female,2026,Civil,7.65,69.7,72.1,2,No,2,1,"Excel, Primavera, SQL, AutoCAD, MATLAB, GIS",81.1,89.8,65.4,59.6,Not Placed,Not Placed,Not Placed,0.0
STU20251639,Female,2027,CSE,7.68,80.7,81.5,0,No,3,2,"Python, SQL, DSA, Node.js, C++",79.1,83.1,72.7,91.0,Placed,Deloitte,Web Developer,6.09
STU20251640,Male,2027,EEE,6.25,79.3,70.1,3,Yes,1,0,"C, Embedded C, IoT",63.1,53.9,68.1,53.3,Not Placed,Not Placed,Not Placed,0.0
STU20251641,Male,2026,EEE,7.72,62.1,78.0,0,No,6,0,"Arduino, C++, AutoCAD, Embedded C, C, MATLAB",98.0,95.7,54.9,88.4,Placed,Wipro,Graduate Engineer Trainee,6.68
STU20251642,Female,2024,CSE,7.88,72.3,77.1,1,Yes,2,2,"C++, JavaScript, DSA, Git, Node.js",77.0,69.3,80.8,75.9,Placed,Wipro,QA Engineer,7.45
STU20251643,Male,2025,IT,7.88,80.2,76.3,1,No,5,0,"AWS, JavaScript, MongoDB, Python",64.6,79.4,79.7,75.4,Not Placed,Not Placed,Not Placed,0.0
STU20251644,Male,2026,CSE,7.7,67.4,76.5,2,No,3,2,"Java, Python, SQL",86.3,82.9,61.7,75.9,Not Placed,Not Placed,Not Placed,0.0
STU20251645,Male,2026,CSE,7.13,81.3,81.5,1,No,2,1,"React, Python, SQL, Java, Git, MongoDB",75.3,67.7,51.3,41.2,Placed,Capgemini,Data Analyst,4.38
STU20251646,Male,2024,IT,6.66,82.0,66.2,1,No,2,0,"Node.js, DSA, JavaScript",81.6,57.3,68.0,65.6,Placed,Accenture,Software Developer,3.95
STU20251647,Male,2026,IT,7.31,75.1,73.7,2,No,2,1,"Java, React, Git",71.6,87.7,58.3,67.2,Placed,Accenture,Software Developer,6.25
STU20251648,Male,2025,Mechanical,8.28,73.3,68.8,0,No,3,0,"Python, SolidWorks, CATIA",63.2,90.4,76.6,83.5,Placed,L&T,Graduate Engineer Trainee,4.57
STU20251649,Female,2025,Civil,7.7,61.1,77.4,2,No,1,0,"Excel, GIS, Revit, AutoCAD, C, STAAD Pro",64.3,78.5,60.5,68.0,Not Placed,Not Placed,Not Placed,0.0
STU20251650,Male,2027,Mechanical,7.49,82.4,73.9,2,Yes,3,0,"CATIA, Python, ANSYS, SQL, C++, MATLAB",69.0,83.6,89.4,90.1,Not Placed,Not Placed,Not Placed,0.0
STU20251651,Male,2025,CSE,7.12,89.8,81.7,1,No,2,1,"Git, Node.js, SQL",63.3,61.6,59.5,90.9,Placed,Capgemini,Web Developer,6.72
STU20251652,Female,2026,CSE,7.68,89.8,75.7,0,Yes,2,0,"Java, DSA, Node.js",71.6,84.6,59.1,80.0,Placed,Deloitte,QA Engineer,5.7
STU20251653,Male,2026,CSE,8.63,78.2,75.2,0,No,3,2,"React, MongoDB, SQL, Python, Node.js",94.4,93.8,74.8,71.3,Placed,Capgemini,QA Engineer,7.3
STU20251654,Male,2026,CSE,8.43,71.4,76.0,0,No,3,2,"Python, Node.js, Git, C++, MongoDB",68.1,93.1,52.9,56.7,Not Placed,Not Placed,Not Placed,0.0
STU20251655,Male,2024,Civil,7.09,81.6,86.2,0,Yes,2,3,"GIS, Python, STAAD Pro, Primavera, MATLAB",86.0,86.8,57.1,80.8,Not Placed,Not Placed,Not Placed,0.0
STU20251656,Male,2026,IT,5.68,71.3,59.3,2,No,1,2,"DSA, SQL, AWS, Java, React",50.7,81.8,41.2,65.4,Placed,TCS,Software Developer,4.07
STU20251657,Male,2025,CSE,7.43,79.9,70.7,1,Yes,3,1,"Node.js, JavaScript, Git, SQL, React",75.1,80.5,72.5,89.9,Placed,Cognizant,Data Analyst,7.28
STU20251658,Female,2026,Mechanical,7.14,78.0,74.5,1,Yes,3,0,"SolidWorks, C++, Python",77.8,78.8,80.6,55.7,Placed,Bosch,Graduate Engineer Trainee,5.16
STU20251659,Female,2024,IT,7.13,76.5,69.8,0,Yes,2,1,"Git, Node.js, DSA, MongoDB",72.1,65.3,62.9,65.2,Placed,Cognizant,Full Stack Developer,5.81
STU20251660,Male,2027,CSE,7.65,84.3,79.1,1,No,3,1,"Node.js, Git, DSA, React, MongoDB, C++",88.2,89.6,86.9,80.4,Placed,Cognizant,Backend Developer,6.37
STU20251661,Male,2027,CSE,8.69,87.2,78.1,1,Yes,4,1,"Git, DSA, C++, SQL, MongoDB, JavaScript",87.1,82.8,63.7,93.9,Placed,Tech Mahindra,Software Developer,7.94
STU20251662,Female,2025,ECE,7.72,73.6,77.6,3,No,3,0,"MATLAB, C++, Java",79.2,75.1,64.8,78.0,Placed,L&T Technology Services,QA Engineer,5.55
STU20251663,Male,2025,Mechanical,8.39,72.5,78.5,1,No,3,1,"SolidWorks, CATIA, ANSYS, MATLAB, C",55.9,82.4,85.2,84.6,Not Placed,Not Placed,Not Placed,0.0
STU20251664,Female,2025,CSE,6.72,57.3,72.4,2,Yes,1,3,"MongoDB, C++, DSA, Git",75.9,68.4,76.2,75.5,Placed,Wipro,Software Developer,7.01
STU20251665,Male,2026,Civil,7.24,73.7,65.5,3,No,3,0,"GIS, SQL, AutoCAD, STAAD Pro",98.0,77.6,74.9,89.8,Not Placed,Not Placed,Not Placed,0.0
STU20251666,Female,2026,Mechanical,5.9,65.1,72.2,2,No,1,0,"C, Excel, C++, SolidWorks, ANSYS",61.1,77.2,78.0,72.4,Not Placed,Not Placed,Not Placed,0.0
STU20251667,Female,2026,Mechanical,7.19,78.9,62.1,4,No,2,0,"MATLAB, SQL, CATIA, ANSYS, SolidWorks",83.9,65.8,68.1,75.7,Not Placed,Not Placed,Not Placed,0.0
STU20251668,Male,2027,CSE,7.11,73.4,69.5,1,Yes,2,4,"Git, Java, DSA, React, SQL",65.7,84.4,72.4,76.1,Placed,Deloitte,Web Developer,5.4
STU20251669,Male,2025,CSE,9.09,79.1,83.0,0,Yes,3,1,"Java, JavaScript, Node.js, MongoDB",98.0,96.6,67.5,70.5,Placed,TCS,Web Developer,7.06
STU20251670,Female,2026,Mechanical,7.9,83.4,84.7,1,No,2,2,"SQL, AutoCAD, C",85.7,59.7,96.6,74.8,Placed,Jindal Steel,Design Engineer,4.63
STU20251671,Male,2025,IT,8.76,82.7,95.1,0,Yes,2,4,"Node.js, Git, JavaScript, Java, SQL",79.4,98.0,69.2,76.7,Placed,Capgemini,Full Stack Developer,7.15
STU20251672,Male,2026,ECE,7.39,75.7,72.0,0,No,1,1,"Python, IoT, Git, SQL, Arduino, Embedded C",69.3,73.8,66.8,75.1,Placed,Wipro,Software Developer,4.49
STU20251673,Male,2025,EEE,6.78,86.8,67.3,2,Yes,1,0,"AutoCAD, Python, MATLAB, C++",79.1,64.1,69.8,46.8,Not Placed,Not Placed,Not Placed,0.0
STU20251674,Male,2027,CSE,7.11,80.9,77.9,4,No,2,0,"Node.js, Python, SQL, DSA, MongoDB",76.0,77.4,77.1,59.3,Placed,TCS,QA Engineer,6.01
STU20251675,Female,2024,Mechanical,7.78,74.5,89.1,0,No,1,0,"C, C++, CATIA, SolidWorks",61.6,71.7,79.7,63.4,Not Placed,Not Placed,Not Placed,0.0
STU20251676,Male,2024,Civil,9.04,78.0,90.1,0,Yes,3,3,"AutoCAD, SQL, MATLAB, C",69.4,93.0,40.9,55.8,Placed,Afcons Infrastructure,Civil Engineer,5.88
STU20251677,Male,2025,EEE,8.0,83.5,69.4,0,No,2,1,"C, Embedded C, IoT, C++, AutoCAD, SQL",87.1,75.5,95.0,58.5,Placed,L&T Technology Services,Electrical Engineer,5.18
STU20251678,Female,2027,IT,7.58,78.4,74.5,0,Yes,4,0,"Java, JavaScript, Node.js, React",73.7,93.2,91.2,82.1,Placed,Capgemini,Data Analyst,5.89
STU20251679,Male,2026,Mechanical,7.39,68.6,80.9,1,No,1,3,"MATLAB, Python, AutoCAD, SQL, C",74.9,98.0,85.8,73.4,Not Placed,Not Placed,Not Placed,0.0
STU20251680,Male,2025,ECE,7.72,83.6,82.3,1,No,1,1,"MATLAB, IoT, Python",83.2,87.3,72.8,81.4,Placed,TCS,Embedded Engineer,5.37
STU20251681,Male,2025,EEE,9.37,90.2,84.4,0,No,2,1,"AutoCAD, IoT, C",72.4,91.8,93.7,80.6,Placed,L&T Technology Services,Graduate Engineer Trainee,6.11
STU20251682,Female,2025,Mechanical,8.6,87.8,75.1,1,Yes,2,0,"SQL, C++, SolidWorks, AutoCAD",70.8,78.5,77.8,85.5,Not Placed,Not Placed,Not Placed,0.0
STU20251683,Male,2027,EEE,7.87,88.5,80.3,3,No,2,1,"Python, Arduino, SQL, MATLAB, AutoCAD",98.0,93.0,74.7,70.1,Placed,Siemens,Embedded Engineer,5.7
STU20251684,Female,2027,IT,7.99,92.5,83.1,1,Yes,5,1,"MongoDB, React, SQL, DSA, JavaScript",82.5,79.8,81.0,89.8,Placed,Wipro,Data Analyst,6.72
STU20251685,Male,2027,CSE,8.25,90.7,70.8,1,Yes,4,2,"SQL, C++, DSA, Python",98.0,92.4,80.1,66.8,Placed,TCS,Web Developer,7.46
STU20251686,Male,2027,CSE,8.42,81.4,87.0,1,Yes,3,2,"JavaScript, DSA, SQL, Git",98.0,83.4,87.0,89.2,Placed,Capgemini,Web Developer,8.44
STU20251687,Female,2024,ECE,7.4,75.0,81.9,2,No,4,0,"C, IoT, Arduino, Embedded C",84.9,68.4,41.6,80.2,Placed,Bosch,Embedded Engineer,5.6
STU20251688,Female,2025,ECE,7.03,62.8,68.8,1,Yes,2,0,"C, SQL, Python",64.8,74.0,67.0,81.4,Placed,Tech Mahindra,QA Engineer,5.61
STU20251689,Male,2026,ECE,8.63,79.7,84.8,1,Yes,3,0,"SQL, Java, MATLAB, C, Git",87.2,75.8,58.6,73.4,Placed,L&T Technology Services,Embedded Engineer,6.08
STU20251690,Male,2026,IT,7.92,81.4,82.1,1,Yes,2,0,"Node.js, AWS, Git, Python",77.3,95.4,83.8,65.4,Placed,TCS,Full Stack Developer,5.8
STU20251691,Male,2024,Mechanical,8.36,79.2,83.5,1,Yes,4,1,"C, AutoCAD, C++, SolidWorks, CATIA, MATLAB",87.6,80.3,61.6,73.6,Placed,Maruti Suzuki,Mechanical Engineer,7.3
STU20251692,Male,2026,Civil,8.9,67.0,90.1,1,No,3,1,"MATLAB, Excel, SQL, Python, GIS",95.6,87.7,71.9,51.3,Placed,Tata Projects,Graduate Engineer Trainee,8.11
STU20251693,Female,2024,CSE,8.44,77.1,77.7,0,No,4,0,"Java, JavaScript, Node.js",97.2,79.7,85.9,82.0,Placed,Deloitte,Software Developer,7.13
STU20251694,Female,2025,EEE,7.95,82.4,78.8,0,No,3,2,"C++, Java, MATLAB, IoT",58.2,73.9,88.8,63.8,Placed,HCLTech,Software Developer,5.68
STU20251695,Male,2025,EEE,9.8,75.3,63.0,0,Yes,5,4,"C++, Python, Embedded C, C, SQL, Arduino",98.0,98.0,90.7,68.5,Placed,Wipro,Electrical Engineer,8.39
STU20251696,Male,2027,ECE,7.93,79.0,84.2,0,No,1,2,"Python, IoT, Git, C, SQL",80.4,82.2,81.5,47.6,Placed,L&T Technology Services,Embedded Engineer,4.97
STU20251697,Male,2026,CSE,7.07,78.7,81.2,4,Yes,1,0,"Git, Python, DSA",66.0,98.0,52.8,60.9,Placed,Capgemini,Backend Developer,5.02
STU20251698,Male,2026,Mechanical,7.31,84.1,84.2,3,No,0,3,"AutoCAD, Excel, MATLAB, SQL, Python, CATIA",80.4,91.0,56.0,98.0,Not Placed,Not Placed,Not Placed,0.0
STU20251699,Female,2027,Civil,8.82,92.0,72.3,2,Yes,3,5,"SQL, Revit, GIS, Python, AutoCAD, Excel",74.0,97.3,57.9,65.7,Placed,JLL,Civil Engineer,5.85
STU20251700,Male,2027,EEE,6.55,71.7,79.4,3,No,0,0,"C, SQL, Embedded C, Arduino, C++, AutoCAD",55.7,74.4,52.5,81.7,Not Placed,Not Placed,Not Placed,0.0
STU20251701,Male,2025,Civil,6.86,76.4,80.7,1,No,3,1,"SQL, MATLAB, STAAD Pro, Python",89.5,77.9,69.5,53.9,Placed,Adani,Design Engineer,4.32
STU20251702,Male,2027,Civil,8.44,80.6,73.2,1,Yes,3,0,"Revit, MATLAB, SQL, AutoCAD, Excel, GIS",85.5,74.4,86.8,57.1,Not Placed,Not Placed,Not Placed,0.0
STU20251703,Female,2024,IT,7.67,81.7,83.1,3,Yes,3,2,"Python, Java, Node.js, MongoDB",98.0,70.5,83.7,72.9,Placed,TCS,QA Engineer,6.47
STU20251704,Male,2026,ECE,7.66,80.9,78.9,1,No,2,1,"Git, SQL, Java, Python, C++",70.1,70.7,46.6,69.9,Not Placed,Not Placed,Not Placed,0.0
STU20251705,Male,2024,IT,8.81,90.0,66.9,0,Yes,4,2,"JavaScript, Node.js, Python, SQL",92.5,98.0,74.8,65.9,Placed,Cognizant,Full Stack Developer,9.69
STU20251706,Male,2025,Civil,6.89,58.9,77.7,5,No,0,1,"AutoCAD, GIS, C",74.1,77.0,64.0,69.0,Not Placed,Not Placed,Not Placed,0.0
STU20251707,Male,2026,CSE,6.75,77.8,67.9,1,Yes,2,0,"React, Java, DSA, MongoDB, Python, Node.js",78.6,80.1,36.9,63.8,Placed,TCS,QA Engineer,7.36
STU20251708,Male,2024,IT,6.72,78.2,61.4,2,Yes,2,1,"AWS, Python, Java, DSA, React, MongoDB",81.0,84.5,77.7,87.7,Not Placed,Not Placed,Not Placed,0.0
STU20251709,Male,2025,Mechanical,8.04,76.5,79.3,0,No,3,3,"SQL, Python, C++, SolidWorks, AutoCAD",88.2,86.7,82.6,93.2,Placed,L&T,Graduate Engineer Trainee,4.91
STU20251710,Male,2026,IT,8.12,62.5,76.5,0,No,2,1,"SQL, DSA, React, Git, JavaScript",80.8,77.5,64.6,81.6,Placed,Wipro,Data Analyst,6.77
STU20251711,Male,2026,Mechanical,6.96,75.0,83.6,2,Yes,1,0,"C, Excel, SolidWorks, CATIA",49.0,94.5,63.8,56.7,Not Placed,Not Placed,Not Placed,0.0
STU20251712,Female,2024,IT,6.92,70.3,75.0,1,Yes,3,1,"JavaScript, MongoDB, Node.js, AWS",87.5,84.4,69.6,78.4,Placed,TCS,QA Engineer,3.92
STU20251713,Male,2024,Civil,7.27,87.9,80.1,2,No,1,0,"Primavera, SQL, Python, Revit",45.4,59.2,74.5,62.1,Not Placed,Not Placed,Not Placed,0.0
STU20251714,Male,2025,Mechanical,8.5,81.9,81.5,1,No,2,4,"SQL, Excel, C++, CATIA, SolidWorks",67.7,73.9,65.6,62.1,Placed,Tata Motors,Mechanical Engineer,5.33
STU20251715,Male,2027,IT,7.19,70.4,81.6,0,No,4,5,"JavaScript, Java, React, MongoDB, Node.js",72.5,97.5,57.6,77.6,Placed,Cognizant,QA Engineer,6.76
STU20251716,Female,2027,EEE,7.09,61.4,67.9,1,No,2,1,"Arduino, SQL, Java, Embedded C, C++",86.3,69.6,54.2,70.4,Not Placed,Not Placed,Not Placed,0.0
STU20251717,Female,2025,IT,6.89,79.4,75.0,2,Yes,2,2,"AWS, JavaScript, React, Git, Java",71.8,78.1,86.9,74.4,Placed,TCS,Data Analyst,6.06
STU20251718,Female,2026,ECE,7.44,81.5,74.1,2,Yes,2,2,"Embedded C, C++, Java, Python, MATLAB",98.0,60.3,85.6,73.6,Placed,Infosys,Software Developer,5.2
STU20251719,Male,2026,ECE,8.04,76.6,81.3,1,Yes,3,2,"MATLAB, IoT, Java, C",66.1,82.1,58.0,62.3,Placed,Infosys,QA Engineer,6.79
STU20251720,Male,2027,Mechanical,9.35,85.6,82.0,0,Yes,3,3,"ANSYS, SolidWorks, SQL",76.1,98.0,65.8,60.8,Placed,Mahindra,Graduate Engineer Trainee,7.03
STU20251721,Male,2024,CSE,8.19,76.0,72.8,0,No,3,2,"Java, SQL, Node.js, React, JavaScript, C++",56.4,82.1,59.0,65.7,Placed,Wipro,Software Developer,7.62
STU20251722,Male,2026,CSE,7.95,85.3,74.1,0,Yes,4,3,"Node.js, DSA, Python",71.0,78.0,52.5,70.7,Placed,Accenture,Data Analyst,7.27
STU20251723,Male,2026,EEE,8.38,85.9,89.2,1,No,2,3,"Embedded C, IoT, Arduino, Python, SQL, AutoCAD",74.3,86.5,98.0,74.0,Not Placed,Not Placed,Not Placed,0.0
STU20251724,Male,2025,ECE,8.34,67.4,65.7,0,Yes,4,4,"Embedded C, SQL, IoT",98.0,94.0,63.8,83.7,Placed,L&T Technology Services,Software Developer,7.55
STU20251725,Male,2024,ECE,7.26,66.4,79.6,1,No,2,2,"C, MATLAB, IoT, Git, Arduino, Python",88.8,77.8,78.9,66.9,Not Placed,Not Placed,Not Placed,0.0
STU20251726,Male,2024,CSE,9.8,96.7,90.2,1,No,3,2,"Java, React, MongoDB, Git, SQL, DSA",94.4,79.7,74.8,71.1,Placed,Accenture,Web Developer,8.49
STU20251727,Male,2025,IT,7.88,84.2,80.3,3,No,1,1,"MongoDB, AWS, Git",73.2,84.8,68.7,80.0,Placed,Deloitte,Software Developer,6.62
STU20251728,Male,2026,Mechanical,7.75,68.5,89.7,2,No,2,2,"MATLAB, SQL, AutoCAD, SolidWorks, ANSYS, Excel",87.9,78.0,67.2,66.0,Placed,Maruti Suzuki,Mechanical Engineer,4.46
STU20251729,Female,2026,CSE,8.47,68.2,84.4,2,No,3,0,"SQL, JavaScript, MongoDB, Git",98.0,86.6,78.7,74.2,Placed,Wipro,Web Developer,7.36
STU20251730,Male,2024,IT,8.19,79.9,79.8,1,No,3,1,"DSA, AWS, Node.js, MongoDB",75.7,75.7,70.4,71.6,Placed,Cognizant,Full Stack Developer,8.04
STU20251731,Female,2027,Civil,8.8,72.0,75.5,1,No,3,1,"Python, C, SQL",79.9,98.0,84.9,65.2,Placed,Tata Projects,Graduate Engineer Trainee,4.39
STU20251732,Male,2025,CSE,7.5,74.5,78.1,1,No,4,1,"Git, Python, C++, Node.js, DSA, SQL",77.3,90.6,85.0,53.8,Placed,Zoho,Backend Developer,6.5
STU20251733,Female,2027,EEE,8.32,78.5,82.2,1,Yes,2,1,"Arduino, C, AutoCAD, MATLAB, IoT",60.8,81.0,65.2,61.7,Placed,TCS,Software Developer,6.03
STU20251734,Female,2024,CSE,8.14,77.7,77.0,0,No,3,1,"C++, SQL, DSA, Java, Node.js",97.7,88.2,75.2,81.5,Placed,Cognizant,Software Developer,6.74
STU20251735,Male,2027,Mechanical,8.39,86.9,72.5,0,No,2,0,"SolidWorks, CATIA, Python, Excel, AutoCAD, MATLAB",74.9,98.0,52.3,49.6,Not Placed,Not Placed,Not Placed,0.0
STU20251736,Female,2027,EEE,7.47,89.5,66.7,0,Yes,3,2,"Python, AutoCAD, IoT",76.4,95.6,63.1,94.3,Not Placed,Not Placed,Not Placed,0.0
STU20251737,Male,2027,Mechanical,7.25,72.8,75.9,1,Yes,2,0,"AutoCAD, ANSYS, C++, C",93.7,92.3,69.2,64.9,Not Placed,Not Placed,Not Placed,0.0
STU20251738,Male,2027,CSE,8.62,71.6,67.9,0,Yes,4,4,"JavaScript, React, C++, DSA",81.6,98.0,71.9,51.8,Placed,Wipro,Software Developer,8.58
STU20251739,Female,2025,ECE,8.05,80.8,73.4,0,No,2,0,"C, Git, Python, Arduino",95.4,75.8,70.8,62.5,Placed,Bosch,QA Engineer,3.54
STU20251740,Male,2026,EEE,6.95,86.8,56.7,0,No,2,0,"SQL, Python, Java, Arduino, Embedded C, C++",53.8,81.6,74.5,42.0,Placed,TCS,Graduate Engineer Trainee,2.93
STU20251741,Male,2026,CSE,9.14,78.0,85.5,1,No,4,3,"Node.js, Java, DSA, SQL",97.4,98.0,86.0,48.5,Placed,Accenture,QA Engineer,9.68
STU20251742,Male,2025,CSE,8.62,85.5,86.4,0,No,1,0,"Java, C++, MongoDB, DSA, Node.js",75.3,88.7,46.8,70.2,Not Placed,Not Placed,Not Placed,0.0
STU20251743,Male,2027,CSE,7.94,72.0,77.0,1,Yes,2,2,"SQL, React, Java, Python, DSA",60.7,76.4,74.1,54.2,Placed,Zoho,Software Developer,5.12
STU20251744,Male,2025,Civil,7.1,75.9,87.0,1,No,2,1,"Revit, SQL, STAAD Pro, C",61.9,79.2,64.3,50.8,Not Placed,Not Placed,Not Placed,0.0
STU20251745,Male,2025,EEE,7.96,69.8,85.9,1,Yes,3,3,"Java, Embedded C, C",84.0,95.9,65.6,73.6,Placed,HCLTech,Graduate Engineer Trainee,7.94
STU20251746,Male,2027,ECE,8.31,78.9,80.8,0,No,2,1,"C++, Embedded C, Arduino, Python, SQL",70.0,86.3,91.4,69.9,Not Placed,Not Placed,Not Placed,0.0
STU20251747,Male,2025,EEE,6.3,72.9,71.2,2,No,1,2,"Arduino, C, Python, C++, AutoCAD, Embedded C",73.6,82.6,42.4,75.0,Not Placed,Not Placed,Not Placed,0.0
STU20251748,Male,2024,ECE,8.07,82.4,74.3,0,No,2,0,"Java, C, Embedded C",71.4,75.2,71.6,71.8,Placed,Wipro,Software Developer,3.75
STU20251749,Male,2025,IT,8.45,91.6,81.8,1,Yes,3,3,"JavaScript, React, Python, Java, SQL, Node.js",65.3,88.6,92.5,72.3,Placed,Infosys,Full Stack Developer,9.13
STU20251750,Female,2026,IT,5.9,70.0,69.9,2,No,0,1,"SQL, AWS, Git, JavaScript, Java, DSA",76.1,72.9,64.5,75.8,Placed,Infosys,Data Analyst,5.23
STU20251751,Male,2027,ECE,7.92,63.8,80.2,1,No,3,3,"Git, Arduino, Java, C, MATLAB, SQL",85.6,92.0,59.3,79.9,Not Placed,Not Placed,Not Placed,0.0
STU20251752,Male,2024,CSE,8.59,78.1,82.6,0,Yes,3,1,"React, JavaScript, Git, DSA, Node.js, SQL",63.8,81.1,71.5,73.7,Placed,Accenture,Backend Developer,9.72
STU20251753,Female,2026,Mechanical,8.04,80.2,75.1,0,No,2,1,"ANSYS, AutoCAD, MATLAB",88.0,58.7,95.2,75.1,Not Placed,Not Placed,Not Placed,0.0
STU20251754,Female,2026,Mechanical,8.23,80.0,84.9,2,No,3,1,"CATIA, AutoCAD, MATLAB, C",85.1,56.8,88.2,37.6,Placed,Tata Motors,Mechanical Engineer,5.32
STU20251755,Male,2026,IT,7.62,75.9,74.0,0,No,3,2,"DSA, Python, MongoDB, Git, Java, React",75.4,84.1,63.7,63.7,Placed,Capgemini,Support Engineer,5.6
STU20251756,Male,2026,ECE,6.87,85.6,73.7,3,Yes,1,1,"C, MATLAB, Embedded C, SQL, IoT",67.1,77.7,87.4,90.2,Not Placed,Not Placed,Not Placed,0.0
STU20251757,Female,2027,CSE,6.47,75.1,65.6,1,Yes,1,2,"MongoDB, JavaScript, SQL, C++, Git, React",85.9,73.8,74.2,66.2,Placed,Capgemini,Software Developer,5.13
STU20251758,Female,2025,Civil,8.43,78.3,75.9,0,No,3,1,,88.5,87.0,40.7,75.0,Placed,L&T,Site Engineer,3.89
STU20251759,Male,2025,Civil,8.1,72.8,92.0,0,No,1,3,"STAAD Pro, Excel, Python, C, Revit",94.7,98.0,71.0,71.8,Not Placed,Not Placed,Not Placed,0.0
STU20251760,Male,2026,Civil,8.49,67.0,71.6,1,No,4,0,"STAAD Pro, MATLAB, Revit, GIS",93.2,81.5,97.7,61.4,Not Placed,Not Placed,Not Placed,0.0
STU20251761,Male,2025,IT,7.28,78.5,77.7,0,Yes,2,3,"React, Git, JavaScript, MongoDB",79.2,87.1,67.1,78.4,Placed,Accenture,QA Engineer,7.35
STU20251762,Male,2025,CSE,8.68,81.4,75.3,0,No,2,0,"DSA, MongoDB, Node.js, SQL, Python",74.3,98.0,94.5,63.5,Placed,Accenture,Data Analyst,5.94
STU20251763,Female,2024,CSE,6.72,67.4,57.6,3,No,2,1,"MongoDB, Python, Node.js, React",75.5,66.2,48.2,63.1,Not Placed,Not Placed,Not Placed,0.0
STU20251764,Male,2024,CSE,7.26,75.8,78.5,1,No,3,2,"Python, DSA, React, MongoDB",91.1,98.0,52.0,62.9,Not Placed,Not Placed,Not Placed,0.0
STU20251765,Male,2027,CSE,8.11,77.3,73.0,2,Yes,1,2,"React, Git, Java, Node.js, Python, SQL",79.0,93.8,87.2,62.5,Placed,Infosys,Web Developer,6.41
STU20251766,Male,2024,CSE,8.56,75.0,80.3,1,Yes,4,3,"Node.js, MongoDB, DSA, Git, SQL",98.0,89.7,85.3,60.9,Placed,Capgemini,Web Developer,7.02
STU20251767,Female,2026,Civil,8.93,74.8,86.0,0,No,4,0,"SQL, Python, C, STAAD Pro, Revit, Excel",98.0,63.3,75.4,63.1,Not Placed,Not Placed,Not Placed,0.0
STU20251768,Male,2026,CSE,7.8,80.3,77.7,0,Yes,2,0,"React, SQL, Java, Git, Python, C++",64.6,93.9,82.5,73.8,Placed,Wipro,QA Engineer,4.59
STU20251769,Female,2024,CSE,7.26,74.6,76.9,4,Yes,2,1,"DSA, Node.js, Python, C++",70.5,97.0,61.3,68.4,Placed,TCS,QA Engineer,7.11
STU20251770,Male,2025,Mechanical,6.77,70.8,67.2,1,No,2,1,"C, C++, Excel, Python",81.9,69.9,52.4,63.6,Not Placed,Not Placed,Not Placed,0.0
STU20251771,Male,2025,ECE,7.17,69.9,79.3,1,No,2,2,"Java, SQL, IoT",57.5,98.0,73.7,98.0,Placed,Tech Mahindra,QA Engineer,4.48
STU20251772,Male,2026,EEE,9.54,80.9,79.4,0,Yes,3,2,"IoT, Arduino, Java, Python, C++",88.8,77.3,74.4,81.7,Not Placed,Not Placed,Not Placed,0.0
STU20251773,Male,2025,ECE,8.39,85.4,63.7,1,No,2,3,"Arduino, MATLAB, IoT",70.8,91.9,79.0,49.2,Not Placed,Not Placed,Not Placed,0.0
STU20251774,Female,2026,Mechanical,8.5,80.7,83.7,0,No,2,1,"C, SolidWorks, C++, MATLAB",83.0,83.7,76.7,72.0,Placed,Jindal Steel,Mechanical Engineer,4.88
STU20251775,Male,2025,ECE,7.55,75.2,83.3,2,No,3,1,"C++, Python, Arduino, Embedded C, Git, SQL",69.2,68.9,65.8,72.5,Not Placed,Not Placed,Not Placed,0.0
STU20251776,Male,2024,ECE,7.75,79.5,86.3,1,Yes,5,0,"Embedded C, Git, IoT, Python, Java",98.0,81.8,95.5,98.0,Placed,L&T Technology Services,Network Engineer,7.07
STU20251777,Male,2024,EEE,8.24,88.2,92.4,0,No,2,0,"C++, SQL, AutoCAD, Python, C",75.1,81.9,59.5,73.1,Placed,L&T Technology Services,Electrical Engineer,6.15
STU20251778,Male,2025,IT,7.47,80.1,80.6,1,No,2,3,"MongoDB, React, Java",85.3,72.5,71.9,94.3,Placed,TCS,Data Analyst,6.4
STU20251779,Male,2025,IT,7.65,78.9,79.3,2,Yes,2,0,"JavaScript, DSA, Java, SQL, React, Python",60.3,86.0,69.4,68.2,Placed,Cognizant,QA Engineer,5.71
STU20251780,Female,2027,IT,7.33,80.8,82.4,3,Yes,2,0,"Python, React, MongoDB, SQL, Git, JavaScript",73.0,70.8,73.3,63.7,Not Placed,Not Placed,Not Placed,0.0
STU20251781,Male,2024,CSE,7.62,75.9,69.4,0,No,1,1,"JavaScript, MongoDB, Java, SQL, Python",60.2,76.0,71.1,55.1,Placed,Infosys,Data Analyst,5.67
STU20251782,Male,2026,Mechanical,7.59,78.3,63.8,3,Yes,1,1,"CATIA, AutoCAD, ANSYS, C",89.8,93.9,84.4,83.6,Placed,Mahindra,Design Engineer,3.8
STU20251783,Male,2026,CSE,7.3,72.8,71.4,0,Yes,3,2,"JavaScript, Git, Node.js, C++, SQL",69.7,76.5,73.3,62.0,Placed,Deloitte,QA Engineer,5.63
STU20251784,Male,2026,CSE,8.24,67.7,86.2,1,No,3,3,"Node.js, MongoDB, C++, JavaScript, Git",82.7,67.1,64.5,61.2,Not Placed,Not Placed,Not Placed,0.0
STU20251785,Male,2026,CSE,8.24,81.0,72.6,0,No,2,2,"Python, SQL, Git, Node.js, Java",85.4,83.7,59.6,75.2,Placed,Accenture,Data Analyst,5.92
STU20251786,Male,2024,Mechanical,7.4,78.9,78.2,0,Yes,2,3,"C++, SQL, C, ANSYS",68.0,85.1,59.6,69.1,Placed,Tata Motors,Mechanical Engineer,4.58
STU20251787,Male,2026,IT,7.2,74.0,78.5,3,No,2,0,"DSA, AWS, Python",61.6,74.6,58.2,70.8,Placed,Zoho,Full Stack Developer,4.32
STU20251788,Female,2025,EEE,7.74,84.6,77.6,1,No,1,2,"Python, C++, SQL",78.4,90.8,79.8,53.9,Not Placed,Not Placed,Not Placed,0.0
STU20251789,Female,2027,Mechanical,7.12,70.7,65.3,2,No,2,0,"AutoCAD, Python, SolidWorks, C, Excel, MATLAB",52.4,80.6,67.4,40.4,Not Placed,Not Placed,Not Placed,0.0
STU20251790,Female,2024,CSE,8.04,65.7,79.1,1,No,3,3,"C++, Java, JavaScript, SQL, Node.js",98.0,82.7,77.3,84.4,Placed,Deloitte,Backend Developer,7.68
STU20251791,Male,2026,EEE,8.58,74.6,75.2,0,Yes,3,2,"Java, AutoCAD, Python, Arduino, C++",83.8,96.4,56.4,86.9,Placed,Siemens,Embedded Engineer,6.33
STU20251792,Male,2026,IT,6.84,64.3,85.4,4,No,1,2,"MongoDB, JavaScript, SQL, AWS, Python, Node.js",54.0,82.3,63.3,66.0,Not Placed,Not Placed,Not Placed,0.0
STU20251793,Female,2026,CSE,9.8,84.9,89.4,0,Yes,3,5,"MongoDB, Git, C++, Python, DSA",88.3,98.0,85.5,74.3,Placed,Deloitte,Data Analyst,8.25
STU20251794,Male,2024,EEE,7.59,71.7,72.8,0,No,3,1,"Python, Arduino, MATLAB, Embedded C, C, SQL",87.4,80.9,83.9,57.7,Not Placed,Not Placed,Not Placed,0.0
STU20251795,Male,2026,Civil,7.85,84.5,88.6,1,Yes,3,4,"SQL, AutoCAD, GIS, MATLAB",71.9,92.6,52.1,69.9,Not Placed,Not Placed,Not Placed,0.0
STU20251796,Male,2026,IT,7.26,82.9,77.0,3,No,0,2,"JavaScript, DSA, Java",48.0,79.4,89.4,98.0,Placed,Deloitte,Software Developer,6.65
STU20251797,Female,2026,ECE,8.72,73.3,66.8,1,Yes,4,1,"Git, Python, Arduino, IoT, C++",87.1,86.6,93.6,94.5,Placed,HCLTech,Embedded Engineer,5.96
STU20251798,Male,2025,IT,7.79,71.8,75.5,2,No,3,1,"JavaScript, SQL, React, AWS, DSA, Python",90.6,88.2,84.4,72.4,Not Placed,Not Placed,Not Placed,0.0
STU20251799,Male,2024,ECE,7.41,80.3,86.5,0,Yes,3,5,"Arduino, Embedded C, Git",82.3,95.1,86.1,50.2,Placed,L&T Technology Services,QA Engineer,6.42
STU20251800,Male,2025,ECE,7.26,83.0,68.9,0,No,3,1,"C++, C, Java",83.6,86.4,64.1,75.3,Placed,Wipro,Embedded Engineer,6.17
STU20251801,Male,2027,ECE,7.52,62.7,74.8,2,Yes,3,1,"Embedded C, Python, IoT, C",91.6,88.3,59.7,69.8,Placed,HCLTech,QA Engineer,5.99
STU20251802,Male,2025,ECE,8.11,80.2,67.4,1,No,3,2,"Java, IoT, C++, Python, MATLAB, Embedded C",98.0,64.6,73.5,64.0,Placed,Infosys,Network Engineer,5.93
STU20251803,Male,2026,CSE,8.15,63.0,68.6,0,No,3,0,"Java, SQL, C++, Node.js",50.9,92.3,76.5,68.9,Placed,Wipro,Software Developer,6.63
STU20251804,Male,2026,EEE,7.62,73.2,69.7,2,No,3,2,,64.7,75.0,62.4,92.1,Placed,L&T Technology Services,Embedded Engineer,5.67
STU20251805,Female,2026,EEE,7.05,83.3,65.4,1,No,2,1,"C++, MATLAB, Java",77.3,89.5,75.9,70.8,Not Placed,Not Placed,Not Placed,0.0
STU20251806,Female,2026,EEE,7.0,96.6,69.6,5,No,1,0,"Java, C++, C, Arduino, IoT",75.8,60.9,86.3,81.0,Not Placed,Not Placed,Not Placed,0.0
STU20251807,Male,2026,CSE,7.61,75.4,87.7,1,No,3,0,"Python, Java, JavaScript, React, C++",62.0,96.4,82.1,74.1,Placed,Tech Mahindra,Web Developer,7.72
STU20251808,Female,2026,IT,8.29,70.0,77.1,0,Yes,4,1,"MongoDB, Python, Java, AWS",77.1,65.6,73.8,77.8,Placed,HCLTech,Support Engineer,5.98
STU20251809,Male,2024,IT,8.46,75.6,83.3,2,No,4,1,"MongoDB, Python, DSA, Java",98.0,91.5,42.1,77.0,Placed,TCS,Full Stack Developer,8.69
STU20251810,Female,2027,CSE,8.68,80.2,86.1,0,No,3,1,"Node.js, Java, C++, JavaScript, MongoDB",81.7,84.2,54.8,64.0,Placed,TCS,Backend Developer,8.85
STU20251811,Male,2027,CSE,8.0,73.3,68.8,1,Yes,1,3,"C++, SQL, Python, Java, JavaScript, Node.js",80.0,90.1,70.8,56.8,Placed,Accenture,Web Developer,7.64
STU20251812,Male,2025,IT,8.23,72.1,71.4,0,No,3,0,,98.0,98.0,81.3,88.2,Placed,Capgemini,Support Engineer,7.77
STU20251813,Male,2027,EEE,7.51,73.8,80.6,2,Yes,3,1,"C++, Embedded C, AutoCAD, SQL, IoT, Java",81.2,84.4,51.6,54.8,Placed,Siemens,Electrical Engineer,6.61
STU20251814,Male,2027,CSE,6.52,77.1,68.2,2,No,3,1,"MongoDB, Node.js, Java, Git, React",84.5,86.5,67.3,72.5,Placed,Zoho,QA Engineer,4.42
STU20251815,Male,2026,Mechanical,7.37,75.2,79.8,1,No,3,1,"SolidWorks, SQL, Excel, AutoCAD, C, MATLAB",86.2,96.7,78.7,90.8,Not Placed,Not Placed,Not Placed,0.0
STU20251816,Male,2026,ECE,7.43,70.4,86.8,2,Yes,3,1,"Python, Git, C, MATLAB, Java, IoT",75.6,75.5,68.9,77.2,Placed,Bosch,Network Engineer,6.78
STU20251817,Male,2026,EEE,6.77,70.2,63.1,2,No,0,0,"SQL, IoT, C++, Arduino, C",64.1,75.5,59.0,76.3,Not Placed,Not Placed,Not Placed,0.0
STU20251818,Male,2025,IT,7.42,73.7,72.5,1,Yes,2,0,"React, DSA, Git, Python, Node.js",91.3,91.8,50.4,80.3,Placed,Cognizant,Support Engineer,6.41
STU20251819,Male,2024,ECE,7.86,70.7,74.8,1,No,2,1,"MATLAB, Java, Embedded C, IoT, C++",79.2,85.8,81.5,83.0,Placed,Wipro,Software Developer,4.13
STU20251820,Female,2025,ECE,6.79,70.0,69.6,1,No,1,0,"SQL, C++, IoT, Python, Git",59.3,67.6,58.7,85.4,Not Placed,Not Placed,Not Placed,0.0
STU20251821,Male,2027,Civil,6.9,79.8,69.4,1,No,2,1,"Primavera, AutoCAD, MATLAB, Excel",87.5,82.7,89.0,51.9,Placed,Adani,Site Engineer,4.66
STU20251822,Female,2025,ECE,9.07,79.1,76.0,0,Yes,5,0,"Embedded C, Git, SQL, Java",58.6,92.0,78.6,88.8,Placed,Infosys,Software Developer,8.88
STU20251823,Male,2027,ECE,6.39,61.7,72.1,1,No,2,1,"Java, Python, Git, IoT, C",90.9,80.0,70.4,68.3,Placed,Tech Mahindra,QA Engineer,5.4
STU20251824,Male,2026,ECE,7.59,84.1,76.6,0,No,1,2,"C, C++, Java, IoT, SQL",73.2,76.2,81.2,59.9,Not Placed,Not Placed,Not Placed,0.0
STU20251825,Male,2026,EEE,6.66,77.6,79.7,2,No,1,0,"MATLAB, Java, IoT, C++, Embedded C, Python",70.9,75.2,61.9,56.1,Not Placed,Not Placed,Not Placed,0.0
STU20251826,Male,2025,CSE,7.36,66.7,74.7,1,Yes,2,0,"Python, MongoDB, Node.js, DSA",77.8,76.4,75.5,76.1,Placed,Zoho,Backend Developer,6.7
STU20251827,Male,2025,ECE,7.58,74.4,83.3,0,No,2,5,"SQL, Python, IoT, Arduino, C++, Embedded C",93.9,84.0,61.9,62.3,Placed,Wipro,Software Developer,6.08
STU20251828,Female,2024,ECE,6.91,69.7,69.5,3,No,2,1,"Embedded C, Arduino, SQL",76.6,90.6,57.2,69.9,Not Placed,Not Placed,Not Placed,0.0
STU20251829,Male,2025,Civil,7.99,82.7,68.2,0,No,3,2,"Primavera, SQL, STAAD Pro, C, GIS, Excel",82.2,81.3,60.1,69.0,Not Placed,Not Placed,Not Placed,0.0
STU20251830,Female,2024,ECE,8.9,77.6,76.9,0,Yes,3,2,"Arduino, Python, MATLAB, C, C++, Embedded C",75.6,83.4,69.2,76.5,Placed,Bosch,Embedded Engineer,7.27
STU20251831,Male,2024,IT,8.62,79.0,81.5,0,Yes,3,0,"Git, Node.js, DSA, AWS, React, Python",77.0,73.7,98.0,82.6,Placed,TCS,Software Developer,7.77
STU20251832,Male,2024,Civil,8.37,77.6,83.6,1,Yes,4,1,"Excel, Revit, AutoCAD, Python, Primavera",94.6,87.2,61.7,87.1,Not Placed,Not Placed,Not Placed,0.0
STU20251833,Male,2026,IT,6.73,64.5,83.4,1,No,0,0,"JavaScript, Node.js, React, DSA, Git",71.3,70.1,74.9,82.9,Placed,TCS,QA Engineer,2.5
STU20251834,Female,2025,CSE,7.79,87.3,78.1,1,No,3,0,"C++, Node.js, MongoDB",98.0,88.7,68.2,87.2,Placed,Wipro,Software Developer,5.09
STU20251835,Male,2025,CSE,8.4,83.6,83.0,0,No,3,0,"C++, React, DSA, Node.js",74.7,72.2,58.8,65.9,Placed,TCS,Web Developer,6.41
STU20251836,Male,2027,CSE,8.74,74.6,88.2,1,No,2,2,"DSA, Git, C++, Node.js",69.9,71.9,85.2,60.2,Placed,Wipro,Data Analyst,8.23
STU20251837,Male,2026,CSE,9.49,83.1,75.2,0,Yes,4,4,"JavaScript, Java, DSA, SQL",96.0,80.9,71.4,72.0,Placed,Deloitte,Data Analyst,8.47
STU20251838,Male,2027,IT,8.81,86.8,77.3,0,Yes,4,2,"Python, Node.js, Java, SQL",88.0,96.6,69.4,67.1,Placed,Infosys,Software Developer,7.8
STU20251839,Female,2026,EEE,8.41,79.4,97.1,1,Yes,3,5,"MATLAB, C++, SQL, Python",70.2,98.0,87.7,57.3,Placed,Schneider Electric,Electrical Engineer,8.24
STU20251840,Female,2024,EEE,9.8,93.4,87.5,1,No,3,1,"MATLAB, Arduino, Java, Python, IoT",85.3,98.0,75.8,65.9,Placed,Schneider Electric,Embedded Engineer,6.87
STU20251841,Female,2027,CSE,8.08,98.0,80.4,1,No,2,1,"JavaScript, C++, Python, MongoDB, Git, React",88.9,78.4,75.2,77.2,Placed,Tech Mahindra,Data Analyst,5.3
STU20251842,Female,2027,ECE,7.5,75.9,81.5,0,Yes,4,0,"SQL, C++, Python, IoT, MATLAB",66.7,82.8,69.6,87.5,Placed,Wipro,Software Developer,7.33
STU20251843,Female,2026,CSE,8.15,74.3,67.7,0,Yes,2,1,"C++, Python, MongoDB, Git, JavaScript, SQL",67.1,61.3,71.4,71.9,Placed,Capgemini,QA Engineer,6.5
STU20251844,Male,2026,Civil,6.72,67.9,68.6,1,No,2,0,"Python, Primavera, GIS",64.9,90.8,49.7,82.0,Not Placed,Not Placed,Not Placed,0.0
STU20251845,Male,2025,CSE,8.06,62.7,69.7,0,No,3,0,"DSA, JavaScript, SQL, C++, Git",74.3,94.4,83.4,69.1,Placed,Deloitte,Data Analyst,6.68
STU20251846,Male,2026,ECE,6.28,82.4,74.9,2,No,1,0,"C, Java, Arduino, C++, Python",78.4,79.9,68.0,40.4,Not Placed,Not Placed,Not Placed,0.0
STU20251847,Male,2027,IT,7.45,74.2,72.5,1,Yes,2,1,"JavaScript, React, AWS, MongoDB, Git, DSA",70.6,71.3,80.4,56.7,Placed,HCLTech,Full Stack Developer,6.77
STU20251848,Male,2026,ECE,7.65,83.3,76.3,2,Yes,3,0,"SQL, Java, C",98.0,77.1,72.1,77.9,Placed,TCS,Embedded Engineer,6.79
STU20251849,Male,2024,IT,8.71,87.3,76.3,1,Yes,2,1,"Node.js, DSA, Python, AWS",71.0,84.6,88.6,51.3,Placed,Infosys,QA Engineer,7.99
STU20251850,Female,2024,EEE,8.59,71.9,66.8,1,No,1,0,"C++, Java, MATLAB, Python, C, Arduino",84.8,98.0,76.3,53.0,Not Placed,Not Placed,Not Placed,0.0
STU20251851,Female,2024,CSE,7.18,69.4,80.6,1,No,1,2,"SQL, Python, DSA, Node.js, C++",72.9,89.4,86.6,50.7,Placed,Deloitte,Software Developer,5.98
STU20251852,Male,2025,Civil,9.26,93.4,67.7,0,Yes,5,5,"AutoCAD, Revit, Excel",93.8,98.0,65.3,70.5,Placed,Tata Projects,Graduate Engineer Trainee,9.17
STU20251853,Female,2025,ECE,7.88,77.2,71.2,0,No,2,2,"C, C++, Java",49.9,90.2,61.2,71.8,Placed,TCS,QA Engineer,5.56
STU20251854,Male,2027,EEE,7.85,73.0,67.0,1,Yes,3,0,"IoT, Java, AutoCAD",68.6,72.6,94.6,52.5,Placed,L&T Technology Services,Electrical Engineer,5.93
STU20251855,Male,2025,Mechanical,6.17,66.1,65.5,4,Yes,1,1,"MATLAB, SolidWorks, AutoCAD",66.3,58.5,75.4,82.1,Not Placed,Not Placed,Not Placed,0.0
STU20251856,Male,2025,Civil,6.97,74.4,75.2,3,Yes,3,1,"AutoCAD, STAAD Pro, GIS, C, Primavera",53.7,78.7,92.1,73.1,Not Placed,Not Placed,Not Placed,0.0
STU20251857,Male,2025,CSE,8.89,90.8,,0,Yes,3,3,"MongoDB, C++, Git, Python, JavaScript",51.9,81.6,83.5,57.1,Placed,Infosys,QA Engineer,7.1
STU20251858,Male,2026,IT,8.04,82.9,65.8,0,No,2,0,"JavaScript, Node.js, DSA, Git, SQL, Python",65.4,64.3,68.5,69.5,Placed,Capgemini,Full Stack Developer,4.86
STU20251859,Male,2026,CSE,8.09,79.5,72.9,1,Yes,3,0,"C++, Node.js, DSA, Python, JavaScript, SQL",87.0,83.3,96.6,63.9,Placed,Cognizant,Web Developer,9.28
STU20251860,Male,2026,CSE,8.19,89.6,64.9,1,Yes,5,2,"DSA, React, JavaScript, Node.js, MongoDB",94.2,87.8,49.1,63.7,Placed,Wipro,Backend Developer,7.37
STU20251861,Male,2027,ECE,6.52,84.1,68.4,1,No,2,0,"SQL, Embedded C, Git, Java, C, Arduino",57.9,63.5,76.5,53.8,Placed,Tech Mahindra,QA Engineer,3.36
STU20251862,Female,2027,Civil,7.42,78.9,75.5,2,No,2,1,"GIS, SQL, Excel, C, Python",74.7,76.1,36.7,68.8,Not Placed,Not Placed,Not Placed,0.0
STU20251863,Male,2027,Civil,8.7,98.0,83.9,0,Yes,1,2,"Revit, Excel, AutoCAD, Primavera",86.1,90.8,94.4,70.0,Placed,Tata Projects,Site Engineer,5.47
STU20251864,Male,2027,ECE,8.67,77.9,63.6,0,Yes,4,0,"Arduino, Git, C",98.0,85.1,61.3,69.9,Placed,Infosys,Embedded Engineer,6.9
STU20251865,Male,2025,ECE,7.64,84.8,79.5,3,Yes,2,1,"Git, Arduino, IoT, Java, Python, Embedded C",93.6,82.6,66.6,71.5,Placed,HCLTech,Network Engineer,5.15
STU20251866,Male,2026,Mechanical,8.88,77.4,72.2,0,Yes,2,2,"ANSYS, AutoCAD, MATLAB, C",95.3,87.7,62.9,75.8,Placed,Maruti Suzuki,Graduate Engineer Trainee,5.02
STU20251867,Male,2025,Civil,6.43,80.4,63.8,0,No,1,0,"AutoCAD, Primavera, Excel, Python",63.2,89.0,73.4,66.6,Placed,Tata Projects,Graduate Engineer Trainee,2.5
STU20251868,Male,2027,CSE,7.17,74.2,74.8,1,No,3,1,"DSA, Node.js, SQL, C++, JavaScript, Java",77.8,93.6,66.3,45.1,Placed,Tech Mahindra,QA Engineer,4.58
STU20251869,Male,2024,ECE,9.33,84.6,84.6,0,Yes,3,1,"Git, MATLAB, Embedded C, C++",90.0,92.3,95.3,72.4,Placed,HCLTech,Network Engineer,7.89
STU20251870,Male,2024,Mechanical,8.04,94.8,76.0,0,No,1,1,"C++, Python, SQL, CATIA, ANSYS",75.1,73.5,63.6,57.4,Placed,Bosch,Graduate Engineer Trainee,4.37
STU20251871,Female,2024,IT,7.65,83.8,68.0,0,Yes,2,1,"Node.js, SQL, DSA",61.7,75.6,55.2,86.5,Placed,Cognizant,Data Analyst,7.03
STU20251872,Male,2026,IT,7.85,81.0,75.5,0,Yes,2,2,"AWS, SQL, Node.js, JavaScript, Java, MongoDB",96.5,71.3,65.3,78.1,Placed,TCS,QA Engineer,5.84
STU20251873,Male,2026,Civil,6.81,69.6,68.3,1,Yes,2,1,"GIS, AutoCAD, Python",79.2,69.1,88.5,84.8,Not Placed,Not Placed,Not Placed,0.0
STU20251874,Male,2024,Civil,7.74,78.7,80.1,2,Yes,2,1,"C, MATLAB, GIS",89.1,88.4,84.5,66.4,Placed,JLL,Civil Engineer,5.72
STU20251875,Male,2026,Civil,7.67,70.1,83.2,0,No,1,0,"Excel, STAAD Pro, AutoCAD",83.8,71.9,85.7,79.7,Not Placed,Not Placed,Not Placed,0.0
STU20251876,Male,2025,Mechanical,7.57,83.1,82.5,1,Yes,2,1,"SolidWorks, SQL, AutoCAD",72.6,79.1,63.1,59.5,Placed,Maruti Suzuki,Design Engineer,5.51
STU20251877,Male,2027,CSE,7.01,81.6,73.8,0,Yes,2,1,"Java, SQL, JavaScript, Python, MongoDB",57.1,89.9,50.9,72.7,Placed,Accenture,QA Engineer,5.64
STU20251878,Male,2024,IT,8.13,77.1,84.8,1,Yes,2,2,"MongoDB, DSA, JavaScript",89.7,91.2,91.0,62.1,Placed,Zoho,Data Analyst,7.5
STU20251879,Male,2024,ECE,7.3,87.9,67.6,2,No,0,1,"C, SQL, Python, MATLAB, Git",79.7,77.2,51.3,76.1,Not Placed,Not Placed,Not Placed,0.0
STU20251880,Male,2026,ECE,6.91,85.9,86.1,1,No,2,1,"Python, Git, C, Embedded C, C++, IoT",78.0,76.4,67.7,89.6,Placed,Bosch,QA Engineer,4.86
STU20251881,Male,2026,ECE,8.83,81.1,71.7,0,Yes,3,2,"IoT, MATLAB, SQL",98.0,88.7,66.7,77.2,Placed,TCS,QA Engineer,5.71
STU20251882,Male,2027,ECE,9.59,85.9,66.7,0,Yes,3,2,"SQL, C++, Java, IoT, Embedded C, Git",83.7,98.0,79.3,55.0,Placed,TCS,QA Engineer,7.64
STU20251883,Male,2026,IT,9.55,77.8,90.3,0,Yes,4,0,"JavaScript, SQL, DSA, Python, Node.js, Java",89.0,94.7,56.0,64.9,Placed,Zoho,Support Engineer,8.65
STU20251884,Female,2027,EEE,8.2,76.6,72.2,0,Yes,1,3,"SQL, Arduino, C++",81.0,83.9,83.9,98.0,Placed,Siemens,Software Developer,4.21
STU20251885,Female,2025,IT,7.67,69.6,76.5,0,Yes,3,2,"Python, JavaScript, React, AWS, Java, MongoDB",74.9,72.1,88.5,82.8,Placed,Zoho,Full Stack Developer,6.92
STU20251886,Female,2025,IT,7.84,74.3,69.0,0,No,3,0,"JavaScript, AWS, SQL",78.9,86.5,84.9,59.7,Placed,Capgemini,Support Engineer,6.07
STU20251887,Male,2027,CSE,8.34,78.1,94.1,1,No,2,0,"Python, DSA, C++",94.1,86.1,58.9,80.0,Placed,Zoho,Web Developer,7.59
STU20251888,Male,2024,CSE,7.64,65.5,88.4,2,No,1,2,"SQL, Java, React, Node.js",67.9,65.9,76.2,70.5,Not Placed,Not Placed,Not Placed,0.0
STU20251889,Male,2027,Mechanical,8.67,83.7,89.2,0,Yes,3,2,"CATIA, C, Python",78.9,88.3,72.5,98.0,Placed,Maruti Suzuki,Design Engineer,7.03
STU20251890,Male,2024,IT,6.17,80.6,72.3,0,No,1,0,"AWS, JavaScript, Python",75.3,73.7,64.7,69.8,Placed,Capgemini,Data Analyst,4.89
STU20251891,Male,2026,CSE,7.75,77.3,82.8,1,Yes,1,4,"Git, React, MongoDB",60.4,83.6,92.6,69.9,Placed,Zoho,QA Engineer,6.29
STU20251892,Male,2024,EEE,8.33,59.9,77.1,1,No,3,2,"Python, Java, SQL",83.2,98.0,67.7,68.1,Placed,HCLTech,Software Developer,5.74
STU20251893,Male,2026,ECE,7.03,73.8,81.8,2,No,2,1,"Git, C, Java",73.5,93.4,77.0,64.3,Not Placed,Not Placed,Not Placed,0.0
STU20251894,Male,2027,CSE,7.8,67.7,73.2,1,No,2,1,"React, Java, Python, DSA, MongoDB",86.5,69.4,48.5,60.4,Placed,Wipro,Data Analyst,5.87
STU20251895,Male,2024,IT,8.4,74.7,88.8,0,Yes,4,3,"AWS, Python, Node.js",96.6,89.5,74.5,59.5,Placed,Infosys,Full Stack Developer,7.02
STU20251896,Male,2024,CSE,9.29,91.4,76.9,0,No,2,0,"Java, Git, JavaScript, Node.js",84.5,97.1,89.3,63.2,Placed,TCS,Web Developer,7.57
STU20251897,Female,2025,ECE,6.65,57.6,70.5,3,No,3,3,"Arduino, SQL, C++, Git, Embedded C",74.7,80.9,64.6,78.2,Not Placed,Not Placed,Not Placed,0.0
STU20251898,Male,2025,CSE,6.84,69.4,70.2,2,No,1,1,"React, SQL, Java, Python, Git, C++",71.3,83.1,75.4,65.9,Not Placed,Not Placed,Not Placed,0.0
STU20251899,Male,2025,CSE,7.2,81.8,75.8,1,No,1,2,"MongoDB, Python, C++, DSA, Node.js, React",69.8,73.0,58.3,62.1,Placed,Wipro,Web Developer,6.28
STU20251900,Female,2027,CSE,6.69,69.8,70.3,2,Yes,1,2,"SQL, Git, Java, MongoDB",86.5,61.3,60.7,57.1,Placed,Capgemini,QA Engineer,5.15
STU20251901,Male,2024,ECE,6.5,68.8,76.0,5,No,2,0,"Embedded C, Arduino, Git, C++",78.5,80.4,64.2,77.5,Placed,Wipro,Embedded Engineer,6.26
STU20251902,Male,2025,CSE,7.17,90.2,71.0,2,Yes,1,2,"MongoDB, React, JavaScript, C++, Git",88.5,76.0,61.6,92.3,Placed,Cognizant,QA Engineer,4.64
STU20251903,Female,2025,Mechanical,8.6,82.1,83.8,0,Yes,3,4,"SolidWorks, CATIA, Python, ANSYS, SQL, AutoCAD",75.0,98.0,86.1,62.8,Placed,L&T,Mechanical Engineer,5.57
STU20251904,Male,2025,CSE,7.73,83.9,86.5,2,No,2,0,"DSA, Git, SQL, Python, MongoDB, JavaScript",93.7,89.1,85.1,61.4,Not Placed,Not Placed,Not Placed,0.0
STU20251905,Male,2025,ECE,7.78,80.9,76.5,0,No,2,2,"SQL, IoT, Git, Java, C",80.3,73.3,79.5,57.9,Placed,TCS,QA Engineer,6.41
STU20251906,Female,2026,IT,7.09,76.9,89.7,0,Yes,2,2,"Java, Git, JavaScript, MongoDB, AWS, React",83.7,87.2,35.4,82.8,Placed,Cognizant,Support Engineer,6.97
STU20251907,Female,2026,IT,8.44,87.9,85.7,1,Yes,4,1,"AWS, Git, MongoDB, DSA",64.3,87.5,69.6,85.5,Placed,HCLTech,Support Engineer,8.11
STU20251908,Female,2027,CSE,9.59,95.3,95.9,0,Yes,3,2,"React, Java, MongoDB, Node.js",98.0,98.0,89.3,74.8,Placed,Infosys,Data Analyst,7.72
STU20251909,Female,2025,Mechanical,6.8,63.2,72.9,0,No,2,2,"MATLAB, Excel, Python, C, SQL",79.3,71.8,65.1,54.7,Not Placed,Not Placed,Not Placed,0.0
STU20251910,Male,2026,Mechanical,9.02,80.3,67.7,0,Yes,4,2,"Excel, AutoCAD, MATLAB",98.0,96.2,73.2,77.7,Placed,Tata Motors,Design Engineer,7.74
STU20251911,Female,2027,CSE,8.31,78.5,72.5,1,No,1,1,"MongoDB, Python, JavaScript",92.4,93.6,85.4,71.8,Placed,Infosys,QA Engineer,7.29
STU20251912,Male,2027,CSE,8.01,75.0,72.4,1,Yes,3,0,"Node.js, JavaScript, Git",58.0,90.8,84.9,77.0,Placed,Wipro,QA Engineer,8.3
STU20251913,Male,2027,Civil,7.84,84.5,69.5,3,Yes,3,0,"C, Python, MATLAB, Revit, STAAD Pro",98.0,92.6,79.1,60.5,Not Placed,Not Placed,Not Placed,0.0
STU20251914,Female,2025,ECE,8.08,80.0,61.4,3,Yes,4,1,"C++, C, MATLAB",87.6,98.0,53.0,59.7,Not Placed,Not Placed,Not Placed,0.0
STU20251915,Female,2027,CSE,9.58,95.4,88.0,0,Yes,3,1,"Git, SQL, Python, JavaScript",98.0,87.7,63.8,53.5,Placed,Deloitte,QA Engineer,9.12
STU20251916,Female,2027,CSE,8.44,86.8,64.8,0,No,2,1,"SQL, Node.js, Python, JavaScript, MongoDB, Java",88.7,98.0,78.9,82.8,Placed,Wipro,QA Engineer,6.25
STU20251917,Male,2027,ECE,8.21,88.1,83.7,1,Yes,3,2,"Embedded C, Git, C, IoT, Arduino, Java",82.4,90.5,45.8,87.2,Not Placed,Not Placed,Not Placed,0.0
STU20251918,Male,2026,EEE,7.29,67.8,90.0,2,No,2,0,"Java, C, Python, Embedded C",71.6,73.6,90.5,49.6,Not Placed,Not Placed,Not Placed,0.0
STU20251919,Male,2027,ECE,8.46,73.5,72.4,1,No,3,1,"C++, Python, Git, SQL, Embedded C",93.3,86.7,75.6,59.4,Not Placed,Not Placed,Not Placed,0.0
STU20251920,Male,2025,Civil,6.69,69.7,75.8,2,No,1,1,,61.0,84.0,57.6,59.5,Not Placed,Not Placed,Not Placed,0.0
STU20251921,Female,2026,ECE,7.84,86.9,73.4,1,No,2,3,"Python, Git, Arduino",79.5,82.5,64.4,79.9,Not Placed,Not Placed,Not Placed,0.0
STU20251922,Female,2026,IT,9.8,75.7,87.2,0,Yes,1,0,"Python, DSA, JavaScript",98.0,68.9,94.9,74.0,Placed,Zoho,QA Engineer,8.22
STU20251923,Male,2026,IT,5.77,65.9,62.2,3,No,2,0,"Python, AWS, Node.js, Git",54.2,78.2,46.7,87.5,Not Placed,Not Placed,Not Placed,0.0
STU20251924,Male,2026,IT,8.1,70.4,75.9,0,Yes,4,3,"JavaScript, React, MongoDB",83.1,92.8,47.4,69.5,Placed,Deloitte,Support Engineer,6.2
STU20251925,Male,2024,CSE,8.23,97.8,85.1,0,Yes,2,3,"MongoDB, C++, SQL, DSA",95.2,83.0,60.0,56.9,Placed,Tech Mahindra,Backend Developer,5.96
STU20251926,Male,2025,CSE,7.81,76.5,75.7,1,No,2,2,"JavaScript, React, Python",69.2,71.4,75.1,60.2,Placed,Tech Mahindra,Backend Developer,6.16
STU20251927,Male,2025,IT,7.73,81.0,64.5,1,No,4,1,"MongoDB, Node.js, SQL, JavaScript",60.8,88.7,91.7,58.1,Placed,Capgemini,Data Analyst,6.8
STU20251928,Female,2026,EEE,7.73,69.3,84.6,0,No,2,0,"SQL, IoT, C, AutoCAD, C++, Java",54.9,92.6,86.7,81.6,Placed,Wipro,Embedded Engineer,3.7
STU20251929,Male,2026,CSE,7.79,84.2,67.0,1,No,2,0,"Git, Java, JavaScript, Node.js, C++, Python",73.3,71.0,65.5,92.1,Not Placed,Not Placed,Not Placed,0.0
STU20251930,Female,2027,IT,8.09,65.8,77.4,0,No,4,0,"Java, AWS, React, JavaScript, DSA",98.0,87.3,76.0,74.9,Placed,TCS,QA Engineer,7.55
STU20251931,Male,2027,ECE,7.34,69.5,78.9,0,Yes,4,1,"Embedded C, SQL, MATLAB",72.5,98.0,73.9,64.6,Placed,Tech Mahindra,Software Developer,6.04
STU20251932,Female,2026,ECE,9.47,76.6,81.4,1,No,2,1,"MATLAB, Python, Embedded C, C++",83.9,98.0,80.8,72.1,Placed,Wipro,QA Engineer,4.88
STU20251933,Male,2024,EEE,7.44,78.1,92.9,1,No,2,3,"Java, C, Arduino, Python, Embedded C",77.8,84.2,44.2,49.4,Not Placed,Not Placed,Not Placed,0.0
STU20251934,Female,2026,Mechanical,8.03,72.5,81.8,1,Yes,4,4,"Excel, Python, MATLAB, SolidWorks",98.0,91.2,68.0,70.6,Placed,Tata Motors,Production Engineer,6.46
STU20251935,Male,2027,EEE,7.08,86.4,72.7,1,Yes,3,0,"Python, IoT, Arduino, Java, Embedded C",88.2,73.2,78.6,52.9,Not Placed,Not Placed,Not Placed,0.0
STU20251936,Female,2026,CSE,8.79,83.5,83.0,1,No,3,3,"Java, Python, SQL",84.6,93.3,98.0,74.8,Placed,Deloitte,QA Engineer,7.9
STU20251937,Female,2027,IT,8.52,74.5,79.5,1,Yes,1,2,"Python, Node.js, MongoDB, AWS, Git, SQL",87.3,82.1,79.3,71.0,Placed,Accenture,QA Engineer,6.45
STU20251938,Male,2027,ECE,8.11,85.3,,1,No,1,2,"Arduino, C++, MATLAB, IoT, Java, Python",90.8,81.5,86.6,78.8,Placed,Wipro,Software Developer,3.92
STU20251939,Male,2025,CSE,7.13,73.1,76.0,3,No,3,1,"DSA, Node.js, React, JavaScript",58.4,79.1,80.0,77.9,Placed,Cognizant,QA Engineer,5.14
STU20251940,Male,2026,CSE,7.36,72.3,71.8,0,No,3,2,"SQL, Java, React, DSA, Git",74.8,67.4,64.5,62.3,Placed,TCS,Web Developer,6.33
STU20251941,Female,2026,CSE,9.43,87.8,82.0,0,Yes,4,4,"MongoDB, DSA, SQL, Node.js, JavaScript",77.7,97.9,60.4,85.2,Placed,Infosys,Data Analyst,8.99
STU20251942,Male,2025,IT,7.25,59.0,71.0,1,No,1,2,"MongoDB, Node.js, JavaScript",65.0,98.0,83.7,54.8,Not Placed,Not Placed,Not Placed,0.0
STU20251943,Male,2025,IT,8.44,84.2,64.5,1,No,2,1,"React, DSA, Java, Node.js, MongoDB, SQL",90.0,71.7,97.8,98.0,Placed,Infosys,QA Engineer,6.73
STU20251944,Male,2025,CSE,7.2,71.0,82.4,3,No,2,1,"Node.js, Python, SQL, JavaScript, Java, Git",61.6,94.8,63.3,52.9,Placed,Tech Mahindra,QA Engineer,7.08
STU20251945,Male,2024,Mechanical,8.41,74.0,73.7,1,Yes,2,1,"ANSYS, Python, CATIA",98.0,96.0,89.1,81.9,Placed,L&T,Production Engineer,5.26
STU20251946,Female,2026,Civil,6.92,89.0,74.7,1,No,1,1,"SQL, C, Primavera, GIS, Python, STAAD Pro",80.0,83.1,69.6,83.9,Not Placed,Not Placed,Not Placed,0.0
STU20251947,Female,2024,CSE,7.18,72.2,69.1,1,Yes,3,0,"SQL, C++, Node.js, JavaScript",71.4,73.6,50.8,75.2,Placed,Tech Mahindra,Web Developer,6.9
STU20251948,Female,2025,Civil,6.89,81.9,68.5,1,Yes,3,0,"GIS, Python, Primavera, AutoCAD, C",75.4,86.8,68.2,60.6,Placed,Afcons Infrastructure,Graduate Engineer Trainee,5.16
STU20251949,Female,2026,CSE,7.53,78.8,68.1,0,Yes,2,2,"MongoDB, Java, DSA, JavaScript, Python",62.2,98.0,62.7,63.7,Placed,Capgemini,Software Developer,6.52
STU20251950,Female,2025,Civil,7.84,80.3,82.8,0,Yes,4,3,"AutoCAD, GIS, SQL",66.5,98.0,77.1,60.7,Placed,Shapoorji Pallonji,Site Engineer,6.9
STU20251951,Male,2027,Civil,7.56,75.1,83.7,0,No,3,2,"MATLAB, Primavera, C, Revit, GIS, SQL",75.7,87.7,75.4,68.9,Not Placed,Not Placed,Not Placed,0.0
STU20251952,Female,2025,CSE,7.07,73.6,74.3,1,Yes,1,0,"Git, SQL, Python, MongoDB, Java",88.6,75.9,59.9,82.5,Placed,Cognizant,QA Engineer,5.17
STU20251953,Male,2024,EEE,7.63,87.8,71.8,0,No,4,1,"Python, MATLAB, C",66.3,78.7,53.5,74.8,Not Placed,Not Placed,Not Placed,0.0
STU20251954,Male,2027,Civil,6.53,80.8,60.8,6,No,2,0,"Primavera, GIS, STAAD Pro, SQL, Excel, Python",87.4,75.6,60.2,69.7,Not Placed,Not Placed,Not Placed,0.0
STU20251955,Female,2027,Civil,8.05,74.6,82.3,1,No,2,1,"C, AutoCAD, Revit, Primavera, Python",78.0,89.7,92.3,52.2,Placed,Afcons Infrastructure,Civil Engineer,5.24
STU20251956,Male,2026,Civil,8.2,71.2,72.4,1,No,2,1,"GIS, C, Python, Primavera, Revit, MATLAB",83.9,85.4,57.5,89.4,Placed,JLL,Graduate Engineer Trainee,4.98
STU20251957,Male,2026,ECE,7.73,73.2,68.1,2,Yes,3,2,"Git, C, SQL",82.0,85.4,80.3,70.9,Placed,HCLTech,Embedded Engineer,6.24
STU20251958,Male,2024,CSE,8.23,85.4,77.4,2,Yes,3,0,"DSA, MongoDB, Git, Java",92.9,84.0,80.7,68.4,Placed,Deloitte,Software Developer,8.76
STU20251959,Male,2027,Mechanical,9.04,88.9,77.1,0,No,3,1,"SolidWorks, ANSYS, C, CATIA",98.0,98.0,69.0,71.8,Placed,Jindal Steel,Mechanical Engineer,7.66
STU20251960,Female,2024,ECE,7.62,80.9,64.9,2,No,3,0,"MATLAB, Arduino, Python, Embedded C",78.0,83.4,59.5,49.1,Not Placed,Not Placed,Not Placed,0.0
STU20251961,Male,2026,ECE,6.95,64.1,64.1,2,No,0,1,"C, Arduino, SQL, IoT, C++",75.9,77.9,75.5,68.3,Not Placed,Not Placed,Not Placed,0.0
STU20251962,Male,2024,IT,8.39,84.3,80.0,0,Yes,2,1,"MongoDB, Node.js, Git",97.6,62.0,73.2,70.5,Placed,TCS,Data Analyst,6.56
STU20251963,Male,2026,ECE,6.79,84.1,68.7,4,Yes,2,2,"C, MATLAB, C++, SQL, Java",83.7,89.6,60.6,70.9,Placed,Wipro,Network Engineer,4.9
STU20251964,Male,2025,CSE,7.82,78.8,79.7,2,No,2,1,"DSA, Git, Python, C++, Java, MongoDB",74.1,89.0,77.4,83.6,Placed,Tech Mahindra,QA Engineer,5.78
STU20251965,Male,2025,EEE,7.14,89.7,75.3,0,No,2,0,"C++, C, AutoCAD, Python",73.4,83.1,89.7,54.0,Not Placed,Not Placed,Not Placed,0.0
STU20251966,Male,2024,CSE,7.4,67.3,82.3,1,No,1,3,,62.7,89.6,85.7,68.5,Placed,Wipro,Backend Developer,4.75
STU20251967,Male,2026,EEE,7.44,81.4,69.3,1,No,2,2,"Java, Python, C++",98.0,73.7,71.4,61.6,Placed,L&T Technology Services,Graduate Engineer Trainee,4.9
STU20251968,Male,2025,Mechanical,8.31,71.6,79.1,0,Yes,4,0,"SolidWorks, Python, AutoCAD, ANSYS, MATLAB",90.2,83.7,29.3,70.4,Placed,Maruti Suzuki,Production Engineer,7.53
STU20251969,Male,2026,IT,8.84,87.5,83.3,1,No,1,1,"React, DSA, Java, JavaScript, Node.js, SQL",64.9,98.0,72.3,79.0,Placed,TCS,Full Stack Developer,4.97
STU20251970,Male,2025,ECE,8.54,83.6,73.7,0,Yes,3,1,"SQL, Embedded C, IoT, C++, C",75.1,74.2,61.1,71.5,Placed,Wipro,Embedded Engineer,7.81
STU20251971,Female,2027,IT,8.19,91.1,85.0,0,Yes,2,1,"MongoDB, JavaScript, Python, Node.js",79.1,71.6,70.1,69.7,Placed,Wipro,Data Analyst,7.7
STU20251972,Male,2025,Civil,7.28,79.7,63.0,4,No,2,0,"Python, C, STAAD Pro, SQL, Primavera",92.5,63.7,64.6,40.8,Placed,Afcons Infrastructure,Site Engineer,3.85
STU20251973,Male,2027,EEE,5.65,69.3,64.4,1,Yes,2,0,"Embedded C, Arduino, MATLAB",66.0,68.4,58.5,82.4,Not Placed,Not Placed,Not Placed,0.0
STU20251974,Female,2025,IT,8.21,75.1,65.2,1,Yes,3,2,"AWS, JavaScript, React, Python",90.8,98.0,86.8,53.5,Placed,Cognizant,Data Analyst,7.43
STU20251975,Male,2024,CSE,6.06,71.4,66.2,2,Yes,1,1,"Git, SQL, Node.js, Python, JavaScript",59.2,75.6,61.3,67.4,Placed,Cognizant,QA Engineer,4.68
STU20251976,Male,2025,CSE,6.37,70.3,71.1,1,Yes,2,2,"SQL, JavaScript, Node.js, Java, Git",79.6,88.8,62.0,62.7,Placed,Infosys,Software Developer,6.74
STU20251977,Female,2024,IT,7.76,86.8,81.8,0,Yes,2,3,"Java, Python, MongoDB, DSA",94.4,66.8,77.2,45.6,Placed,Cognizant,Data Analyst,7.56
STU20251978,Male,2025,Civil,7.72,86.2,74.8,1,No,2,0,"GIS, AutoCAD, STAAD Pro, C, MATLAB",88.1,72.2,57.1,70.7,Placed,L&T,Civil Engineer,3.74
STU20251979,Female,2025,EEE,7.27,65.7,,1,No,3,0,"MATLAB, Embedded C, Java",49.4,73.1,64.7,63.9,Placed,HCLTech,Electrical Engineer,4.6
STU20251980,Female,2027,CSE,9.31,81.5,69.3,0,Yes,2,1,"DSA, Node.js, MongoDB",84.7,98.0,59.4,79.2,Placed,Zoho,Web Developer,7.97
STU20251981,Female,2026,Mechanical,7.94,78.3,67.9,1,No,3,4,"C, C++, AutoCAD, ANSYS, CATIA, SQL",69.5,92.7,79.9,75.5,Placed,Jindal Steel,Production Engineer,5.37
STU20251982,Female,2025,IT,7.69,71.8,77.9,2,Yes,2,0,"AWS, SQL, Node.js, JavaScript, Git, React",86.5,80.0,73.8,80.4,Placed,Capgemini,Software Developer,7.67
STU20251983,Male,2025,Mechanical,8.73,82.9,84.7,1,No,4,1,"ANSYS, CATIA, MATLAB, C++, SQL",89.5,92.6,98.0,75.1,Placed,Maruti Suzuki,Mechanical Engineer,6.37
STU20251984,Female,2024,CSE,9.33,91.6,77.3,0,Yes,4,1,"Git, SQL, Java, Node.js, MongoDB",98.0,91.3,56.1,78.9,Placed,Cognizant,Software Developer,7.81
STU20251985,Male,2024,ECE,8.19,84.7,85.6,4,No,1,1,"Java, Python, Git",74.5,98.0,85.4,80.5,Not Placed,Not Placed,Not Placed,0.0
STU20251986,Male,2025,Civil,6.84,84.5,66.8,3,No,1,2,"Primavera, GIS, Python, AutoCAD, STAAD Pro, C",72.6,98.0,44.6,73.3,Not Placed,Not Placed,Not Placed,0.0
STU20251987,Male,2024,CSE,7.53,71.8,72.6,1,No,1,2,"Python, C++, Git, Node.js",73.7,93.4,57.2,71.6,Placed,Tech Mahindra,Backend Developer,5.99
STU20251988,Male,2024,EEE,6.42,74.3,70.2,1,No,1,2,"IoT, Arduino, C++",78.2,86.7,37.8,67.0,Placed,L&T Technology Services,Graduate Engineer Trainee,4.17
STU20251989,Male,2027,Civil,7.46,71.3,85.8,1,No,3,0,"Primavera, Excel, AutoCAD",68.1,75.7,70.7,72.1,Placed,Adani,Civil Engineer,4.22
STU20251990,Male,2026,CSE,7.11,77.5,,0,Yes,3,2,"SQL, JavaScript, DSA",66.0,87.8,72.0,79.2,Placed,Deloitte,QA Engineer,5.85
STU20251991,Male,2027,CSE,7.72,79.6,63.3,2,No,3,0,"MongoDB, Node.js, C++, Java, Git",74.3,62.1,66.7,74.9,Placed,Cognizant,Data Analyst,7.04
STU20251992,Male,2025,EEE,7.87,84.4,82.9,0,Yes,3,1,"SQL, C++, IoT, Java, Arduino, C",88.9,80.6,43.1,70.8,Not Placed,Not Placed,Not Placed,0.0
STU20251993,Female,2027,IT,6.21,82.7,84.7,3,No,2,0,"AWS, Git, SQL, JavaScript, React",83.5,57.6,57.9,94.5,Not Placed,Not Placed,Not Placed,0.0
STU20251994,Male,2025,CSE,6.93,80.1,72.0,2,No,2,0,"SQL, DSA, MongoDB, Java, Git",73.5,81.7,69.4,87.4,Placed,Wipro,QA Engineer,3.61
STU20251995,Female,2024,IT,7.47,70.7,68.9,0,No,4,0,"JavaScript, Java, Node.js, Python, MongoDB",89.4,81.4,58.0,59.2,Placed,TCS,Support Engineer,7.3
STU20251996,Female,2027,EEE,7.61,67.6,81.6,2,No,1,2,"Embedded C, SQL, C, Python",81.6,90.3,70.1,68.9,Not Placed,Not Placed,Not Placed,0.0
STU20251997,Female,2024,IT,7.48,80.3,88.9,1,Yes,4,0,"AWS, MongoDB, Java, SQL, Python",81.7,89.0,84.0,92.3,Placed,TCS,Full Stack Developer,8.17
STU20251998,Male,2025,IT,7.67,87.7,81.7,2,Yes,2,0,"React, SQL, AWS, JavaScript, Java, MongoDB",77.4,91.6,63.2,62.4,Placed,Deloitte,QA Engineer,5.76
STU20251999,Female,2027,Mechanical,6.95,75.2,62.4,2,No,3,2,"C++, ANSYS, SolidWorks, SQL, C",86.4,74.6,53.7,54.2,Not Placed,Not Placed,Not Placed,0.0
STU20252000,Female,2026,ECE,6.52,63.6,77.9,3,No,1,1,"Java, Arduino, C++, C, Git",93.1,57.2,65.0,98.0,Not Placed,Not Placed,Not Placed,0.0
STU20252001,Female,2026,Mechanical,7.1,90.3,,2,Yes,2,0,"SolidWorks, MATLAB, C, C++",87.4,97.0,92.0,67.2,Placed,Bosch,Production Engineer,4.44
STU20252002,Female,2025,IT,7.72,80.7,69.2,1,No,2,1,"Git, MongoDB, AWS, JavaScript",93.0,77.2,77.4,44.8,Placed,Wipro,Support Engineer,6.07
STU20252003,Male,2024,Civil,7.24,77.3,83.6,0,No,1,2,"Revit, MATLAB, Python, Excel, SQL",98.0,80.3,49.3,59.1,Not Placed,Not Placed,Not Placed,0.0
STU20252004,Male,2027,ECE,7.85,,79.3,0,Yes,3,1,"C++, Embedded C, SQL, Arduino, IoT, C",73.4,95.5,89.0,67.9,Placed,Wipro,Embedded Engineer,5.43
STU20252005,Female,2024,CSE,8.36,79.0,86.8,0,Yes,4,3,"Java, React, Git, Node.js, C++",95.2,89.9,68.1,82.7,Placed,Infosys,Data Analyst,7.74
STU20252006,Male,2025,Mechanical,8.13,83.1,69.5,0,No,0,2,"MATLAB, C, CATIA",93.1,72.3,69.5,69.4,Not Placed,Not Placed,Not Placed,0.0
STU20252007,Female,2025,ECE,7.21,,77.3,1,Yes,2,1,"Git, Python, C++, Arduino",87.3,98.0,52.1,56.1,Placed,Wipro,Software Developer,4.85
STU20252008,Male,2027,CSE,6.66,69.9,66.7,1,No,1,0,"React, JavaScript, Git, DSA, Node.js",63.6,68.4,68.6,35.0,Placed,Tech Mahindra,Web Developer,5.94
STU20252009,Male,2027,CSE,9.08,80.3,81.2,1,Yes,4,2,"React, JavaScript, Java, C++",80.8,98.0,50.9,78.9,Placed,TCS,Backend Developer,8.06
STU20252010,Male,2025,EEE,7.98,73.6,86.9,0,No,4,2,"Arduino, SQL, Python",98.0,92.7,57.3,69.7,Not Placed,Not Placed,Not Placed,0.0
STU20252011,Male,2027,CSE,7.19,87.6,64.4,2,Yes,2,0,"Java, SQL, Python, Node.js, DSA",80.9,88.1,76.7,87.5,Placed,Infosys,Backend Developer,7.13
STU20252012,Female,2024,IT,8.14,84.6,67.4,0,No,2,1,"Node.js, SQL, Python, React, AWS",84.4,94.7,74.2,61.3,Placed,Infosys,Software Developer,6.23
STU20252013,Male,2027,CSE,8.91,76.6,85.7,1,Yes,2,0,"SQL, MongoDB, Node.js",84.8,82.5,65.8,69.7,Placed,Infosys,Data Analyst,6.51
STU20252014,Female,2024,IT,9.37,73.2,80.2,0,Yes,5,1,"Python, SQL, Node.js, Git, React, JavaScript",98.0,98.0,75.0,66.5,Placed,Cognizant,Data Analyst,7.47
STU20252015,Male,2025,IT,8.11,80.2,85.1,2,No,3,1,"MongoDB, Python, Git, DSA",94.7,98.0,81.5,61.6,Placed,Wipro,QA Engineer,8.24
STU20252016,Female,2024,ECE,8.65,76.2,72.7,1,No,1,4,"SQL, MATLAB, C",78.5,98.0,79.6,73.5,Placed,Bosch,QA Engineer,6.02
STU20252017,Male,2027,CSE,6.97,72.5,74.2,0,No,2,0,"React, Node.js, SQL, Git, JavaScript, Java",85.8,88.6,76.5,63.4,Placed,Infosys,Data Analyst,4.94
STU20252018,Male,2027,CSE,7.97,70.0,81.3,0,Yes,2,1,"Python, C++, Java, Git, SQL",82.0,90.9,56.4,52.7,Placed,Deloitte,Data Analyst,6.83
STU20252019,Male,2026,ECE,7.47,69.6,76.6,0,Yes,2,1,"SQL, Java, Arduino, C, Python, Embedded C",87.8,80.5,60.7,88.7,Placed,Infosys,QA Engineer,6.19
STU20252020,Male,2024,IT,8.19,79.6,64.6,3,Yes,2,2,"SQL, MongoDB, AWS, React",97.2,78.6,97.9,75.6,Placed,Infosys,Data Analyst,6.12
STU20252021,Female,2025,ECE,9.12,78.9,98.0,0,Yes,2,1,"Git, Java, C++, IoT",98.0,98.0,71.3,80.8,Placed,Wipro,Embedded Engineer,6.03
STU20252022,Female,2025,CSE,8.21,96.0,78.7,1,Yes,3,3,"MongoDB, C++, React, DSA",62.8,85.0,66.9,88.7,Placed,TCS,QA Engineer,6.8
STU20252023,Male,2025,CSE,7.2,80.2,65.1,1,Yes,4,1,"Node.js, SQL, DSA",87.2,78.3,70.4,70.4,Placed,Cognizant,Software Developer,6.89
STU20252024,Male,2024,CSE,6.93,67.3,75.9,4,No,1,0,"SQL, React, C++, Git",89.9,75.5,70.6,66.5,Not Placed,Not Placed,Not Placed,0.0
STU20252025,Male,2026,IT,9.3,70.5,83.1,0,Yes,4,2,"Git, Node.js, DSA",82.9,81.0,64.2,60.0,Placed,Accenture,QA Engineer,8.03
STU20252026,Male,2026,IT,8.34,81.6,84.5,0,Yes,4,0,"MongoDB, Node.js, JavaScript",98.0,83.2,41.0,83.2,Placed,HCLTech,Support Engineer,6.75
STU20252027,Male,2027,Mechanical,7.93,75.0,82.9,1,No,3,1,"Python, CATIA, SolidWorks, SQL, ANSYS, MATLAB",89.6,77.8,67.5,50.3,Not Placed,Not Placed,Not Placed,0.0
STU20252028,Male,2025,IT,7.61,86.3,74.1,0,No,4,0,"MongoDB, SQL, AWS",94.6,68.9,70.2,71.3,Placed,Infosys,Data Analyst,8.33
STU20252029,Male,2025,ECE,7.98,79.9,64.5,1,No,3,2,"SQL, IoT, C++, Java",93.9,75.0,48.9,75.2,Placed,Wipro,Network Engineer,5.55
STU20252030,Female,2026,ECE,6.91,61.4,76.9,1,Yes,4,0,"Arduino, Python, C++, Git",63.4,79.4,71.1,57.1,Placed,Tech Mahindra,Software Developer,6.42
STU20252031,Male,2024,CSE,8.33,71.7,66.0,0,No,1,0,"Git, C++, Java, MongoDB",91.1,92.5,77.7,83.7,Placed,Cognizant,Data Analyst,7.41
STU20252032,Male,2026,ECE,6.75,70.1,81.7,2,Yes,3,1,"C++, C, IoT, Embedded C, Git, Java",82.2,78.4,79.6,49.2,Placed,Infosys,QA Engineer,5.6
STU20252033,Male,2027,IT,7.59,80.1,70.4,2,No,3,0,"JavaScript, AWS, DSA, SQL, React, Java",75.1,70.6,56.1,53.1,Placed,TCS,Software Developer,6.15
STU20252034,Male,2024,IT,7.35,69.0,79.3,3,No,1,0,"Git, Node.js, React, JavaScript, MongoDB, SQL",93.7,70.7,74.2,68.6,Placed,TCS,QA Engineer,4.46
STU20252035,Male,2025,CSE,5.23,72.1,64.5,2,No,0,0,"MongoDB, Node.js, Python, React",38.4,68.7,68.1,77.6,Not Placed,Not Placed,Not Placed,0.0
STU20252036,Male,2027,Mechanical,7.26,66.8,71.2,2,No,1,1,"CATIA, C, AutoCAD, Excel",66.4,90.4,88.3,52.6,Not Placed,Not Placed,Not Placed,0.0
STU20252037,Male,2026,Civil,6.74,74.9,67.6,4,Yes,1,1,"GIS, Python, Primavera, Excel, C",88.6,85.9,78.0,81.7,Not Placed,Not Placed,Not Placed,0.0
STU20252038,Female,2026,CSE,7.82,80.1,81.1,1,Yes,3,2,"DSA, MongoDB, React",93.7,89.1,85.0,82.8,Placed,Accenture,Data Analyst,5.7
STU20252039,Female,2026,ECE,7.75,87.6,71.6,0,Yes,2,4,"Git, SQL, Embedded C, Arduino",72.3,98.0,73.0,68.3,Placed,HCLTech,Network Engineer,5.53
STU20252040,Female,2026,EEE,9.15,82.6,85.1,0,Yes,3,2,"MATLAB, Embedded C, Python, C, IoT, AutoCAD",79.7,88.0,70.7,74.6,Placed,Siemens,Software Developer,7.23
STU20252041,Male,2024,IT,8.16,72.7,72.9,0,Yes,2,5,,78.9,81.1,89.1,87.0,Placed,Cognizant,Software Developer,7.23
STU20252042,Male,2027,Mechanical,7.83,88.0,74.5,0,No,2,1,"SolidWorks, C, C++, AutoCAD",83.9,80.4,54.8,87.3,Placed,Mahindra,Production Engineer,4.99
STU20252043,Male,2027,ECE,8.17,77.1,77.3,0,No,2,1,"Java, Embedded C, C, Arduino, MATLAB, C++",76.7,97.6,92.5,62.8,Not Placed,Not Placed,Not Placed,0.0
STU20252044,Male,2024,Civil,8.24,84.0,78.3,0,No,2,1,"GIS, AutoCAD, SQL, STAAD Pro, C",81.4,92.3,83.3,59.0,Placed,Shapoorji Pallonji,Site Engineer,6.17
STU20252045,Female,2024,Civil,7.89,73.4,69.8,1,No,3,2,"SQL, Revit, STAAD Pro, GIS, Python, AutoCAD",84.3,98.0,67.2,67.1,Not Placed,Not Placed,Not Placed,0.0
STU20252046,Female,2026,CSE,8.24,79.2,82.2,0,No,4,3,"C++, Java, SQL",83.5,91.4,52.3,56.0,Placed,Zoho,Data Analyst,7.88
STU20252047,Male,2026,IT,8.5,73.6,76.1,1,No,1,0,"Python, AWS, Node.js",76.1,84.6,73.1,84.0,Placed,TCS,Data Analyst,6.71
STU20252048,Male,2025,ECE,5.69,,74.2,5,No,1,1,"Java, Git, SQL, Python, C, C++",53.4,69.0,54.5,74.9,Not Placed,Not Placed,Not Placed,0.0
STU20252049,Male,2026,CSE,9.78,88.1,81.3,2,No,2,1,"C++, Python, Git, MongoDB, SQL, Java",90.1,84.4,58.5,69.0,Placed,Infosys,Software Developer,8.36
STU20252050,Male,2026,IT,9.25,77.7,84.1,0,No,1,2,"React, Git, AWS, Python, Java",84.7,91.3,69.6,82.4,Placed,Cognizant,Full Stack Developer,6.2
STU20252051,Female,2026,Civil,7.68,73.3,72.9,0,No,3,1,"AutoCAD, SQL, MATLAB, Primavera, Python, GIS",71.2,81.8,82.5,78.3,Placed,JLL,Site Engineer,5.93
STU20252052,Male,2024,CSE,6.8,77.5,67.8,0,No,3,0,"Git, DSA, SQL, Python, C++",81.4,72.8,67.1,80.7,Placed,Accenture,Software Developer,6.11
STU20252053,Male,2024,IT,8.93,74.5,,0,No,2,1,"MongoDB, Node.js, Java, Git, AWS",98.0,94.9,72.6,75.7,Placed,Deloitte,Data Analyst,6.12
STU20252054,Male,2025,Mechanical,6.96,64.8,70.3,0,No,3,0,"Python, C, ANSYS, C++, CATIA",79.6,79.8,47.5,86.0,Placed,Mahindra,Mechanical Engineer,3.53
STU20252055,Male,2027,IT,8.35,81.3,87.8,0,Yes,2,3,"Git, SQL, Java, React, DSA",88.4,98.0,71.0,56.6,Placed,Cognizant,Data Analyst,7.84
STU20252056,Male,2026,IT,6.81,74.3,73.9,3,Yes,2,0,,87.4,67.6,87.7,79.3,Placed,Zoho,Support Engineer,6.12
STU20252057,Female,2025,Civil,9.39,80.6,70.7,0,Yes,5,1,"SQL, Excel, MATLAB, GIS, Revit, C",95.6,91.6,78.0,91.9,Placed,Tata Projects,Graduate Engineer Trainee,6.52
STU20252058,Male,2027,IT,6.67,78.3,68.9,3,No,1,0,"JavaScript, Node.js, Git",83.1,56.3,62.0,65.2,Not Placed,Not Placed,Not Placed,0.0
STU20252059,Male,2025,CSE,8.06,82.8,69.8,0,Yes,4,0,"MongoDB, Git, SQL, C++",59.2,75.6,82.0,66.1,Placed,Zoho,Backend Developer,7.85
STU20252060,Male,2026,CSE,6.2,72.4,79.3,2,No,1,2,"MongoDB, C++, Git",61.5,82.0,81.3,64.6,Placed,Cognizant,Software Developer,5.84
STU20252061,Male,2024,Civil,7.46,68.8,80.6,1,No,1,0,"MATLAB, Revit, C, Excel",63.1,86.1,87.8,69.0,Not Placed,Not Placed,Not Placed,0.0
STU20252062,Male,2026,CSE,7.64,72.6,75.2,1,No,2,2,"JavaScript, DSA, MongoDB, SQL, C++",96.6,91.3,75.0,82.0,Not Placed,Not Placed,Not Placed,0.0
STU20252063,Male,2026,ECE,8.72,83.9,80.6,0,No,1,2,"IoT, C, Arduino, MATLAB, C++",90.2,98.0,53.5,69.1,Placed,L&T Technology Services,QA Engineer,4.97
STU20252064,Male,2027,CSE,7.64,78.1,75.0,2,No,3,2,"Python, C++, JavaScript, DSA, React",67.7,91.3,83.5,82.6,Placed,TCS,Web Developer,5.01
STU20252065,Male,2025,IT,8.87,76.3,85.0,0,Yes,3,3,"React, SQL, Python",76.6,94.7,70.4,78.8,Placed,Cognizant,Software Developer,6.39
STU20252066,Female,2025,Civil,6.63,69.1,76.5,0,No,1,0,"AutoCAD, GIS, Primavera",55.7,80.6,59.7,80.2,Not Placed,Not Placed,Not Placed,0.0
STU20252067,Female,2024,ECE,7.51,81.1,80.2,0,Yes,2,2,"Git, Python, SQL, C",83.0,76.2,57.4,73.6,Placed,Wipro,Software Developer,7.09
STU20252068,Female,2027,Civil,7.28,74.6,73.3,2,No,2,0,"Primavera, C, Revit, AutoCAD, SQL, Excel",80.2,62.2,76.2,66.1,Not Placed,Not Placed,Not Placed,0.0
STU20252069,Male,2024,CSE,8.42,84.3,73.3,0,No,3,3,"Python, DSA, Git",81.0,87.9,86.1,53.1,Placed,Capgemini,QA Engineer,5.53
STU20252070,Female,2026,ECE,8.06,84.3,81.4,2,No,2,2,"MATLAB, IoT, C, Arduino",71.3,83.8,63.6,39.8,Placed,HCLTech,Network Engineer,4.46
STU20252071,Male,2026,Mechanical,8.16,76.2,87.9,1,No,3,2,"SQL, MATLAB, Excel, C",84.4,89.7,81.0,64.3,Not Placed,Not Placed,Not Placed,0.0
STU20252072,Male,2024,IT,8.13,85.0,84.7,0,Yes,3,0,"AWS, DSA, SQL",98.0,76.5,86.8,42.7,Placed,Cognizant,Support Engineer,7.37
STU20252073,Male,2025,CSE,8.56,80.4,89.2,2,No,2,1,"Python, React, SQL, Node.js, JavaScript, MongoDB",79.7,81.1,79.0,67.9,Placed,Capgemini,Data Analyst,6.29
STU20252074,Male,2024,Mechanical,6.79,76.8,74.5,2,No,2,3,"AutoCAD, CATIA, C++, SolidWorks, ANSYS",89.2,90.1,67.2,76.9,Not Placed,Not Placed,Not Placed,0.0
STU20252075,Female,2026,IT,8.23,63.3,70.4,3,No,2,2,"Python, MongoDB, Git, Node.js, Java, JavaScript",79.0,75.3,70.9,69.3,Placed,Deloitte,Data Analyst,6.87
STU20252076,Male,2027,ECE,9.12,74.0,73.5,0,No,2,0,"C++, Embedded C, SQL, MATLAB",98.0,86.9,67.9,35.1,Placed,Bosch,Embedded Engineer,6.62
STU20252077,Male,2025,Civil,6.07,66.8,81.0,3,No,1,1,"STAAD Pro, AutoCAD, C, SQL, Excel, Revit",76.6,67.0,74.2,63.9,Not Placed,Not Placed,Not Placed,0.0
STU20252078,Female,2027,CSE,8.42,76.8,64.7,0,Yes,3,2,"React, SQL, C++, JavaScript, MongoDB",85.7,73.0,88.5,79.3,Placed,Cognizant,Software Developer,8.09
STU20252079,Male,2024,IT,8.48,80.0,88.4,3,Yes,3,2,"Node.js, MongoDB, JavaScript, Python, React, SQL",94.0,86.2,75.6,88.0,Placed,HCLTech,Data Analyst,7.47
STU20252080,Female,2025,CSE,9.24,82.2,74.4,0,No,4,0,"Python, MongoDB, Java",98.0,82.6,71.2,75.0,Placed,TCS,Software Developer,8.25
STU20252081,Female,2027,IT,8.52,81.3,91.5,0,No,3,0,"DSA, Node.js, React, SQL, JavaScript",87.4,82.3,80.5,68.7,Placed,Infosys,Support Engineer,5.49
STU20252082,Female,2027,CSE,8.09,73.4,76.3,0,No,2,1,"JavaScript, Git, Java, DSA",79.7,85.6,60.6,74.4,Placed,Capgemini,Software Developer,4.05
STU20252083,Female,2025,EEE,8.02,82.9,81.7,2,Yes,3,0,"C++, Arduino, C, MATLAB, IoT, SQL",92.1,62.2,88.4,94.9,Placed,Schneider Electric,Electrical Engineer,7.9
STU20252084,Male,2026,CSE,7.38,89.1,91.6,3,No,2,0,"JavaScript, Git, React",97.9,89.6,84.4,69.1,Placed,Wipro,Software Developer,5.53
STU20252085,Male,2027,EEE,7.32,73.8,72.5,0,No,2,0,"Java, C++, C, MATLAB",61.4,98.0,75.7,50.9,Not Placed,Not Placed,Not Placed,0.0
STU20252086,Female,2027,CSE,6.86,70.5,71.1,2,No,2,1,"C++, React, Java",60.6,69.2,61.9,63.1,Not Placed,Not Placed,Not Placed,0.0
STU20252087,Female,2026,IT,9.16,76.1,74.9,0,Yes,3,3,"DSA, Python, Node.js, JavaScript, Java, MongoDB",98.0,89.8,74.1,63.8,Placed,Cognizant,QA Engineer,8.73
STU20252088,Male,2024,IT,8.28,79.3,70.3,4,No,1,1,"Java, Git, MongoDB",73.9,76.0,50.5,54.8,Placed,Infosys,Data Analyst,5.77
STU20252089,Male,2024,EEE,6.87,71.5,71.2,3,No,1,3,"Python, MATLAB, AutoCAD",88.3,70.4,57.5,60.2,Not Placed,Not Placed,Not Placed,0.0
STU20252090,Male,2026,IT,8.13,66.2,73.1,1,Yes,3,0,"Java, React, Python",76.5,98.0,82.1,98.0,Placed,TCS,Software Developer,8.34
STU20252091,Male,2026,IT,8.89,70.0,70.3,1,Yes,3,1,"DSA, JavaScript, MongoDB, Node.js",82.8,87.2,65.5,60.5,Placed,Infosys,Data Analyst,8.01
STU20252092,Male,2025,Mechanical,8.39,86.1,76.2,0,Yes,2,3,"ANSYS, C++, AutoCAD, SQL, C",95.9,97.3,98.0,66.7,Placed,Tata Motors,Production Engineer,6.56
STU20252093,Female,2025,ECE,6.96,84.4,76.9,4,No,1,0,"IoT, Python, C, Embedded C, C++, MATLAB",82.6,87.4,61.4,98.0,Placed,Bosch,Software Developer,3.8
STU20252094,Female,2025,CSE,5.34,82.5,63.1,3,No,0,0,"Java, Python, SQL, C++, JavaScript",49.6,76.5,49.3,75.5,Not Placed,Not Placed,Not Placed,0.0
STU20252095,Male,2026,Civil,7.84,79.2,75.0,0,No,3,2,"Excel, Primavera, STAAD Pro, C",90.3,98.0,75.7,72.7,Not Placed,Not Placed,Not Placed,0.0
STU20252096,Male,2025,IT,7.15,68.9,84.2,1,No,2,0,"Git, Java, Node.js, Python, AWS, DSA",69.2,64.9,73.6,75.0,Placed,Infosys,Full Stack Developer,6.83
STU20252097,Male,2025,CSE,8.53,76.3,68.1,0,No,3,3,"Git, C++, Java, React, Node.js, JavaScript",91.8,98.0,91.9,70.8,Placed,Cognizant,Data Analyst,6.51
STU20252098,Male,2024,ECE,8.56,69.0,91.6,0,Yes,3,3,"C, Java, IoT, Git, C++",87.5,88.8,70.9,67.0,Placed,HCLTech,Software Developer,6.19
STU20252099,Male,2027,CSE,8.95,69.7,74.4,0,Yes,3,1,"React, DSA, Python, C++, SQL",86.7,98.0,64.3,76.4,Placed,Infosys,Backend Developer,9.37
STU20252100,Male,2026,CSE,9.48,83.5,,0,Yes,3,2,"React, MongoDB, JavaScript",84.0,86.4,70.3,79.1,Placed,TCS,Software Developer,7.9
STU20252101,Male,2024,EEE,8.7,83.5,87.4,0,Yes,4,0,"MATLAB, Java, IoT, AutoCAD",69.9,76.9,90.4,52.2,Placed,Siemens,Electrical Engineer,5.03
STU20252102,Male,2025,CSE,9.49,95.4,91.7,0,Yes,3,0,"Node.js, C++, JavaScript, Java",83.9,90.8,98.0,67.0,Placed,Cognizant,Data Analyst,6.3
STU20252103,Male,2025,Mechanical,8.72,79.2,81.8,0,No,3,3,"SQL, C, C++, SolidWorks, CATIA",95.9,98.0,67.1,48.1,Placed,Jindal Steel,Design Engineer,4.81
STU20252104,Male,2026,Civil,8.75,70.4,,0,Yes,3,4,"Primavera, AutoCAD, STAAD Pro, Python, MATLAB",93.2,77.1,73.1,61.7,Not Placed,Not Placed,Not Placed,0.0
STU20252105,Male,2026,ECE,7.72,76.4,70.4,1,Yes,3,1,"Embedded C, Java, Arduino, IoT",72.6,79.8,88.9,78.8,Placed,TCS,Network Engineer,6.3
STU20252106,Male,2026,EEE,6.55,72.4,68.7,3,No,2,1,"AutoCAD, MATLAB, C",87.5,65.5,75.8,63.3,Not Placed,Not Placed,Not Placed,0.0
STU20252107,Male,2026,EEE,9.76,79.0,94.6,0,No,3,0,"C++, AutoCAD, Embedded C, Python, C, Arduino",97.2,98.0,71.4,65.6,Placed,Siemens,Graduate Engineer Trainee,5.72
STU20252108,Male,2024,Civil,7.55,79.3,72.7,1,Yes,2,0,"MATLAB, STAAD Pro, GIS, C",86.7,73.8,54.8,39.8,Placed,Adani,Design Engineer,4.95
STU20252109,Male,2025,IT,8.94,,81.4,0,No,4,4,"JavaScript, Git, Node.js, Python, AWS, DSA",78.8,98.0,67.0,52.3,Placed,Accenture,Full Stack Developer,7.13
STU20252110,Male,2024,CSE,7.53,77.7,,0,Yes,4,3,"JavaScript, Git, Java, DSA, React",98.0,81.2,80.8,58.6,Placed,Tech Mahindra,Web Developer,6.44
STU20252111,Female,2025,ECE,8.57,84.0,70.0,0,Yes,4,4,"IoT, Java, MATLAB",95.3,98.0,54.5,51.9,Placed,Bosch,Network Engineer,7.04
STU20252112,Male,2025,ECE,5.67,82.1,70.5,4,Yes,0,0,"Git, SQL, C++, Python, C, Java",83.5,53.3,65.0,74.8,Not Placed,Not Placed,Not Placed,0.0
STU20252113,Male,2026,CSE,7.65,79.3,73.4,1,Yes,2,2,"C++, SQL, Node.js",72.4,82.9,65.5,73.5,Placed,Tech Mahindra,Backend Developer,7.0
STU20252114,Male,2024,ECE,7.67,84.5,73.9,0,No,2,2,"Java, C, C++",58.1,73.1,60.8,78.6,Placed,Infosys,QA Engineer,5.14
STU20252115,Female,2026,CSE,8.39,75.9,67.3,0,Yes,2,1,"JavaScript, Java, DSA, MongoDB",72.3,98.0,66.9,88.2,Placed,TCS,Backend Developer,6.17
STU20252116,Female,2025,Civil,8.41,76.9,77.2,0,No,1,1,"C, STAAD Pro, Python",93.8,95.0,84.7,85.5,Placed,Tata Projects,Graduate Engineer Trainee,5.63
STU20252117,Male,2025,CSE,7.07,85.1,84.9,1,Yes,2,2,"JavaScript, MongoDB, React, Java, Python",63.5,83.3,74.9,77.2,Placed,Deloitte,Data Analyst,5.72
STU20252118,Female,2026,CSE,8.56,69.8,72.1,0,Yes,3,0,"Git, C++, DSA",98.0,96.3,87.3,75.3,Placed,Accenture,Web Developer,7.82
STU20252119,Male,2024,CSE,9.04,77.8,85.7,0,Yes,4,1,"DSA, Java, Git, MongoDB, Node.js",83.3,86.9,65.2,76.4,Placed,Capgemini,QA Engineer,10.04
STU20252120,Male,2025,CSE,9.8,90.4,57.2,0,No,3,1,"React, SQL, Python, JavaScript, MongoDB",97.9,98.0,57.0,56.8,Placed,Tech Mahindra,Data Analyst,7.87
STU20252121,Male,2025,CSE,8.6,78.0,72.6,0,Yes,3,2,"MongoDB, React, Git, DSA, SQL",90.1,89.5,76.4,76.3,Placed,Cognizant,Software Developer,8.04
STU20252122,Male,2026,CSE,7.61,75.0,62.2,0,No,1,1,"Node.js, SQL, Java, React, C++, DSA",73.6,85.4,69.9,62.8,Placed,Wipro,Backend Developer,5.07
STU20252123,Female,2024,CSE,6.92,73.4,82.3,0,No,2,2,"Java, Python, JavaScript, SQL",72.7,81.6,61.0,54.2,Not Placed,Not Placed,Not Placed,0.0
STU20252124,Female,2027,CSE,9.55,82.7,86.9,0,Yes,4,3,"Python, JavaScript, Git, SQL, DSA, MongoDB",82.7,97.9,52.1,51.4,Placed,Zoho,Backend Developer,8.33
STU20252125,Male,2027,IT,8.53,86.9,70.8,1,Yes,4,0,"Python, Node.js, DSA",98.0,69.3,85.0,43.9,Placed,Wipro,Software Developer,8.03
STU20252126,Female,2027,IT,7.88,84.2,78.3,1,No,2,1,"Git, React, SQL, AWS",87.4,76.7,32.8,65.9,Placed,TCS,QA Engineer,4.76
STU20252127,Male,2025,IT,6.52,74.4,81.0,2,No,0,1,"JavaScript, Node.js, Git",49.9,91.5,75.0,60.8,Not Placed,Not Placed,Not Placed,0.0
STU20252128,Male,2026,IT,7.11,83.4,83.7,1,No,1,0,"DSA, MongoDB, SQL",58.5,74.6,76.7,60.0,Placed,Wipro,Software Developer,6.47
STU20252129,Female,2024,CSE,8.54,81.7,75.2,0,Yes,4,4,,95.8,88.3,81.6,59.1,Placed,Tech Mahindra,Backend Developer,8.11
STU20252130,Male,2027,CSE,8.3,84.8,61.9,1,Yes,1,5,"Java, C++, MongoDB, Git, React",80.6,92.3,72.0,66.2,Placed,Tech Mahindra,Data Analyst,7.39
STU20252131,Male,2026,CSE,6.35,66.7,65.9,2,No,1,0,"React, Java, SQL, Node.js",49.2,56.8,35.5,55.8,Not Placed,Not Placed,Not Placed,0.0
STU20252132,Male,2024,EEE,8.19,90.6,82.5,1,Yes,3,2,"Java, SQL, IoT, Python",98.0,83.5,51.5,74.1,Placed,L&T Technology Services,Graduate Engineer Trainee,5.27
STU20252133,Male,2025,Civil,6.17,75.0,86.4,2,No,3,1,"Python, MATLAB, GIS, Revit, C",41.6,78.0,53.4,77.8,Not Placed,Not Placed,Not Placed,0.0
STU20252134,Male,2027,Civil,8.65,60.4,78.0,1,Yes,3,1,"Python, STAAD Pro, Primavera, MATLAB",81.9,93.5,98.0,67.1,Placed,Tata Projects,Design Engineer,5.14
STU20252135,Male,2027,ECE,7.93,89.4,72.2,2,Yes,3,3,"MATLAB, Arduino, C, Python, Git, C++",84.1,92.4,83.8,86.1,Placed,Bosch,Software Developer,5.93
STU20252136,Male,2026,ECE,7.36,76.4,91.7,1,Yes,4,1,"Python, SQL, Arduino, C, Java, IoT",75.3,98.0,66.7,63.7,Placed,HCLTech,Network Engineer,6.24
STU20252137,Male,2026,IT,8.74,77.1,81.4,0,No,2,1,"JavaScript, Python, Node.js, AWS, Java, SQL",95.7,80.8,66.6,45.8,Placed,Cognizant,Software Developer,8.16
STU20252138,Male,2026,EEE,7.95,73.6,67.9,2,No,3,0,"AutoCAD, Python, C++, C, SQL",90.1,68.0,73.1,85.3,Placed,L&T Technology Services,Graduate Engineer Trainee,6.42
STU20252139,Female,2027,EEE,8.78,83.0,77.9,1,Yes,4,1,"C++, Python, AutoCAD",92.3,87.1,85.7,48.5,Placed,Siemens,Graduate Engineer Trainee,8.06
STU20252140,Male,2027,Mechanical,7.62,70.8,82.6,3,No,2,1,"CATIA, SolidWorks, Python",79.0,76.2,74.0,62.3,Not Placed,Not Placed,Not Placed,0.0
STU20252141,Male,2025,Mechanical,7.67,73.1,75.2,1,Yes,3,5,"AutoCAD, SQL, CATIA",89.0,93.5,52.2,82.4,Placed,Maruti Suzuki,Design Engineer,5.2
STU20252142,Female,2026,IT,7.66,73.3,81.2,0,Yes,2,5,"AWS, JavaScript, MongoDB, Node.js",77.5,87.2,88.9,87.9,Placed,Infosys,Support Engineer,5.66
STU20252143,Female,2027,EEE,7.87,75.6,65.0,1,No,4,1,"Python, Java, C, IoT, AutoCAD",67.9,87.6,77.4,67.0,Placed,TCS,Embedded Engineer,6.07
STU20252144,Male,2024,Mechanical,8.99,76.9,69.2,0,No,1,2,"SolidWorks, Python, C, ANSYS",95.8,90.3,69.0,62.1,Placed,Tata Motors,Mechanical Engineer,3.88
STU20252145,Female,2025,IT,7.47,82.6,70.0,0,No,2,0,"MongoDB, Node.js, DSA, JavaScript, SQL",98.0,88.0,74.1,94.2,Placed,Deloitte,Data Analyst,5.03
STU20252146,Female,2024,Civil,8.05,80.0,74.8,1,No,2,1,"SQL, Primavera, Excel, MATLAB, Revit",83.0,83.9,87.6,80.0,Placed,JLL,Design Engineer,7.23
STU20252147,Male,2025,CSE,7.25,78.9,76.9,2,No,2,1,"DSA, Java, MongoDB, JavaScript",79.2,82.1,73.6,81.9,Placed,Infosys,Backend Developer,6.73
STU20252148,Female,2027,Civil,5.74,76.6,75.0,3,No,2,1,"SQL, MATLAB, C, AutoCAD, Excel",70.0,90.3,68.3,74.7,Not Placed,Not Placed,Not Placed,0.0
STU20252149,Female,2024,EEE,7.83,76.9,93.4,1,Yes,2,2,"SQL, C++, Arduino",65.1,68.5,90.9,80.2,Placed,HCLTech,Software Developer,5.79
STU20252150,Male,2026,CSE,8.31,71.6,72.3,1,No,3,0,"DSA, Python, JavaScript, SQL",79.3,86.6,64.8,72.1,Placed,Cognizant,Web Developer,5.35
STU20252151,Male,2024,ECE,7.66,89.8,73.5,1,No,2,2,"MATLAB, C, Embedded C",89.6,82.9,57.8,67.4,Placed,Wipro,Embedded Engineer,6.31
STU20252152,Female,2027,CSE,6.73,81.3,68.2,3,Yes,3,0,"Java, DSA, C++, Node.js, MongoDB",80.9,77.4,60.8,50.8,Placed,Capgemini,Backend Developer,6.21
STU20252153,Female,2027,EEE,7.91,89.1,83.9,1,Yes,3,2,"IoT, AutoCAD, Embedded C, MATLAB, C++, Python",98.0,92.6,82.6,56.9,Placed,HCLTech,Software Developer,7.1
STU20252154,Male,2026,Mechanical,7.78,84.7,83.9,2,No,2,3,"Python, SolidWorks, AutoCAD, Excel",89.6,78.3,83.6,77.1,Not Placed,Not Placed,Not Placed,0.0
STU20252155,Female,2026,ECE,6.99,72.3,70.7,0,No,2,0,"SQL, Arduino, C, C++",71.8,71.0,70.1,83.4,Placed,Tech Mahindra,QA Engineer,4.72
STU20252156,Female,2024,Mechanical,6.4,57.6,86.7,1,Yes,1,1,"MATLAB, CATIA, Excel, AutoCAD, ANSYS, SolidWorks",79.4,81.6,54.6,75.2,Not Placed,Not Placed,Not Placed,0.0
STU20252157,Female,2027,CSE,7.79,68.9,71.1,1,Yes,4,1,"JavaScript, SQL, C++",83.4,84.1,94.3,59.8,Placed,Wipro,Web Developer,7.11
STU20252158,Female,2026,CSE,8.55,83.8,85.3,0,No,2,2,"Node.js, Java, React",64.8,78.9,59.1,71.4,Placed,TCS,Web Developer,6.42
STU20252159,Male,2024,IT,8.25,77.9,87.5,1,No,2,1,"React, SQL, Node.js",95.6,92.9,67.0,73.5,Placed,Zoho,Data Analyst,5.81
STU20252160,Male,2027,CSE,7.25,73.2,65.0,1,No,1,1,"C++, Node.js, DSA",81.6,84.8,59.8,46.1,Not Placed,Not Placed,Not Placed,0.0
STU20252161,Male,2024,IT,8.02,60.6,80.7,0,No,3,2,"Git, Python, Node.js, JavaScript, MongoDB, DSA",98.0,88.9,85.9,87.0,Placed,Wipro,Full Stack Developer,6.22
STU20252162,Male,2026,CSE,8.75,79.8,59.5,0,No,2,3,"MongoDB, SQL, Python, DSA",79.1,95.6,72.7,79.3,Placed,Wipro,Web Developer,7.26
STU20252163,Male,2024,IT,6.9,67.7,79.4,2,Yes,4,4,"DSA, Python, Java",90.1,92.8,89.0,60.2,Placed,Infosys,Full Stack Developer,8.22
STU20252164,Female,2026,IT,7.95,72.8,68.8,0,Yes,3,2,"Node.js, Java, SQL",75.2,86.0,82.2,72.0,Placed,HCLTech,Software Developer,4.82
STU20252165,Female,2024,Mechanical,8.69,85.7,82.4,0,Yes,3,4,"C, SQL, AutoCAD",77.4,97.7,62.7,69.0,Placed,L&T,Design Engineer,5.93
STU20252166,Male,2024,CSE,6.92,68.1,79.0,4,No,1,2,"MongoDB, React, DSA, C++, Node.js, Python",98.0,66.9,63.6,84.5,Placed,Infosys,Web Developer,6.06
STU20252167,Female,2025,Mechanical,8.53,72.8,85.9,2,No,2,1,"Excel, C, SQL, AutoCAD",59.7,84.3,67.2,62.2,Not Placed,Not Placed,Not Placed,0.0
STU20252168,Male,2027,IT,9.28,82.5,86.3,0,No,3,1,"React, JavaScript, MongoDB, Node.js, Git",90.2,98.0,95.1,54.6,Placed,Capgemini,Software Developer,7.87
STU20252169,Male,2025,IT,7.71,83.4,76.2,2,No,2,3,"Node.js, JavaScript, Git, React",98.0,98.0,81.8,67.6,Placed,Wipro,Data Analyst,5.55
STU20252170,Male,2026,ECE,7.46,73.8,72.5,1,No,2,1,"IoT, Arduino, Embedded C",60.5,82.2,49.2,56.4,Placed,TCS,QA Engineer,5.38
STU20252171,Male,2026,IT,8.78,90.2,78.2,3,Yes,2,3,"Python, Git, AWS, MongoDB",79.5,82.5,81.9,84.5,Placed,Capgemini,Software Developer,6.23
STU20252172,Male,2027,CSE,7.84,68.6,68.4,1,Yes,5,1,"Git, React, DSA",98.0,83.8,70.5,71.8,Placed,Deloitte,Software Developer,8.55
STU20252173,Female,2025,ECE,5.75,62.2,69.0,4,No,1,0,"SQL, IoT, C++",53.5,54.4,46.4,54.7,Not Placed,Not Placed,Not Placed,0.0
STU20252174,Male,2026,CSE,7.92,67.0,74.3,0,No,1,2,"Python, SQL, DSA",82.8,90.5,60.9,60.1,Placed,Infosys,Backend Developer,6.43
STU20252175,Male,2027,IT,8.3,67.2,71.9,1,No,1,1,"MongoDB, JavaScript, Python",71.2,84.1,70.4,63.3,Placed,Deloitte,QA Engineer,5.91
STU20252176,Male,2025,ECE,8.38,81.3,65.4,0,Yes,3,1,"Arduino, C, IoT, Embedded C",98.0,77.5,44.7,69.1,Placed,L&T Technology Services,Embedded Engineer,7.33
STU20252177,Male,2025,IT,7.15,69.0,65.4,1,No,4,0,"Python, Node.js, JavaScript",98.0,78.5,71.5,49.1,Placed,Infosys,Support Engineer,6.89
STU20252178,Female,2027,Mechanical,7.32,66.4,52.7,1,No,2,0,"AutoCAD, SolidWorks, Python, C++, CATIA, ANSYS",72.6,85.3,70.4,54.8,Not Placed,Not Placed,Not Placed,0.0
STU20252179,Female,2025,CSE,8.83,82.7,76.7,0,Yes,3,1,"SQL, Java, MongoDB, DSA, JavaScript, Node.js",53.9,89.8,72.0,76.0,Placed,Accenture,Software Developer,4.91
STU20252180,Male,2025,Civil,7.45,82.4,77.6,0,No,3,0,"GIS, SQL, Primavera, Excel",87.6,73.5,70.3,84.1,Not Placed,Not Placed,Not Placed,0.0
STU20252181,Male,2025,Mechanical,6.25,81.0,53.1,1,No,2,0,"Python, SolidWorks, CATIA, MATLAB, ANSYS, C",85.2,83.1,62.1,62.6,Not Placed,Not Placed,Not Placed,0.0
STU20252182,Male,2027,Civil,8.55,85.5,79.7,0,Yes,4,1,"GIS, C, Python, Revit, Excel, MATLAB",95.8,92.9,59.6,73.9,Placed,JLL,Civil Engineer,7.5
STU20252183,Female,2027,Mechanical,7.37,70.0,74.0,2,No,2,0,"SolidWorks, Excel, SQL, ANSYS, MATLAB, C",83.3,70.9,61.2,96.8,Not Placed,Not Placed,Not Placed,0.0
STU20252184,Male,2026,CSE,8.93,82.3,70.9,0,No,2,2,"Git, MongoDB, React, DSA, Node.js, C++",89.5,90.6,65.6,71.7,Placed,Infosys,Software Developer,7.54
STU20252185,Male,2026,ECE,6.56,77.9,69.7,2,No,1,1,"C, Python, Arduino, MATLAB, Java",67.9,53.8,74.4,45.4,Not Placed,Not Placed,Not Placed,0.0
STU20252186,Male,2025,CSE,7.9,74.4,83.7,2,No,1,3,"SQL, Java, React, MongoDB, Python, Node.js",69.5,88.3,57.7,75.5,Placed,Wipro,QA Engineer,7.21
STU20252187,Male,2024,Mechanical,7.98,79.1,69.7,2,No,2,3,"AutoCAD, SQL, CATIA, C, ANSYS, SolidWorks",82.0,98.0,64.7,71.3,Placed,Maruti Suzuki,Graduate Engineer Trainee,5.82
STU20252188,Male,2024,ECE,7.68,68.4,76.3,1,No,2,0,"Python, Arduino, C++, C",77.1,91.0,71.1,63.5,Placed,HCLTech,Network Engineer,3.1
STU20252189,Male,2024,CSE,6.99,71.1,76.3,3,No,1,1,"C++, DSA, React",82.2,75.4,48.1,55.2,Not Placed,Not Placed,Not Placed,0.0
STU20252190,Male,2024,Civil,5.47,74.3,64.0,1,No,1,0,"Python, C, AutoCAD",56.1,70.0,56.0,78.6,Not Placed,Not Placed,Not Placed,0.0
STU20252191,Male,2026,CSE,9.29,91.8,87.1,1,No,2,1,"DSA, Node.js, Python, C++",82.7,95.5,77.5,36.2,Placed,Tech Mahindra,Data Analyst,6.35
STU20252192,Male,2024,ECE,7.96,86.0,79.3,0,No,2,1,"IoT, Embedded C, C++, Git, Python",82.2,89.5,73.8,63.6,Placed,HCLTech,Network Engineer,8.07
STU20252193,Male,2024,EEE,8.64,84.2,76.6,0,Yes,3,0,"C, Arduino, C++, SQL",77.9,85.2,79.0,68.5,Placed,HCLTech,Graduate Engineer Trainee,6.96
STU20252194,Male,2025,CSE,8.79,80.5,95.3,0,No,3,0,"React, JavaScript, MongoDB, Java, C++, Git",71.0,65.3,65.1,60.3,Placed,Zoho,Software Developer,7.74
STU20252195,Female,2025,ECE,8.26,78.1,84.4,0,Yes,3,4,"Java, Arduino, MATLAB, SQL, Git, Embedded C",92.8,88.9,58.7,71.5,Placed,Infosys,Network Engineer,7.74
STU20252196,Female,2024,Mechanical,7.28,66.1,62.9,2,Yes,1,1,"MATLAB, SQL, C++, SolidWorks, CATIA, AutoCAD",59.5,72.5,62.9,57.8,Not Placed,Not Placed,Not Placed,0.0
STU20252197,Male,2024,CSE,8.42,73.2,75.0,0,Yes,3,1,"JavaScript, Python, C++, Node.js, Git, SQL",88.1,86.2,76.1,79.4,Placed,Zoho,Data Analyst,7.82
STU20252198,Female,2025,ECE,8.97,74.8,96.5,0,No,3,0,"Embedded C, Python, IoT, Git, SQL",95.0,80.5,72.0,98.0,Placed,L&T Technology Services,QA Engineer,5.76
STU20252199,Female,2026,CSE,8.07,82.2,69.9,1,Yes,3,1,"Java, C++, MongoDB",98.0,91.5,57.6,61.9,Placed,TCS,Software Developer,6.43
STU20252200,Female,2026,EEE,9.27,87.8,80.5,1,Yes,4,4,"Java, C, Arduino, C++, AutoCAD, MATLAB",98.0,98.0,98.0,77.8,Placed,Schneider Electric,Embedded Engineer,8.4
STU20252201,Male,2027,CSE,6.73,80.0,81.8,3,No,2,0,"Python, DSA, C++, JavaScript",90.7,85.0,56.5,70.7,Placed,Capgemini,Data Analyst,5.93
STU20252202,Male,2026,Civil,6.13,81.6,76.1,5,No,1,1,"Revit, GIS, MATLAB",60.9,72.0,47.1,71.3,Not Placed,Not Placed,Not Placed,0.0
STU20252203,Male,2026,Mechanical,8.39,79.5,83.2,0,Yes,3,2,"MATLAB, Excel, C, ANSYS, C++",82.1,98.0,64.4,67.3,Placed,Bosch,Design Engineer,6.35
STU20252204,Female,2027,CSE,7.3,69.4,79.9,4,Yes,3,3,"React, Git, Java, Node.js",83.8,95.0,80.4,73.0,Placed,Capgemini,Backend Developer,6.02
STU20252205,Male,2026,IT,9.64,81.8,81.2,0,No,3,3,"DSA, Node.js, React",91.2,98.0,86.0,71.5,Placed,Zoho,Data Analyst,8.02
STU20252206,Male,2026,ECE,8.89,75.2,,0,Yes,3,3,"IoT, MATLAB, SQL",90.0,87.8,98.0,82.6,Placed,HCLTech,Embedded Engineer,7.31
STU20252207,Male,2025,EEE,9.0,85.1,82.3,0,Yes,4,1,"Arduino, C++, Embedded C, MATLAB",98.0,90.1,62.8,81.7,Placed,Siemens,Software Developer,6.45
STU20252208,Male,2025,IT,8.65,77.1,75.5,0,No,2,1,"JavaScript, Python, Node.js, React",86.0,92.7,70.7,84.4,Placed,Deloitte,Full Stack Developer,5.66
STU20252209,Male,2025,CSE,7.22,75.4,71.1,1,No,1,2,"DSA, SQL, Node.js, React, MongoDB",85.8,98.0,82.0,60.1,Placed,Wipro,QA Engineer,6.65
STU20252210,Male,2024,CSE,6.59,79.3,83.2,3,No,2,0,"Java, Git, JavaScript",60.5,88.9,52.7,71.2,Not Placed,Not Placed,Not Placed,0.0
STU20252211,Male,2027,Civil,8.77,74.7,76.0,0,No,2,0,"SQL, Revit, AutoCAD, Python, GIS, Primavera",90.8,91.3,90.2,67.1,Not Placed,Not Placed,Not Placed,0.0
STU20252212,Female,2024,IT,6.63,81.3,84.8,2,No,3,0,"Java, React, DSA, MongoDB, Git",56.7,77.8,67.0,79.2,Placed,Deloitte,Support Engineer,6.33
STU20252213,Male,2026,Mechanical,8.9,70.8,80.8,0,No,2,1,"ANSYS, C, Python",98.0,95.7,65.2,50.2,Placed,L&T,Graduate Engineer Trainee,5.83
STU20252214,Male,2027,ECE,8.32,80.9,76.3,1,No,2,0,"Python, Arduino, SQL, Java, C",80.5,88.5,51.0,82.1,Placed,Infosys,QA Engineer,5.52
STU20252215,Female,2026,Civil,7.44,76.0,62.4,5,No,2,0,"Python, MATLAB, Primavera, GIS",61.7,94.1,76.5,72.8,Not Placed,Not Placed,Not Placed,0.0
STU20252216,Male,2024,CSE,8.38,84.7,92.5,0,Yes,3,3,"React, Node.js, Git, C++, DSA",82.1,80.0,92.7,87.4,Placed,Deloitte,QA Engineer,8.34
STU20252217,Female,2025,CSE,8.4,69.4,77.6,0,Yes,3,2,"MongoDB, Node.js, React, Git, SQL, DSA",91.3,89.4,78.0,73.6,Placed,Cognizant,Software Developer,8.39
STU20252218,Female,2025,Civil,7.33,65.6,58.9,0,Yes,3,1,"Excel, AutoCAD, Revit, SQL, C",65.4,89.3,74.5,70.8,Placed,JLL,Design Engineer,6.46
STU20252219,Male,2027,Civil,8.71,85.0,85.4,0,No,2,2,"AutoCAD, Revit, MATLAB, Primavera, C",74.1,98.0,78.3,61.1,Placed,L&T,Graduate Engineer Trainee,5.03
STU20252220,Male,2026,IT,9.08,78.0,79.2,0,No,4,2,"React, Git, Java, DSA",86.7,98.0,88.3,64.1,Placed,HCLTech,QA Engineer,6.35
STU20252221,Male,2026,IT,8.03,77.4,70.2,0,No,1,1,"MongoDB, AWS, Java, Python, SQL, React",88.7,67.7,88.1,44.6,Placed,HCLTech,QA Engineer,5.35
STU20252222,Male,2026,IT,7.39,71.9,81.5,1,No,1,1,"SQL, Python, Git",51.4,71.9,32.1,67.0,Not Placed,Not Placed,Not Placed,0.0
STU20252223,Male,2026,IT,9.01,86.9,61.5,0,Yes,3,1,"Python, SQL, AWS, Java, MongoDB",94.1,89.5,71.9,66.6,Placed,Deloitte,QA Engineer,6.97
STU20252224,Male,2026,CSE,6.28,75.8,67.0,1,No,1,1,"SQL, Java, JavaScript",66.9,61.1,57.1,70.1,Not Placed,Not Placed,Not Placed,0.0
STU20252225,Male,2024,Mechanical,7.93,79.5,74.3,1,Yes,2,4,"CATIA, ANSYS, SQL",93.6,98.0,74.2,64.5,Placed,Jindal Steel,Production Engineer,5.4
STU20252226,Male,2025,CSE,8.63,71.4,84.3,1,No,2,0,"React, MongoDB, DSA, Node.js, Java",89.0,86.0,69.4,73.2,Placed,Tech Mahindra,Web Developer,7.11
STU20252227,Male,2024,EEE,6.95,78.9,89.4,1,No,1,0,"AutoCAD, MATLAB, C++, Python",89.6,86.6,73.6,67.4,Not Placed,Not Placed,Not Placed,0.0
STU20252228,Male,2026,CSE,8.83,73.1,77.1,1,Yes,4,1,"Java, C++, DSA, Git, React, Node.js",95.2,89.0,79.7,51.0,Placed,Cognizant,QA Engineer,7.11
STU20252229,Male,2027,CSE,7.98,73.3,79.8,1,No,2,0,"JavaScript, Git, SQL, Node.js",66.4,85.6,47.0,69.5,Placed,Tech Mahindra,Web Developer,6.45
STU20252230,Female,2026,ECE,7.29,66.7,93.9,0,No,1,0,"Python, MATLAB, Embedded C, C, Arduino",80.2,62.9,40.9,78.8,Not Placed,Not Placed,Not Placed,0.0
STU20252231,Male,2026,IT,8.72,78.7,78.6,0,Yes,3,1,"DSA, JavaScript, Node.js, React, AWS, SQL",93.1,78.1,84.7,83.7,Placed,Wipro,QA Engineer,8.55
STU20252232,Male,2027,ECE,6.83,82.5,76.7,1,No,3,0,"SQL, C, Python, Arduino, MATLAB",69.3,66.9,56.5,58.3,Placed,Bosch,QA Engineer,5.76
STU20252233,Male,2024,CSE,8.74,81.4,69.9,0,No,4,1,"Node.js, Java, React, MongoDB, DSA",83.2,73.2,97.3,50.9,Placed,TCS,Backend Developer,7.24
STU20252234,Male,2024,Civil,5.82,69.5,84.4,3,No,1,0,"SQL, Primavera, STAAD Pro, C, Python",38.7,79.5,74.4,82.0,Not Placed,Not Placed,Not Placed,0.0
STU20252235,Male,2027,EEE,7.89,78.5,71.3,0,No,3,2,"IoT, C++, Arduino, MATLAB, C, Java",91.7,86.4,48.3,73.9,Not Placed,Not Placed,Not Placed,0.0
STU20252236,Female,2027,Mechanical,7.59,77.7,77.4,1,No,2,3,"SQL, C++, Python",77.2,96.1,60.0,57.3,Placed,Maruti Suzuki,Mechanical Engineer,4.54
STU20252237,Male,2026,CSE,7.54,77.3,77.0,2,Yes,4,2,"MongoDB, Java, JavaScript, SQL",76.7,85.2,73.3,62.9,Placed,Capgemini,QA Engineer,7.69
STU20252238,Male,2025,IT,8.23,79.8,77.8,3,No,3,1,"Python, React, AWS, Git, Java, JavaScript",72.4,97.5,67.1,69.3,Placed,Infosys,Software Developer,7.13
STU20252239,Male,2027,IT,7.83,70.3,73.1,0,Yes,2,3,"Python, Git, Java, AWS, MongoDB",74.0,96.3,69.1,83.3,Placed,Cognizant,QA Engineer,5.29
STU20252240,Female,2027,ECE,8.65,80.4,80.0,0,No,4,2,"C++, Arduino, SQL",94.3,90.6,60.2,64.9,Placed,Bosch,Software Developer,4.89
STU20252241,Male,2026,IT,8.38,66.7,89.9,0,Yes,2,1,"DSA, React, JavaScript",84.9,87.5,78.0,55.0,Placed,Accenture,QA Engineer,7.79
STU20252242,Male,2025,CSE,8.38,83.0,93.6,0,Yes,3,2,"Git, MongoDB, Python, DSA",81.2,92.5,73.8,50.1,Placed,Capgemini,Data Analyst,8.19
STU20252243,Female,2026,IT,8.15,70.7,75.8,1,Yes,4,3,"AWS, React, Python",71.8,98.0,82.4,63.1,Placed,Zoho,Software Developer,9.51
STU20252244,Female,2027,CSE,7.6,85.2,72.4,2,Yes,3,1,"DSA, MongoDB, Git, C++, SQL",77.1,82.8,69.8,62.9,Placed,TCS,Data Analyst,6.3
STU20252245,Male,2027,IT,7.64,60.0,,0,No,1,1,"SQL, Python, AWS, DSA",66.4,83.9,62.4,55.5,Placed,Capgemini,QA Engineer,5.01
STU20252246,Female,2026,CSE,8.21,90.2,96.0,1,Yes,2,1,"DSA, MongoDB, Java, React, Node.js",79.1,69.9,74.6,89.9,Placed,Zoho,Backend Developer,6.96
STU20252247,Female,2026,CSE,7.85,66.2,77.1,0,No,1,0,"SQL, C++, MongoDB, Java",84.8,70.5,76.1,50.1,Placed,Deloitte,Backend Developer,6.2
STU20252248,Male,2026,ECE,8.69,71.3,86.3,1,No,4,1,"IoT, Arduino, Python, C++, Embedded C, MATLAB",82.6,82.7,74.8,60.0,Placed,TCS,Software Developer,5.74
STU20252249,Female,2026,IT,7.98,80.0,81.4,0,Yes,2,0,"Python, JavaScript, Git",98.0,86.7,87.9,98.0,Placed,Cognizant,Data Analyst,5.92
STU20252250,Male,2025,IT,8.22,82.9,92.7,0,Yes,4,2,"DSA, AWS, Git, SQL",79.8,82.7,58.8,63.3,Placed,Accenture,Software Developer,8.24
STU20252251,Male,2024,ECE,6.56,72.4,71.0,0,No,0,1,"Java, Embedded C, C++, IoT, SQL, Arduino",47.8,74.5,78.1,68.8,Placed,Wipro,QA Engineer,3.87
STU20252252,Male,2024,EEE,8.45,85.4,70.1,2,No,5,2,"C, SQL, Arduino",87.6,90.7,57.9,85.9,Placed,Schneider Electric,Graduate Engineer Trainee,6.24
STU20252253,Female,2027,IT,7.41,70.9,88.0,0,Yes,1,2,"Node.js, MongoDB, Git, AWS, SQL, JavaScript",67.8,81.2,78.1,71.5,Placed,Deloitte,QA Engineer,5.45
STU20252254,Male,2024,ECE,6.86,72.4,79.8,3,No,2,0,"Arduino, Python, MATLAB, Embedded C",98.0,84.6,40.7,73.6,Not Placed,Not Placed,Not Placed,0.0
STU20252255,Male,2024,Civil,8.9,78.1,82.2,0,No,4,2,"Python, Primavera, GIS, SQL, Excel, C",84.5,94.7,71.7,60.9,Placed,L&T,Graduate Engineer Trainee,5.54
STU20252256,Male,2027,ECE,8.34,75.1,88.3,0,No,2,2,"MATLAB, Git, C, Arduino",63.9,84.8,85.8,58.5,Placed,Wipro,Embedded Engineer,7.01
STU20252257,Male,2026,Civil,8.33,65.3,81.1,0,No,3,0,"Excel, MATLAB, GIS, AutoCAD, C, Revit",84.6,88.8,67.9,49.7,Placed,Adani,Design Engineer,5.34
STU20252258,Female,2024,Mechanical,7.94,77.7,87.4,1,Yes,2,0,"C, C++, AutoCAD, Python",77.7,97.5,70.4,70.4,Placed,Bosch,Mechanical Engineer,3.67
STU20252259,Female,2025,CSE,7.92,77.0,78.1,2,Yes,3,1,"SQL, C++, Git, Node.js, MongoDB, React",68.1,85.2,75.1,77.5,Placed,Zoho,Backend Developer,8.0
STU20252260,Male,2027,IT,7.66,84.7,82.0,1,No,3,0,"DSA, React, Python, JavaScript, SQL, Node.js",85.1,68.6,40.3,92.2,Placed,Deloitte,Support Engineer,6.16
STU20252261,Female,2025,EEE,8.31,69.8,81.1,2,Yes,3,0,"Arduino, MATLAB, Embedded C, IoT, C++, SQL",90.8,70.9,76.9,66.5,Not Placed,Not Placed,Not Placed,0.0
STU20252262,Female,2025,Civil,8.46,74.7,75.6,3,No,4,5,"Revit, Python, GIS, AutoCAD, Excel",88.3,93.5,61.2,83.3,Not Placed,Not Placed,Not Placed,0.0
STU20252263,Male,2025,IT,7.84,86.0,74.7,1,Yes,3,1,"Java, Git, AWS, JavaScript, Python, MongoDB",78.5,72.3,83.4,84.2,Placed,Cognizant,Data Analyst,7.14
STU20252264,Male,2024,CSE,9.76,84.5,78.6,0,Yes,5,3,"Python, DSA, SQL, React, Git",91.9,76.4,77.4,64.1,Placed,Cognizant,Backend Developer,9.44
STU20252265,Male,2026,ECE,7.58,80.8,77.3,0,No,1,1,"C++, Embedded C, Java",67.9,76.5,73.5,69.3,Placed,Tech Mahindra,Software Developer,4.68
STU20252266,Male,2024,CSE,6.82,78.2,70.2,2,No,1,2,"JavaScript, React, SQL, Java, C++, Git",56.2,81.4,51.4,69.5,Not Placed,Not Placed,Not Placed,0.0
STU20252267,Male,2026,EEE,6.19,76.7,74.8,2,No,1,1,"Python, Arduino, C++, AutoCAD, MATLAB",86.3,86.3,74.7,52.4,Not Placed,Not Placed,Not Placed,0.0
STU20252268,Male,2024,ECE,6.32,86.5,74.9,1,Yes,1,1,"Java, Arduino, IoT",98.0,72.9,64.4,70.0,Placed,L&T Technology Services,Software Developer,3.9
STU20252269,Female,2024,EEE,7.3,76.9,,1,No,3,1,"C, IoT, Arduino, Embedded C, Java, Python",66.7,84.1,49.0,58.9,Not Placed,Not Placed,Not Placed,0.0
STU20252270,Male,2024,Mechanical,7.35,69.3,76.4,3,No,2,0,"AutoCAD, ANSYS, Excel",69.5,82.9,62.1,66.2,Not Placed,Not Placed,Not Placed,0.0
STU20252271,Female,2027,ECE,8.33,83.3,73.5,0,No,1,1,"Java, C++, IoT, Python, C",66.2,84.0,81.4,67.0,Placed,L&T Technology Services,Network Engineer,4.96
STU20252272,Female,2024,ECE,7.73,73.4,73.9,0,No,1,0,"IoT, C++, C, Java, Python, Git",86.8,71.5,72.0,68.4,Not Placed,Not Placed,Not Placed,0.0
STU20252273,Male,2025,EEE,8.37,78.2,65.9,0,Yes,2,0,"IoT, Java, AutoCAD, MATLAB, Arduino",69.7,98.0,82.0,65.7,Placed,TCS,Embedded Engineer,5.96
STU20252274,Male,2024,Mechanical,7.59,79.6,74.7,2,No,3,1,"C++, Python, SQL, ANSYS, Excel",88.8,72.6,64.9,56.3,Not Placed,Not Placed,Not Placed,0.0
STU20252275,Female,2026,Mechanical,7.56,71.2,68.5,1,No,2,2,"AutoCAD, Python, C, Excel",82.9,87.0,85.3,47.7,Placed,L&T,Mechanical Engineer,3.87
STU20252276,Female,2025,CSE,7.51,73.2,76.0,1,No,2,1,"DSA, Python, JavaScript, MongoDB",75.7,72.8,87.7,80.1,Placed,Cognizant,Web Developer,6.32
STU20252277,Male,2027,ECE,8.96,83.7,74.2,0,No,2,0,"Arduino, SQL, Java, Python, IoT",98.0,86.9,52.3,69.2,Not Placed,Not Placed,Not Placed,0.0
STU20252278,Male,2026,CSE,6.7,70.9,58.7,0,No,1,0,"Git, Node.js, MongoDB",66.8,77.1,73.8,81.2,Placed,Cognizant,Web Developer,4.59
STU20252279,Male,2026,Mechanical,7.81,84.3,91.9,1,No,4,1,"SolidWorks, AutoCAD, Excel, ANSYS, C++, CATIA",84.1,83.0,90.2,67.1,Placed,Jindal Steel,Design Engineer,6.28
STU20252280,Female,2026,ECE,7.6,70.1,73.9,1,No,2,3,"Embedded C, C, C++, SQL, Java",63.4,72.9,75.9,68.7,Placed,Tech Mahindra,Embedded Engineer,4.73
STU20252281,Female,2024,IT,8.56,72.5,88.2,0,Yes,4,1,,58.5,85.3,73.0,69.7,Placed,Infosys,Data Analyst,8.47
STU20252282,Male,2027,CSE,7.98,91.3,72.9,2,No,2,3,"DSA, React, Node.js, Git",92.6,98.0,54.0,64.5,Not Placed,Not Placed,Not Placed,0.0
STU20252283,Male,2027,IT,7.91,67.1,88.2,1,Yes,4,3,"AWS, Node.js, Python",77.1,74.5,66.9,75.8,Placed,Accenture,Software Developer,7.51
STU20252284,Male,2025,EEE,7.42,76.4,67.0,1,Yes,1,2,"Embedded C, Python, C, IoT, SQL, AutoCAD",88.5,96.9,62.4,69.3,Placed,Wipro,Graduate Engineer Trainee,5.59
STU20252285,Female,2026,CSE,9.18,93.9,81.0,0,No,4,1,"JavaScript, Node.js, DSA, React, Java",86.7,92.8,87.5,80.5,Placed,Capgemini,Software Developer,8.24
STU20252286,Female,2024,CSE,8.0,77.8,69.0,0,No,2,1,"React, Java, Git, DSA, Node.js",78.7,90.1,84.2,85.6,Placed,Cognizant,Backend Developer,6.62
STU20252287,Female,2026,Mechanical,9.22,90.5,98.0,0,No,5,2,"MATLAB, Excel, AutoCAD, C++",96.1,85.1,74.0,84.6,Placed,Jindal Steel,Mechanical Engineer,5.86
STU20252288,Male,2027,EEE,7.88,82.3,74.5,1,No,3,2,"AutoCAD, MATLAB, Embedded C, Java",75.4,84.4,58.5,87.5,Placed,HCLTech,Graduate Engineer Trainee,5.4
STU20252289,Male,2027,CSE,8.02,78.0,82.5,1,No,1,2,"Python, Git, DSA",58.2,76.9,43.7,55.2,Not Placed,Not Placed,Not Placed,0.0
STU20252290,Male,2025,IT,7.78,76.5,79.2,1,No,1,3,"Git, MongoDB, AWS, JavaScript",65.9,87.4,78.1,83.4,Placed,Cognizant,Data Analyst,5.5
STU20252291,Male,2026,Civil,7.98,63.1,76.4,2,No,3,1,"SQL, AutoCAD, Primavera, MATLAB, Excel, C",71.0,73.5,77.8,70.0,Placed,Shapoorji Pallonji,Graduate Engineer Trainee,6.51
STU20252292,Male,2026,EEE,7.15,73.6,77.9,2,Yes,3,1,"Embedded C, Arduino, SQL, C, AutoCAD, Python",77.8,74.0,40.7,74.2,Placed,Schneider Electric,Software Developer,3.05
STU20252293,Female,2025,ECE,7.87,79.3,85.8,0,Yes,3,3,"C, Arduino, Git",95.3,98.0,77.5,64.4,Placed,Wipro,Embedded Engineer,6.58
STU20252294,Male,2026,IT,7.91,79.4,,2,Yes,3,2,"SQL, React, Git, Python, DSA",73.3,92.5,82.3,68.5,Placed,Capgemini,Full Stack Developer,7.04
STU20252295,Male,2026,IT,8.18,95.7,78.2,0,No,2,1,"React, Git, MongoDB",79.7,87.7,36.2,42.5,Placed,Infosys,Support Engineer,6.42
STU20252296,Female,2027,CSE,8.3,80.7,81.0,0,Yes,4,0,"JavaScript, Git, SQL, C++, Java, Node.js",89.4,89.1,59.4,79.7,Placed,TCS,Web Developer,6.4
STU20252297,Female,2027,EEE,7.99,82.4,90.0,0,Yes,2,2,"AutoCAD, C, Python, Embedded C, IoT, Arduino",70.4,98.0,98.0,70.5,Placed,TCS,Electrical Engineer,5.2
STU20252298,Male,2024,CSE,8.08,86.4,73.9,1,Yes,3,5,"Java, SQL, C++",87.5,91.6,72.6,66.8,Placed,Deloitte,Software Developer,7.61
STU20252299,Female,2024,CSE,9.33,85.1,67.2,0,Yes,3,0,"Python, DSA, Node.js, JavaScript",98.0,98.0,98.0,89.0,Placed,Capgemini,Web Developer,8.32
STU20252300,Male,2024,EEE,8.01,77.4,69.0,0,No,2,3,"SQL, Embedded C, MATLAB, Python, Java",84.8,63.4,74.6,69.1,Not Placed,Not Placed,Not Placed,0.0
STU20252301,Male,2024,Civil,9.72,81.7,74.1,0,Yes,3,2,"Revit, GIS, STAAD Pro, AutoCAD, Excel",90.5,93.9,92.9,61.9,Placed,Tata Projects,Design Engineer,7.32
STU20252302,Male,2025,EEE,7.69,74.8,69.6,1,No,1,2,"Python, Java, Arduino, C, AutoCAD, C++",65.9,78.9,66.5,68.8,Not Placed,Not Placed,Not Placed,0.0
STU20252303,Female,2027,IT,8.72,82.9,72.6,1,No,3,1,"DSA, JavaScript, MongoDB, SQL",84.7,82.9,65.9,89.6,Placed,Cognizant,Software Developer,7.16
STU20252304,Male,2025,ECE,7.13,74.6,74.1,3,No,0,1,"Embedded C, SQL, C++",61.6,83.0,47.5,67.4,Not Placed,Not Placed,Not Placed,0.0
STU20252305,Male,2026,IT,9.09,85.1,81.3,0,Yes,4,2,"Node.js, SQL, Java, AWS",83.4,92.1,83.1,82.7,Placed,Deloitte,Full Stack Developer,8.32
STU20252306,Male,2025,IT,7.3,69.2,76.4,0,No,1,1,"React, Node.js, Java",72.5,76.4,57.9,60.3,Not Placed,Not Placed,Not Placed,0.0
STU20252307,Male,2025,ECE,8.14,79.4,71.9,2,No,2,2,"Embedded C, SQL, Python, C++, Arduino, C",78.2,77.9,59.9,74.9,Placed,HCLTech,Software Developer,5.8
STU20252308,Female,2027,IT,7.68,88.1,82.7,1,Yes,2,4,"MongoDB, DSA, Node.js, JavaScript, React",90.8,83.5,50.2,75.5,Placed,Infosys,Support Engineer,7.05
STU20252309,Male,2026,ECE,8.13,76.8,80.7,1,Yes,2,1,"Python, Embedded C, IoT, Java",73.6,63.6,72.8,73.0,Placed,Infosys,Embedded Engineer,6.13
STU20252310,Male,2025,Mechanical,7.35,89.3,85.9,0,No,3,2,"SQL, C, Python, SolidWorks",83.9,80.1,79.1,63.1,Not Placed,Not Placed,Not Placed,0.0
STU20252311,Male,2027,Civil,6.83,76.2,79.4,1,No,1,0,"STAAD Pro, C, MATLAB, Python, GIS",66.1,59.5,64.1,65.6,Not Placed,Not Placed,Not Placed,0.0
STU20252312,Male,2026,CSE,7.77,77.0,73.5,1,Yes,3,1,"Java, SQL, JavaScript, C++",70.4,98.0,66.7,50.4,Placed,Accenture,Backend Developer,5.41
STU20252313,Male,2024,IT,9.21,81.8,89.0,1,No,4,1,"JavaScript, Java, AWS, MongoDB",98.0,98.0,96.6,49.6,Placed,Wipro,Full Stack Developer,7.36
STU20252314,Male,2026,CSE,8.4,76.8,79.6,2,No,2,0,"React, MongoDB, Python, Java, Git, SQL",87.0,92.1,52.5,50.3,Placed,Deloitte,QA Engineer,6.92
STU20252315,Male,2026,IT,6.8,61.1,78.9,0,Yes,1,1,"AWS, DSA, Git",64.3,62.3,90.6,54.7,Placed,Accenture,Support Engineer,6.31
STU20252316,Male,2025,IT,8.83,86.2,83.9,0,Yes,2,3,"SQL, Python, Node.js, MongoDB",46.6,98.0,57.7,69.6,Placed,Wipro,Support Engineer,8.07
STU20252317,Female,2027,CSE,7.24,91.4,73.7,3,No,3,1,"Java, SQL, MongoDB, DSA, JavaScript, Node.js",92.1,74.0,67.3,62.9,Placed,TCS,Web Developer,7.24
STU20252318,Female,2026,EEE,8.28,82.1,78.1,0,Yes,3,2,"C++, Python, Arduino",93.2,90.7,77.9,60.3,Placed,Wipro,Software Developer,5.58
STU20252319,Male,2025,ECE,8.22,82.3,76.3,1,Yes,3,1,"Arduino, Python, IoT, Embedded C, Git, C",97.5,83.7,85.6,87.4,Placed,Wipro,Network Engineer,7.22
STU20252320,Male,2027,Civil,8.02,76.8,70.7,1,No,2,1,"Excel, Python, Primavera, STAAD Pro, C, MATLAB",94.6,69.3,51.3,65.7,Not Placed,Not Placed,Not Placed,0.0
STU20252321,Male,2025,CSE,9.58,90.1,65.9,0,Yes,5,2,"Python, Node.js, MongoDB, Java",95.6,87.0,80.4,83.6,Placed,Zoho,Software Developer,7.46
STU20252322,Male,2025,CSE,7.3,76.0,69.9,1,Yes,2,0,"DSA, SQL, MongoDB, React",71.5,84.1,61.2,55.2,Placed,Wipro,Web Developer,6.33
STU20252323,Male,2024,IT,8.42,80.9,79.1,0,Yes,3,1,"JavaScript, AWS, SQL, Git, React, Python",63.1,92.9,86.6,78.0,Placed,Accenture,QA Engineer,6.24
STU20252324,Female,2025,CSE,9.07,69.7,87.1,0,Yes,4,1,"DSA, Python, JavaScript, MongoDB, C++, Git",92.0,77.6,68.1,84.8,Placed,Infosys,Web Developer,9.05
STU20252325,Female,2025,CSE,7.45,72.9,80.7,2,Yes,1,0,"JavaScript, Java, DSA, Node.js, React, Python",69.4,88.1,44.6,77.7,Placed,Cognizant,Software Developer,5.17
STU20252326,Male,2024,Civil,6.87,77.7,71.6,1,No,1,2,"STAAD Pro, GIS, Primavera, SQL, MATLAB, AutoCAD",62.5,74.0,72.2,63.6,Not Placed,Not Placed,Not Placed,0.0
STU20252327,Female,2026,CSE,7.76,83.8,71.2,1,No,2,3,"SQL, JavaScript, DSA, C++",62.5,73.0,70.6,65.5,Placed,Wipro,Data Analyst,7.17
STU20252328,Male,2024,CSE,8.28,85.2,76.1,0,Yes,4,0,"MongoDB, SQL, Python",74.0,79.9,96.2,77.0,Placed,Tech Mahindra,Data Analyst,7.18
STU20252329,Male,2025,ECE,6.55,63.3,65.9,1,No,1,2,"Python, SQL, MATLAB, Git, C",54.1,62.7,78.7,69.6,Placed,Bosch,QA Engineer,5.08
STU20252330,Male,2026,ECE,8.22,68.2,62.4,2,No,1,2,"Git, IoT, MATLAB, C",90.5,77.3,61.4,82.0,Not Placed,Not Placed,Not Placed,0.0
STU20252331,Male,2025,ECE,6.55,78.5,61.9,5,No,0,0,"Embedded C, C++, Python",81.1,66.0,78.8,57.6,Placed,L&T Technology Services,Embedded Engineer,3.55
STU20252332,Female,2026,IT,9.0,75.3,88.9,0,Yes,3,0,"DSA, Python, Git, JavaScript, Java, Node.js",78.6,92.7,77.2,84.5,Placed,HCLTech,Support Engineer,8.61
STU20252333,Male,2026,Mechanical,7.99,84.2,89.6,1,No,1,1,"ANSYS, Python, Excel, C, MATLAB, CATIA",92.1,89.6,81.2,72.5,Not Placed,Not Placed,Not Placed,0.0
STU20252334,Male,2025,CSE,9.63,70.7,86.3,0,No,4,4,"JavaScript, Git, DSA, C++, React, Python",94.4,98.0,68.7,71.3,Placed,Zoho,Software Developer,8.13
STU20252335,Male,2024,IT,8.47,78.5,77.5,2,No,3,1,"Git, Node.js, Python",98.0,94.7,68.9,66.8,Placed,TCS,Software Developer,7.25
STU20252336,Female,2026,EEE,7.39,76.2,65.2,0,No,2,1,"C, IoT, C++, MATLAB, SQL, AutoCAD",84.1,60.9,78.0,81.7,Placed,Schneider Electric,Electrical Engineer,4.59
STU20252337,Male,2024,Mechanical,6.87,78.5,72.4,0,No,1,0,"C, C++, AutoCAD, SQL",79.4,59.4,77.0,58.3,Not Placed,Not Placed,Not Placed,0.0
STU20252338,Male,2026,IT,8.1,71.0,81.2,2,No,3,2,"Node.js, SQL, React, Python, AWS, MongoDB",85.9,98.0,45.0,55.1,Placed,Cognizant,Support Engineer,6.47
STU20252339,Male,2026,ECE,7.72,63.5,81.7,1,Yes,3,2,"Python, Git, Java, IoT",72.4,80.4,78.4,73.2,Placed,HCLTech,Software Developer,5.27
STU20252340,Female,2026,CSE,9.01,81.7,84.1,0,No,2,1,"Python, Java, Node.js, MongoDB, JavaScript",69.2,86.7,65.1,60.7,Placed,Wipro,Data Analyst,7.35
STU20252341,Male,2025,CSE,7.21,79.7,82.9,1,No,1,0,"Node.js, JavaScript, DSA, Python, C++",76.0,81.9,71.9,72.5,Placed,TCS,QA Engineer,6.08
STU20252342,Male,2027,CSE,9.72,89.4,94.8,0,Yes,4,0,"Python, DSA, C++",92.5,98.0,57.4,95.7,Placed,Capgemini,Backend Developer,9.08
STU20252343,Female,2024,EEE,8.73,77.3,75.7,0,Yes,3,0,"C++, Arduino, Java",98.0,90.9,86.4,73.9,Placed,TCS,Electrical Engineer,6.16
STU20252344,Male,2027,IT,7.73,82.8,95.5,2,Yes,3,1,"SQL, DSA, Python, MongoDB",90.1,74.6,79.7,75.3,Placed,Zoho,Support Engineer,7.06
STU20252345,Male,2027,EEE,9.18,84.4,65.6,0,Yes,3,2,"Python, SQL, C++",78.3,80.2,66.0,91.9,Placed,Siemens,Software Developer,7.77
STU20252346,Male,2025,CSE,7.33,85.6,69.3,2,Yes,2,2,"React, Python, Node.js, DSA, SQL",75.6,70.9,74.5,77.5,Placed,Infosys,Web Developer,7.61
STU20252347,Male,2024,Mechanical,7.72,76.9,77.2,1,Yes,3,1,"SolidWorks, CATIA, Python, C++, SQL, Excel",76.7,95.3,70.4,85.6,Not Placed,Not Placed,Not Placed,0.0
STU20252348,Male,2024,Mechanical,6.46,62.0,76.3,0,No,1,1,"MATLAB, SQL, Python, C",69.3,82.4,73.7,65.7,Not Placed,Not Placed,Not Placed,0.0
STU20252349,Male,2027,CSE,9.57,81.5,79.6,0,Yes,2,0,"C++, Node.js, SQL, JavaScript, MongoDB",72.1,89.3,60.3,72.2,Placed,Cognizant,Data Analyst,8.52
STU20252350,Male,2025,CSE,6.6,75.1,69.3,0,Yes,1,1,"Git, C++, Python",81.4,60.2,50.6,64.9,Placed,Infosys,Backend Developer,5.64
STU20252351,Male,2027,CSE,6.78,78.6,88.7,1,No,1,1,"Python, JavaScript, MongoDB, SQL, DSA",66.7,84.3,57.6,74.4,Not Placed,Not Placed,Not Placed,0.0
STU20252352,Male,2026,Mechanical,7.01,64.8,70.1,2,Yes,4,1,"ANSYS, SQL, C++, Excel",87.9,82.9,67.4,78.7,Placed,Jindal Steel,Production Engineer,5.71
STU20252353,Female,2025,CSE,9.12,78.6,72.5,0,Yes,3,3,"MongoDB, JavaScript, React, Git",80.9,86.4,97.7,81.5,Placed,Wipro,Backend Developer,7.52
STU20252354,Male,2026,ECE,8.56,85.5,89.9,0,No,3,0,"Java, Python, Git",80.5,84.8,76.5,74.1,Placed,L&T Technology Services,Embedded Engineer,7.29
STU20252355,Male,2024,IT,8.0,77.3,82.5,1,No,4,2,"DSA, SQL, AWS, Python, Node.js, React",92.1,93.1,84.3,67.2,Placed,Infosys,Support Engineer,7.95
STU20252356,Male,2025,Mechanical,8.42,76.9,85.4,0,No,1,0,"MATLAB, AutoCAD, CATIA",54.7,77.1,62.3,75.5,Not Placed,Not Placed,Not Placed,0.0
STU20252357,Female,2027,ECE,7.65,90.5,77.0,4,No,3,0,"Arduino, C++, Embedded C, Git, C, Java",92.6,70.4,63.2,86.6,Not Placed,Not Placed,Not Placed,0.0
STU20252358,Male,2025,ECE,8.11,70.8,67.3,0,Yes,2,2,"Python, Arduino, Embedded C, C, C++, IoT",98.0,87.4,63.7,74.5,Placed,TCS,Network Engineer,6.73
STU20252359,Male,2027,Civil,8.9,88.9,79.6,0,Yes,4,2,"GIS, MATLAB, SQL",98.0,95.0,73.0,57.0,Placed,Adani,Civil Engineer,6.55
STU20252360,Male,2027,CSE,7.79,84.6,65.4,3,Yes,5,1,"MongoDB, SQL, Git, React, Node.js, Java",78.0,67.5,79.8,61.1,Placed,Wipro,Software Developer,6.15
STU20252361,Male,2024,Mechanical,6.9,73.7,75.3,2,No,2,0,"MATLAB, Python, CATIA, Excel, ANSYS, C",78.1,74.8,63.2,71.9,Not Placed,Not Placed,Not Placed,0.0
STU20252362,Female,2026,CSE,8.4,78.8,82.3,0,No,3,2,"C++, JavaScript, React, MongoDB, Python",79.1,80.1,69.7,58.6,Placed,Accenture,QA Engineer,6.92
STU20252363,Female,2024,IT,8.53,79.1,85.6,0,No,2,1,"DSA, Node.js, SQL, Python, JavaScript",64.8,90.4,81.7,63.0,Placed,TCS,Software Developer,5.52
STU20252364,Female,2026,Mechanical,7.64,78.4,75.0,1,No,2,1,"SolidWorks, Python, ANSYS",79.3,64.2,64.0,62.6,Not Placed,Not Placed,Not Placed,0.0
STU20252365,Male,2027,EEE,8.5,75.1,83.2,0,No,2,0,"Arduino, Embedded C, Java, MATLAB",65.0,70.8,63.9,73.7,Not Placed,Not Placed,Not Placed,0.0
STU20252366,Male,2027,EEE,7.48,73.7,68.9,1,No,1,0,"AutoCAD, Embedded C, C++, SQL",82.1,53.5,65.6,88.0,Placed,Siemens,Electrical Engineer,3.92
STU20252367,Male,2027,CSE,8.11,75.8,83.7,0,Yes,1,1,"MongoDB, Node.js, SQL, JavaScript, DSA",87.9,86.2,96.2,55.1,Placed,Cognizant,Data Analyst,6.55
STU20252368,Female,2024,IT,8.22,76.3,81.9,1,No,2,2,"DSA, MongoDB, JavaScript, Node.js, Git",96.6,71.1,84.3,81.3,Placed,Capgemini,Support Engineer,7.24
STU20252369,Female,2026,IT,8.14,76.2,71.4,3,No,2,0,"MongoDB, Java, SQL, AWS",86.8,68.4,97.2,80.8,Placed,Accenture,Full Stack Developer,6.67
STU20252370,Female,2025,ECE,9.12,65.1,83.3,0,No,4,0,"IoT, C, Embedded C",85.6,88.7,59.5,72.2,Placed,TCS,Network Engineer,6.81
STU20252371,Male,2027,IT,8.21,79.2,84.8,0,Yes,2,4,"Git, React, AWS, Python",78.8,88.5,77.9,70.5,Placed,Accenture,Software Developer,6.63
STU20252372,Female,2024,IT,7.64,73.4,76.2,2,No,2,0,"DSA, JavaScript, MongoDB",79.7,85.6,65.7,78.1,Placed,Capgemini,Software Developer,6.11
STU20252373,Male,2024,IT,8.35,65.8,71.8,1,Yes,1,1,"SQL, Java, Python",96.8,90.6,69.3,73.7,Placed,TCS,Full Stack Developer,7.17
STU20252374,Female,2024,CSE,8.86,77.7,80.2,0,Yes,3,2,"SQL, C++, Node.js",98.0,98.0,55.4,71.1,Placed,Capgemini,QA Engineer,8.47
STU20252375,Male,2024,IT,8.56,76.7,82.0,1,No,0,1,"Node.js, Python, AWS, Java, Git",76.8,98.0,91.1,47.3,Placed,Cognizant,Data Analyst,5.89
STU20252376,Male,2024,CSE,8.61,88.5,72.4,0,No,5,2,,98.0,98.0,53.4,74.5,Placed,Tech Mahindra,Web Developer,8.6
STU20252377,Male,2024,Mechanical,6.28,69.9,64.9,2,No,1,0,"ANSYS, C++, MATLAB",62.7,74.2,76.7,85.7,Not Placed,Not Placed,Not Placed,0.0
STU20252378,Female,2027,ECE,5.63,76.7,73.9,3,Yes,2,2,"Java, C, Python, Embedded C, Git",73.4,75.3,57.4,56.2,Not Placed,Not Placed,Not Placed,0.0
STU20252379,Male,2027,CSE,9.08,90.4,85.3,0,Yes,4,2,"Git, SQL, DSA, JavaScript",86.2,98.0,64.5,62.4,Placed,Infosys,Data Analyst,8.09
STU20252380,Male,2025,EEE,8.02,73.7,91.7,1,Yes,5,1,"IoT, AutoCAD, C, Python, MATLAB, SQL",90.5,67.4,59.7,67.4,Placed,Wipro,Software Developer,5.86
STU20252381,Male,2027,Mechanical,7.53,76.5,80.0,0,Yes,2,3,"C, MATLAB, Excel, CATIA, Python",67.8,83.1,70.8,69.6,Placed,Maruti Suzuki,Production Engineer,6.79
STU20252382,Male,2025,CSE,8.59,91.6,69.7,0,Yes,2,2,,65.9,69.7,69.6,64.4,Placed,Deloitte,Backend Developer,7.9
STU20252383,Female,2027,CSE,9.64,83.7,95.3,0,Yes,5,1,"React, Git, DSA, MongoDB, SQL",80.7,88.4,78.6,88.2,Placed,Accenture,Web Developer,8.48
STU20252384,Male,2025,CSE,9.2,83.6,87.2,1,Yes,2,0,"Git, React, Python, Node.js, JavaScript, C++",93.0,72.2,51.0,96.9,Placed,Tech Mahindra,QA Engineer,7.97
STU20252385,Male,2026,CSE,8.82,77.2,64.8,0,Yes,4,0,"MongoDB, JavaScript, C++, Java, Python, React",75.7,92.0,48.4,75.6,Placed,Deloitte,Backend Developer,8.97
STU20252386,Female,2025,EEE,6.9,80.1,66.4,1,Yes,2,1,"SQL, C++, Java, Python, AutoCAD, Arduino",70.4,83.5,43.9,65.0,Not Placed,Not Placed,Not Placed,0.0
STU20252387,Male,2024,Civil,6.86,74.9,70.1,3,No,2,1,"Python, Revit, C",85.0,89.5,77.9,70.9,Not Placed,Not Placed,Not Placed,0.0
STU20252388,Male,2026,CSE,5.97,60.1,77.0,2,No,0,2,"DSA, React, MongoDB, Python, Java, Git",78.3,62.2,82.7,55.5,Not Placed,Not Placed,Not Placed,0.0
STU20252389,Male,2026,EEE,8.19,76.0,60.5,0,No,5,0,"C, AutoCAD, Arduino, Python",76.7,79.9,69.3,66.4,Not Placed,Not Placed,Not Placed,0.0
STU20252390,Male,2026,CSE,8.94,72.1,78.3,0,Yes,3,1,"React, SQL, C++, Git",58.4,98.0,85.4,79.5,Placed,TCS,Data Analyst,8.89
STU20252391,Male,2025,ECE,8.76,80.7,84.1,1,Yes,3,1,"Arduino, SQL, IoT, MATLAB, Java",76.7,83.2,79.5,80.8,Placed,Tech Mahindra,QA Engineer,4.21
STU20252392,Male,2026,EEE,8.22,72.1,57.4,1,No,3,1,"Python, Java, MATLAB, IoT, SQL, C",86.0,78.4,88.1,75.6,Placed,L&T Technology Services,Graduate Engineer Trainee,5.86
STU20252393,Male,2027,IT,7.77,80.8,81.2,1,No,2,2,"Python, DSA, Git, Java, MongoDB",86.9,91.0,86.7,63.3,Placed,TCS,Support Engineer,6.83
STU20252394,Female,2024,CSE,7.52,77.1,81.4,1,No,2,1,"Node.js, Git, SQL, Java",63.4,85.8,54.0,70.5,Placed,Tech Mahindra,Software Developer,6.2
STU20252395,Female,2024,ECE,7.05,66.9,68.1,0,No,1,0,"Embedded C, Git, Python",51.5,84.3,70.7,64.7,Not Placed,Not Placed,Not Placed,0.0
STU20252396,Female,2025,Civil,7.36,73.0,66.8,2,No,2,1,"SQL, Revit, C, Excel, MATLAB",65.9,84.6,80.6,79.5,Not Placed,Not Placed,Not Placed,0.0
STU20252397,Male,2025,CSE,7.17,80.3,68.3,2,No,1,1,"Git, C++, JavaScript",67.1,73.4,79.9,74.0,Not Placed,Not Placed,Not Placed,0.0
STU20252398,Male,2025,CSE,9.49,89.8,61.9,0,No,2,0,"Python, MongoDB, Node.js, Git, Java, React",98.0,98.0,87.9,88.9,Placed,Accenture,Data Analyst,6.15
STU20252399,Female,2024,CSE,6.89,68.9,71.3,1,Yes,1,2,"Python, Node.js, DSA, JavaScript",73.3,86.8,67.1,76.9,Placed,Cognizant,Backend Developer,6.12
STU20252400,Female,2026,ECE,7.58,69.3,77.0,1,No,3,3,"Python, Java, IoT",88.2,86.2,79.1,58.7,Placed,Bosch,QA Engineer,6.13
STU20252401,Male,2026,ECE,6.1,86.9,62.9,2,No,1,1,"SQL, Arduino, Git, IoT, Java",81.2,80.9,45.9,54.4,Not Placed,Not Placed,Not Placed,0.0
STU20252402,Male,2027,Mechanical,7.8,77.4,82.9,2,Yes,2,0,"SQL, Excel, Python, AutoCAD",73.6,79.9,53.4,74.9,Placed,Tata Motors,Mechanical Engineer,4.56
STU20252403,Male,2026,EEE,7.65,77.8,76.4,2,No,2,2,"Embedded C, IoT, Java, Arduino, C, MATLAB",79.5,74.0,90.2,41.0,Placed,Wipro,Graduate Engineer Trainee,4.32
STU20252404,Male,2025,Mechanical,7.25,70.9,76.4,2,No,3,0,"MATLAB, SolidWorks, CATIA",81.8,79.9,83.1,64.1,Not Placed,Not Placed,Not Placed,0.0
STU20252405,Male,2027,Mechanical,6.76,76.4,70.4,2,No,1,0,"C, MATLAB, AutoCAD, CATIA",78.6,92.6,87.6,62.0,Not Placed,Not Placed,Not Placed,0.0
STU20252406,Male,2026,CSE,8.0,90.0,81.8,1,No,2,0,"JavaScript, Node.js, DSA, Java, MongoDB, C++",78.5,91.4,70.0,59.3,Placed,Capgemini,Software Developer,7.04
STU20252407,Female,2026,ECE,7.29,78.0,83.7,2,Yes,2,0,"C, Java, Arduino",89.0,81.6,56.5,74.6,Not Placed,Not Placed,Not Placed,0.0
STU20252408,Male,2024,IT,7.78,84.9,73.2,0,No,2,1,"SQL, JavaScript, Git, Python",92.1,72.9,68.7,56.5,Not Placed,Not Placed,Not Placed,0.0
STU20252409,Male,2026,IT,9.56,82.1,86.1,0,Yes,5,3,"Git, React, Python, SQL, Java, Node.js",91.9,87.5,98.0,54.0,Placed,Wipro,Full Stack Developer,9.95
STU20252410,Male,2026,Civil,7.65,69.9,81.1,3,No,0,1,"GIS, AutoCAD, SQL, Excel, Revit, Python",82.4,75.8,59.7,74.8,Not Placed,Not Placed,Not Placed,0.0
STU20252411,Female,2026,EEE,8.1,73.5,79.8,1,Yes,2,1,"AutoCAD, MATLAB, Java, SQL, C++, Python",85.2,77.4,70.1,68.5,Placed,Siemens,Embedded Engineer,4.56
STU20252412,Female,2027,Civil,7.11,68.0,85.9,1,No,2,3,"Excel, C, AutoCAD",98.0,82.7,84.3,72.9,Not Placed,Not Placed,Not Placed,0.0
STU20252413,Male,2027,IT,7.23,77.6,69.4,0,No,2,2,"JavaScript, DSA, Python, SQL, Git",86.9,82.7,70.0,71.0,Placed,Zoho,Software Developer,5.89
STU20252414,Male,2027,ECE,7.73,85.9,72.9,0,Yes,4,2,"Git, Embedded C, Arduino, MATLAB",88.3,72.4,65.9,79.3,Placed,Wipro,Embedded Engineer,5.37
STU20252415,Male,2026,ECE,9.8,83.6,76.0,1,No,2,3,"Embedded C, Git, IoT, Java",82.2,87.6,89.0,71.5,Placed,Wipro,Embedded Engineer,7.59
STU20252416,Female,2027,CSE,7.76,75.2,81.0,0,No,3,1,"MongoDB, DSA, Python, Git, C++, Node.js",68.9,79.8,64.8,75.9,Placed,Zoho,Data Analyst,7.83
STU20252417,Male,2027,CSE,8.31,73.2,75.5,2,Yes,3,0,"Git, Node.js, React, MongoDB, DSA",90.4,88.4,79.4,93.3,Placed,Zoho,QA Engineer,7.6
STU20252418,Female,2024,ECE,7.05,78.1,69.2,0,No,2,0,"Git, C++, SQL, MATLAB, C",54.8,81.0,36.8,72.9,Placed,Bosch,QA Engineer,5.03
STU20252419,Male,2026,CSE,5.66,63.5,81.9,2,Yes,0,2,"Python, Node.js, Java, Git, React, C++",82.8,60.0,39.9,79.6,Not Placed,Not Placed,Not Placed,0.0
STU20252420,Male,2024,Civil,6.83,67.1,86.1,1,No,1,0,"MATLAB, STAAD Pro, Python, GIS",46.9,61.4,64.3,70.3,Not Placed,Not Placed,Not Placed,0.0
STU20252421,Male,2025,CSE,9.8,88.8,79.2,0,Yes,5,1,"Git, Java, React, Python, DSA, Node.js",84.1,87.0,96.5,50.2,Placed,Infosys,Software Developer,9.4
STU20252422,Male,2025,CSE,8.51,77.3,68.4,0,No,3,0,"Java, Git, React, MongoDB",97.1,93.0,71.9,67.3,Placed,Infosys,QA Engineer,6.07
STU20252423,Male,2026,EEE,9.04,78.5,92.5,1,No,3,1,"C, Embedded C, Arduino, Python",87.3,85.0,75.5,85.1,Placed,HCLTech,Embedded Engineer,5.07
STU20252424,Male,2024,CSE,7.7,76.1,79.1,3,Yes,2,0,"Python, JavaScript, C++",80.7,80.6,74.0,78.8,Placed,Accenture,Web Developer,5.25
STU20252425,Female,2025,Civil,5.5,76.8,72.8,3,Yes,2,0,,59.3,72.7,56.6,67.2,Not Placed,Not Placed,Not Placed,0.0
STU20252426,Male,2024,EEE,6.71,75.9,73.9,0,No,1,1,"Embedded C, AutoCAD, MATLAB, C, IoT",69.5,87.3,45.9,73.4,Not Placed,Not Placed,Not Placed,0.0
STU20252427,Female,2026,CSE,8.34,73.6,71.9,0,Yes,3,1,"DSA, JavaScript, Java, C++, Python",92.4,74.0,82.3,59.6,Placed,Capgemini,QA Engineer,7.73
STU20252428,Male,2027,EEE,7.85,72.7,73.3,0,No,2,2,"Embedded C, C, MATLAB",69.3,96.4,74.9,77.3,Not Placed,Not Placed,Not Placed,0.0
STU20252429,Male,2027,ECE,7.74,76.0,80.6,1,No,2,0,"IoT, C, MATLAB, SQL, C++, Git",75.6,85.5,75.4,63.1,Placed,Bosch,Embedded Engineer,3.58
STU20252430,Female,2025,EEE,7.2,78.1,71.3,3,Yes,2,2,"Java, C, AutoCAD, Python, SQL, C++",76.1,97.7,54.3,75.0,Placed,Siemens,Electrical Engineer,5.66
STU20252431,Female,2025,Mechanical,8.35,78.6,80.6,0,No,1,2,"Excel, C, SolidWorks, MATLAB, SQL",76.0,98.0,93.2,56.8,Placed,Jindal Steel,Mechanical Engineer,4.56
STU20252432,Male,2027,EEE,7.22,75.2,74.6,0,No,1,1,"IoT, C, Python, C++, AutoCAD",82.6,78.7,63.3,71.6,Not Placed,Not Placed,Not Placed,0.0
STU20252433,Female,2024,ECE,8.01,78.3,69.2,1,No,1,1,"Arduino, Embedded C, Git, Python",83.1,74.1,90.6,40.2,Not Placed,Not Placed,Not Placed,0.0
STU20252434,Male,2027,IT,8.07,77.9,88.1,0,Yes,3,0,"SQL, MongoDB, AWS, Java, React, DSA",81.6,89.5,44.9,67.8,Placed,HCLTech,QA Engineer,6.66
STU20252435,Male,2026,EEE,7.34,70.9,79.0,0,No,1,3,"AutoCAD, SQL, Arduino, C++, IoT, Embedded C",53.7,71.0,63.8,59.8,Placed,Schneider Electric,Graduate Engineer Trainee,3.03
STU20252436,Male,2026,Civil,6.75,82.6,75.5,3,Yes,2,0,"MATLAB, C, GIS",87.9,76.9,86.8,64.2,Placed,Tata Projects,Site Engineer,4.89
STU20252437,Male,2024,ECE,7.39,73.1,78.8,0,No,2,0,"Git, Python, Arduino",65.9,70.5,67.7,35.0,Placed,HCLTech,Software Developer,5.33
STU20252438,Male,2024,EEE,9.24,82.0,67.4,0,Yes,3,1,"Java, MATLAB, SQL, C",98.0,88.3,45.0,64.7,Placed,Wipro,Embedded Engineer,5.72
STU20252439,Male,2026,IT,8.85,65.7,75.4,0,Yes,2,2,"Git, React, MongoDB, Node.js, Java, Python",74.1,67.4,62.9,76.1,Placed,Capgemini,Software Developer,5.66
STU20252440,Female,2025,EEE,8.52,77.8,67.3,0,No,3,2,"Python, Embedded C, Java",88.1,88.3,77.7,58.2,Placed,Siemens,Graduate Engineer Trainee,5.56
STU20252441,Female,2027,Civil,6.83,67.4,74.3,4,Yes,4,1,"C, Revit, Python, Primavera, SQL",86.8,81.4,86.0,78.5,Placed,L&T,Site Engineer,5.16
STU20252442,Female,2026,CSE,6.78,68.1,75.6,0,No,2,0,"React, JavaScript, C++",71.5,69.6,63.4,79.7,Placed,TCS,Backend Developer,3.62
STU20252443,Female,2025,CSE,8.93,97.3,80.1,0,Yes,4,2,"DSA, Git, Node.js, MongoDB, C++, Python",93.4,91.8,90.0,76.5,Placed,TCS,Data Analyst,8.23
STU20252444,Male,2025,ECE,8.52,81.0,86.3,0,No,1,2,"Git, IoT, Arduino",76.7,75.3,79.2,73.5,Not Placed,Not Placed,Not Placed,0.0
STU20252445,Male,2026,ECE,7.87,86.3,65.8,1,No,2,1,"Python, C++, Java, SQL, Embedded C, Git",98.0,90.1,66.1,72.1,Placed,TCS,Software Developer,4.84
STU20252446,Male,2024,ECE,7.44,82.6,69.5,3,No,2,2,"Embedded C, Git, MATLAB",79.6,82.4,80.0,75.5,Placed,Tech Mahindra,Network Engineer,5.53
STU20252447,Male,2026,CSE,6.76,81.8,76.2,1,Yes,3,0,"Node.js, MongoDB, C++, Python, SQL, Java",74.9,98.0,79.5,64.8,Placed,Accenture,Software Developer,6.16
STU20252448,Male,2026,IT,8.64,78.2,80.2,0,No,3,2,"DSA, Python, MongoDB, SQL, AWS",88.6,92.6,70.8,58.6,Placed,Deloitte,Data Analyst,6.8
STU20252449,Male,2027,ECE,8.76,91.1,69.4,0,No,3,1,"Arduino, SQL, C++, IoT",98.0,92.1,65.7,58.9,Placed,Bosch,QA Engineer,6.62
STU20252450,Male,2025,ECE,7.17,81.9,82.7,0,Yes,0,2,"Git, MATLAB, SQL, IoT, Python",75.5,73.2,47.7,81.0,Placed,Wipro,Embedded Engineer,5.11
STU20252451,Male,2025,ECE,7.1,76.0,85.0,1,No,1,1,"C++, Git, C, Embedded C, Python, IoT",75.2,88.9,73.8,58.7,Placed,Tech Mahindra,Network Engineer,3.83
STU20252452,Male,2027,EEE,8.7,81.6,81.5,1,Yes,4,3,"MATLAB, C, AutoCAD, Java",71.3,89.2,67.3,69.3,Placed,Wipro,Embedded Engineer,5.9
STU20252453,Male,2026,ECE,7.2,75.0,63.9,2,Yes,2,1,"Java, Embedded C, C, SQL, IoT",89.9,96.3,75.6,67.7,Not Placed,Not Placed,Not Placed,0.0
STU20252454,Male,2026,Mechanical,9.06,81.0,80.6,0,Yes,3,3,"MATLAB, Python, ANSYS, Excel, CATIA",92.0,98.0,80.0,75.0,Placed,L&T,Mechanical Engineer,6.5
STU20252455,Female,2026,ECE,7.66,76.8,78.1,2,No,3,2,"Python, C++, SQL, IoT, Java, Git",75.5,79.7,75.2,76.3,Not Placed,Not Placed,Not Placed,0.0
STU20252456,Male,2027,ECE,7.42,79.2,73.1,1,Yes,3,0,"SQL, IoT, C++",83.5,76.8,67.5,80.3,Placed,L&T Technology Services,Embedded Engineer,5.8
STU20252457,Female,2025,ECE,7.79,89.7,85.5,0,No,1,2,"C, Python, MATLAB, Embedded C",93.1,75.2,54.6,47.4,Placed,Infosys,QA Engineer,5.05
STU20252458,Female,2025,CSE,7.67,68.7,74.9,1,Yes,3,2,"C++, MongoDB, Python",89.4,71.5,76.8,77.0,Not Placed,Not Placed,Not Placed,0.0
STU20252459,Male,2027,CSE,8.96,,93.9,0,Yes,5,5,"MongoDB, Node.js, Git, React, JavaScript, C++",98.0,98.0,86.7,72.3,Placed,Cognizant,Software Developer,7.45
STU20252460,Male,2024,ECE,8.5,76.7,83.4,1,Yes,4,5,"C, SQL, Embedded C, MATLAB, C++",98.0,96.5,98.0,74.9,Placed,Bosch,Software Developer,7.94
STU20252461,Male,2027,Mechanical,8.47,88.1,79.8,0,Yes,3,1,"CATIA, ANSYS, Excel, C++, MATLAB",61.7,93.5,66.2,68.8,Placed,Jindal Steel,Graduate Engineer Trainee,5.42
STU20252462,Male,2025,EEE,7.81,75.2,82.5,2,Yes,3,1,"C++, SQL, AutoCAD, Arduino",96.7,83.0,57.6,63.2,Not Placed,Not Placed,Not Placed,0.0
STU20252463,Male,2024,CSE,7.61,79.9,86.3,0,Yes,3,0,"DSA, MongoDB, C++, SQL, Node.js, Python",59.6,89.3,55.3,84.4,Placed,Zoho,Backend Developer,5.62
STU20252464,Female,2024,ECE,7.74,76.2,82.2,2,Yes,3,2,"Python, IoT, Embedded C, SQL, Git, C",97.4,84.7,70.3,70.4,Placed,Wipro,QA Engineer,5.91
STU20252465,Female,2027,CSE,7.64,65.0,75.1,1,No,2,0,"Python, SQL, Java, Node.js",88.8,77.3,81.0,83.5,Placed,Cognizant,Web Developer,5.07
STU20252466,Male,2027,EEE,8.9,92.4,74.4,0,Yes,2,2,"Java, Embedded C, C++",98.0,90.4,87.2,72.4,Placed,Wipro,Software Developer,7.06
STU20252467,Male,2025,Mechanical,8.4,72.4,69.8,0,Yes,2,2,"C++, Python, CATIA, MATLAB, Excel",87.3,94.6,94.0,72.8,Placed,Jindal Steel,Production Engineer,5.54
STU20252468,Male,2024,ECE,7.67,77.8,58.6,0,No,1,0,"Arduino, SQL, C++",79.3,74.2,75.7,60.5,Placed,Bosch,Network Engineer,5.71
STU20252469,Female,2025,ECE,6.96,,75.0,2,No,1,0,"C++, Git, SQL, Arduino, Embedded C, C",87.2,83.4,52.2,68.7,Not Placed,Not Placed,Not Placed,0.0
STU20252470,Male,2024,IT,9.21,71.7,77.2,0,Yes,4,2,"React, JavaScript, Node.js, DSA",76.9,86.7,80.0,83.9,Placed,TCS,Support Engineer,9.33
STU20252471,Male,2026,IT,8.02,76.6,74.3,1,No,3,1,"React, Python, Git",83.1,81.5,44.8,67.3,Placed,Infosys,Support Engineer,5.73
STU20252472,Female,2024,Mechanical,7.44,72.4,82.3,0,No,2,1,"C, SolidWorks, C++, SQL",74.4,61.5,65.3,71.4,Placed,Mahindra,Graduate Engineer Trainee,5.0
STU20252473,Male,2024,EEE,8.97,72.2,78.4,0,Yes,1,4,"C++, MATLAB, IoT, Arduino",77.2,88.9,70.4,92.4,Placed,HCLTech,Graduate Engineer Trainee,6.48
STU20252474,Male,2024,ECE,7.32,76.1,88.0,1,No,2,0,"C++, Git, Arduino",69.8,66.4,75.3,54.5,Not Placed,Not Placed,Not Placed,0.0
STU20252475,Male,2026,IT,7.63,66.7,71.6,0,No,2,1,"Python, MongoDB, SQL, Git, Java, DSA",80.0,86.7,76.2,57.7,Placed,Zoho,Support Engineer,5.93
STU20252476,Male,2026,CSE,7.8,78.4,69.3,3,Yes,3,2,"JavaScript, DSA, Python",90.1,90.6,61.6,76.6,Placed,Wipro,QA Engineer,6.2
STU20252477,Male,2026,CSE,6.88,74.3,64.8,1,No,1,0,"MongoDB, DSA, React, SQL, Java, JavaScript",89.7,86.1,58.3,48.4,Not Placed,Not Placed,Not Placed,0.0
STU20252478,Male,2026,CSE,8.27,61.3,82.4,1,Yes,2,1,"MongoDB, React, Python",77.9,98.0,73.9,79.1,Placed,Wipro,Data Analyst,5.89
STU20252479,Male,2027,IT,7.25,72.5,82.6,4,No,3,1,"JavaScript, SQL, Git, MongoDB, AWS",74.3,79.1,75.2,59.4,Placed,Zoho,Full Stack Developer,5.14
STU20252480,Female,2025,Civil,7.01,78.8,69.8,1,Yes,3,2,"AutoCAD, SQL, C, STAAD Pro",43.7,74.2,77.6,67.6,Placed,Shapoorji Pallonji,Site Engineer,5.88
STU20252481,Male,2027,ECE,7.15,68.4,66.9,1,No,1,0,"Git, MATLAB, Arduino, SQL",90.8,79.9,62.3,79.1,Placed,Tech Mahindra,Software Developer,5.1
STU20252482,Female,2026,CSE,7.5,80.3,86.0,0,No,1,1,"Git, JavaScript, Python, DSA",58.7,75.1,69.4,53.9,Placed,Wipro,Web Developer,5.7
STU20252483,Male,2024,CSE,7.29,79.3,64.5,0,No,2,0,"Python, React, C++, SQL, Node.js",82.2,71.4,55.6,45.1,Not Placed,Not Placed,Not Placed,0.0
STU20252484,Female,2027,IT,8.11,71.2,,1,Yes,2,0,"MongoDB, DSA, SQL, Node.js, AWS",84.1,81.4,59.1,47.6,Placed,Wipro,Software Developer,6.83
STU20252485,Male,2026,Mechanical,7.42,76.5,71.0,1,No,2,2,"Excel, C++, SolidWorks",89.0,76.2,44.5,72.4,Not Placed,Not Placed,Not Placed,0.0
STU20252486,Female,2026,IT,7.94,83.6,79.2,0,No,2,1,"SQL, DSA, AWS, Git",69.1,98.0,63.5,79.1,Placed,Capgemini,Full Stack Developer,7.27
STU20252487,Male,2024,EEE,9.65,76.0,88.6,0,Yes,6,3,"MATLAB, Embedded C, Arduino, C, IoT",98.0,98.0,95.2,60.1,Placed,HCLTech,Embedded Engineer,8.07
STU20252488,Male,2025,Mechanical,7.42,75.1,78.4,0,Yes,2,1,"CATIA, AutoCAD, SolidWorks, Python, MATLAB, C",96.6,79.8,88.1,85.7,Not Placed,Not Placed,Not Placed,0.0
STU20252489,Male,2027,CSE,8.51,87.3,75.9,1,Yes,5,3,"SQL, DSA, Node.js, Git",92.8,98.0,81.4,72.2,Placed,Zoho,Software Developer,8.0
STU20252490,Male,2024,ECE,8.36,72.9,87.3,1,No,3,0,"Embedded C, Arduino, C++",73.8,98.0,86.5,69.4,Placed,Wipro,Network Engineer,6.08
STU20252491,Female,2024,Civil,7.45,79.8,77.1,3,Yes,2,3,"AutoCAD, GIS, Revit",59.6,82.0,80.3,84.0,Placed,L&T,Site Engineer,4.79
STU20252492,Female,2025,IT,8.13,70.8,98.0,0,Yes,2,1,"Git, SQL, React, JavaScript",98.0,64.9,74.8,51.5,Placed,Cognizant,Software Developer,7.45
STU20252493,Female,2026,CSE,8.02,76.9,,0,No,1,0,"SQL, Git, React, DSA, MongoDB, JavaScript",72.3,78.8,40.4,76.6,Not Placed,Not Placed,Not Placed,0.0
STU20252494,Male,2027,Civil,7.67,80.3,63.7,1,No,2,2,"Revit, Excel, STAAD Pro, GIS, Python",75.5,66.3,98.0,46.7,Not Placed,Not Placed,Not Placed,0.0
STU20252495,Female,2026,Mechanical,7.05,58.8,81.0,0,Yes,2,1,"Python, C++, MATLAB, C, SQL",98.0,73.1,65.5,53.3,Placed,Maruti Suzuki,Production Engineer,3.05
STU20252496,Female,2027,ECE,7.33,72.6,74.6,1,No,0,3,"Java, Arduino, C",82.7,95.6,66.6,51.2,Not Placed,Not Placed,Not Placed,0.0
STU20252497,Male,2025,ECE,7.76,80.4,81.5,1,No,3,0,"Embedded C, Arduino, SQL, Git, MATLAB, Java",95.0,73.3,90.0,75.7,Not Placed,Not Placed,Not Placed,0.0
STU20252498,Male,2025,CSE,6.32,75.4,64.4,4,Yes,3,1,"Java, Node.js, Python",93.8,65.6,67.4,80.4,Placed,Deloitte,Data Analyst,4.71
STU20252499,Male,2025,Mechanical,8.82,76.4,79.2,0,Yes,2,0,"Excel, MATLAB, C, SQL",65.4,93.7,98.0,83.0,Placed,L&T,Production Engineer,5.94
STU20252500,Male,2024,ECE,9.59,74.2,84.1,0,Yes,5,3,"C++, Java, MATLAB, Python, IoT",98.0,97.3,67.6,71.9,Placed,Wipro,Network Engineer,8.6
STU20262501,Male,2026,CSE,8.14,82.7,73.2,1,No,4,1,"Git, C++, Java",98.0,98.0,86.0,63.8,Placed,Infosys,Backend Developer,8.03
STU20262502,Female,2024,EEE,8.22,76.3,78.8,2,No,1,0,"MATLAB, Java, C, Python, SQL",73.2,77.8,69.7,74.3,Placed,Wipro,Graduate Engineer Trainee,4.33
STU20262503,Male,2025,Civil,8.42,82.9,68.2,2,No,2,0,"C, SQL, AutoCAD, STAAD Pro, Revit, Python",91.1,89.6,75.0,66.5,Not Placed,Not Placed,Not Placed,0.0
STU20262504,Male,2027,Mechanical,6.42,76.7,75.1,0,No,1,0,"SQL, CATIA, MATLAB, AutoCAD, Python",81.2,56.2,54.2,70.7,Not Placed,Not Placed,Not Placed,0.0
STU20262505,Male,2026,CSE,8.79,76.8,88.9,0,Yes,4,3,"SQL, React, MongoDB",80.5,84.6,67.0,71.3,Placed,Deloitte,Software Developer,9.41
STU20262506,Female,2024,CSE,7.64,84.6,67.0,1,Yes,2,1,"C++, React, Git, Python, SQL, DSA",89.2,79.4,87.3,71.5,Placed,Deloitte,Backend Developer,6.45
STU20262507,Female,2026,Civil,9.45,77.5,71.4,0,Yes,3,0,"Python, C, SQL, AutoCAD",82.1,85.7,84.5,96.6,Placed,JLL,Design Engineer,6.34
STU20262508,Female,2026,Civil,7.34,84.7,83.1,2,No,2,0,"Python, STAAD Pro, Primavera",98.0,98.0,74.9,79.0,Placed,L&T,Design Engineer,3.73
STU20262509,Male,2027,ECE,8.52,88.5,68.8,0,No,4,1,"Arduino, C++, Git, Python, IoT",89.5,98.0,52.9,73.9,Placed,TCS,Network Engineer,7.12
STU20262510,Male,2026,ECE,7.6,84.4,81.4,1,No,2,0,"C++, Git, Embedded C, Arduino, SQL",84.8,88.9,49.5,63.6,Not Placed,Not Placed,Not Placed,0.0
STU20262511,Male,2024,IT,9.77,81.2,81.8,0,Yes,3,2,"Node.js, SQL, React, DSA, Python, MongoDB",71.8,93.6,67.1,72.9,Placed,TCS,Support Engineer,8.57
STU20262512,Male,2024,IT,7.46,94.5,72.2,1,Yes,2,0,"React, Node.js, Java, MongoDB, JavaScript, SQL",82.1,64.4,64.7,84.0,Placed,Cognizant,Data Analyst,5.68
STU20262513,Male,2025,CSE,8.99,81.5,89.5,0,Yes,4,0,"Python, Node.js, SQL",98.0,98.0,74.6,74.4,Placed,Cognizant,QA Engineer,9.39
STU20262514,Female,2026,CSE,8.53,81.0,84.5,1,No,1,2,"Node.js, Java, JavaScript, SQL, MongoDB",69.4,69.9,78.2,63.4,Placed,Deloitte,Backend Developer,4.76
STU20262515,Female,2026,CSE,8.34,78.7,79.5,0,No,2,1,,75.4,79.2,86.7,48.2,Placed,Accenture,Web Developer,6.67
STU20262516,Male,2026,Mechanical,7.74,69.4,60.8,1,No,1,1,"C, SQL, ANSYS, CATIA",67.7,85.9,90.1,63.8,Placed,L&T,Production Engineer,4.76
STU20262517,Female,2026,CSE,7.43,85.6,80.0,2,No,1,1,"MongoDB, Java, Git",60.8,98.0,72.2,76.4,Placed,Infosys,Software Developer,5.51
STU20262518,Male,2025,CSE,5.8,68.5,63.2,3,No,0,1,"React, SQL, Java, Python, MongoDB, JavaScript",48.5,86.4,52.2,53.1,Not Placed,Not Placed,Not Placed,0.0
STU20262519,Male,2024,ECE,8.66,86.1,76.8,0,No,2,3,"MATLAB, Git, Arduino, SQL, C++, Python",95.7,96.5,84.1,85.8,Placed,TCS,Network Engineer,7.65
STU20262520,Male,2024,CSE,7.58,85.1,75.5,2,No,3,1,"DSA, MongoDB, Java, JavaScript",65.2,98.0,72.7,71.2,Placed,Accenture,Backend Developer,5.72
STU20262521,Male,2025,CSE,8.99,84.7,92.6,0,Yes,2,3,"React, Java, SQL, DSA, C++, MongoDB",63.5,87.0,82.0,89.0,Placed,Tech Mahindra,QA Engineer,8.17
STU20262522,Male,2026,ECE,8.05,73.3,75.0,0,Yes,3,2,"Python, MATLAB, SQL, Git, Embedded C, IoT",76.4,91.3,87.9,71.2,Placed,L&T Technology Services,Network Engineer,5.56
STU20262523,Male,2027,IT,8.92,77.9,69.1,0,No,2,1,,85.2,98.0,70.6,41.8,Placed,Capgemini,Software Developer,6.24
STU20262524,Male,2025,ECE,8.43,60.3,88.0,3,No,2,2,"Embedded C, Arduino, Java, Python",89.1,73.1,92.7,63.4,Not Placed,Not Placed,Not Placed,0.0
STU20262525,Male,2026,Civil,5.41,,74.7,2,No,1,0,"Excel, Primavera, AutoCAD, Python, C",53.9,70.3,43.1,60.1,Not Placed,Not Placed,Not Placed,0.0
STU20262526,Male,2024,CSE,8.52,84.9,83.3,0,Yes,4,2,"Java, Git, Python, MongoDB",80.5,95.0,83.6,61.8,Placed,Zoho,QA Engineer,9.1
STU20262527,Female,2026,Civil,7.21,74.4,84.9,0,Yes,4,3,"GIS, Revit, C, STAAD Pro, Primavera, Excel",87.5,90.2,60.4,77.8,Placed,Afcons Infrastructure,Graduate Engineer Trainee,5.61
STU20262528,Female,2024,Civil,8.49,75.1,90.0,0,Yes,3,2,"AutoCAD, MATLAB, Primavera, C",95.8,78.5,76.9,61.1,Placed,Tata Projects,Graduate Engineer Trainee,6.02
STU20262529,Male,2026,Mechanical,8.05,76.0,70.5,3,No,2,1,"C, SolidWorks, ANSYS, CATIA, AutoCAD, SQL",95.2,87.6,76.5,50.7,Not Placed,Not Placed,Not Placed,0.0
STU20262530,Male,2024,ECE,8.26,87.2,67.6,1,Yes,3,0,"Embedded C, C++, IoT",89.6,86.7,68.5,64.4,Not Placed,Not Placed,Not Placed,0.0
STU20262531,Male,2024,ECE,7.52,76.4,81.2,0,No,4,2,"MATLAB, C++, Embedded C",62.7,80.1,61.7,77.9,Placed,TCS,Software Developer,5.26
STU20262532,Male,2026,ECE,6.97,88.4,72.0,2,No,1,0,"MATLAB, Arduino, Git, Python",61.8,82.2,56.8,64.7,Placed,Wipro,Embedded Engineer,2.5
STU20262533,Male,2025,EEE,7.28,72.2,73.5,2,No,3,2,"SQL, IoT, MATLAB, Embedded C, C, Arduino",93.9,96.4,72.9,57.0,Not Placed,Not Placed,Not Placed,0.0
STU20262534,Male,2025,CSE,6.47,75.7,64.6,0,No,1,0,"Python, React, Java, DSA, JavaScript",91.1,64.8,74.1,63.0,Not Placed,Not Placed,Not Placed,0.0
STU20262535,Male,2025,Civil,7.0,72.5,78.0,5,No,1,0,"STAAD Pro, MATLAB, SQL",71.4,79.5,91.7,80.9,Not Placed,Not Placed,Not Placed,0.0
STU20262536,Female,2027,ECE,6.51,88.8,75.4,2,No,3,0,"Python, C, Java, IoT, Git, C++",72.9,88.9,62.7,73.6,Not Placed,Not Placed,Not Placed,0.0
STU20262537,Male,2025,Mechanical,6.33,75.1,71.0,1,No,1,0,"SolidWorks, CATIA, SQL, ANSYS, C++, AutoCAD",57.1,85.1,45.4,74.2,Placed,Maruti Suzuki,Graduate Engineer Trainee,3.55
STU20262538,Female,2026,IT,8.0,92.9,66.9,0,Yes,3,2,"Java, Python, JavaScript, React, AWS",98.0,85.0,78.1,77.4,Placed,TCS,QA Engineer,5.67
STU20262539,Male,2027,CSE,8.45,76.2,86.3,3,No,3,0,"React, SQL, DSA, C++, Git",72.0,95.5,51.2,47.9,Placed,Cognizant,Data Analyst,7.86
STU20262540,Male,2026,ECE,7.72,88.0,77.6,1,No,1,1,"MATLAB, C, IoT, Git",98.0,77.7,91.7,66.3,Not Placed,Not Placed,Not Placed,0.0
STU20262541,Female,2025,ECE,7.33,77.2,82.6,2,No,1,0,"Arduino, SQL, Git, C++",73.2,84.3,79.2,79.8,Not Placed,Not Placed,Not Placed,0.0
STU20262542,Male,2026,IT,7.09,81.6,59.4,1,Yes,2,1,"React, Node.js, Git, JavaScript",65.1,71.1,55.2,45.5,Placed,Zoho,Full Stack Developer,4.41
STU20262543,Male,2024,IT,7.63,68.5,76.0,1,No,2,1,"Git, React, DSA, AWS, JavaScript, Python",56.8,65.9,49.9,44.4,Placed,Capgemini,Data Analyst,7.53
STU20262544,Female,2026,CSE,7.3,78.7,69.7,1,No,2,0,"MongoDB, Java, Python, C++, React, Git",73.3,82.8,58.0,54.8,Not Placed,Not Placed,Not Placed,0.0
STU20262545,Male,2025,ECE,7.7,69.8,76.0,0,No,2,0,"C, MATLAB, Git",77.0,88.3,77.7,58.7,Not Placed,Not Placed,Not Placed,0.0
STU20262546,Male,2026,IT,6.61,76.3,79.4,3,Yes,4,1,"Java, Python, Node.js",74.2,86.1,56.4,72.2,Placed,Deloitte,QA Engineer,6.65
STU20262547,Male,2027,Civil,8.1,67.6,79.5,3,No,2,2,"C, Revit, GIS, Primavera, SQL, STAAD Pro",80.6,77.3,82.1,52.1,Not Placed,Not Placed,Not Placed,0.0
STU20262548,Male,2024,CSE,7.52,76.1,75.4,3,No,2,0,"React, Python, C++, Git, DSA",94.2,53.9,82.3,73.7,Placed,Tech Mahindra,Software Developer,6.37
STU20262549,Male,2024,IT,8.22,86.2,77.3,0,No,4,0,"JavaScript, DSA, React, SQL, Git",93.5,93.8,65.4,94.5,Placed,Wipro,Full Stack Developer,6.99
STU20262550,Male,2025,IT,8.65,83.5,67.4,1,Yes,2,2,"JavaScript, Git, Node.js, Java, AWS",85.6,98.0,86.1,64.8,Placed,Wipro,Software Developer,7.66
STU20262551,Female,2026,ECE,8.03,69.4,70.3,2,Yes,2,0,"Embedded C, C, Java, SQL, IoT",93.9,62.2,87.8,54.8,Not Placed,Not Placed,Not Placed,0.0
STU20262552,Male,2025,ECE,8.43,65.8,85.6,0,Yes,3,3,"C, C++, Python, Arduino, MATLAB",73.7,87.6,81.1,66.5,Placed,Tech Mahindra,Embedded Engineer,5.97
STU20262553,Male,2026,ECE,5.99,76.5,67.6,3,No,0,1,"Java, Git, IoT, Embedded C",73.5,60.6,71.0,74.2,Not Placed,Not Placed,Not Placed,0.0
STU20262554,Male,2026,Civil,7.08,86.8,82.1,1,No,2,0,"Python, AutoCAD, STAAD Pro, Revit",83.7,78.9,61.0,69.5,Not Placed,Not Placed,Not Placed,0.0
STU20262555,Female,2027,IT,8.84,73.4,84.7,1,No,5,0,"Git, Java, AWS",98.0,98.0,98.0,76.5,Placed,Infosys,Software Developer,7.88
STU20262556,Female,2025,EEE,8.08,92.9,83.0,0,No,4,1,"Python, Embedded C, Java, Arduino, C++",69.0,84.1,59.6,64.3,Placed,Wipro,Graduate Engineer Trainee,6.39
STU20262557,Male,2024,CSE,9.57,81.9,83.2,0,No,4,1,"JavaScript, DSA, SQL",82.5,88.8,72.5,71.6,Placed,Infosys,Data Analyst,7.76
STU20262558,Male,2025,CSE,9.45,67.9,77.5,0,Yes,5,2,"Java, C++, MongoDB",85.0,98.0,90.0,98.0,Placed,Infosys,Data Analyst,8.25
STU20262559,Female,2026,IT,8.15,67.4,75.9,0,No,3,1,"DSA, AWS, JavaScript, React, MongoDB, Git",89.0,64.0,67.7,62.9,Placed,Infosys,Support Engineer,7.62
STU20262560,Female,2025,CSE,7.79,82.9,80.5,0,No,2,2,"React, Node.js, MongoDB",81.6,92.3,67.3,67.6,Placed,TCS,Web Developer,7.76
STU20262561,Female,2025,ECE,6.94,76.3,58.9,2,No,3,1,"Arduino, SQL, C, C++, Embedded C",84.0,89.8,50.1,73.1,Not Placed,Not Placed,Not Placed,0.0
STU20262562,Male,2025,EEE,7.25,86.5,83.3,1,No,1,1,"MATLAB, C++, Arduino, AutoCAD",48.5,77.8,62.9,97.7,Placed,Siemens,Embedded Engineer,5.21
STU20262563,Male,2026,EEE,7.3,67.9,71.2,1,Yes,3,1,"Python, IoT, Java",96.7,76.6,98.0,82.0,Placed,L&T Technology Services,Embedded Engineer,4.66
STU20262564,Male,2027,ECE,7.25,77.0,74.0,1,No,1,0,"Embedded C, C, MATLAB",76.6,72.9,64.3,69.0,Placed,HCLTech,Network Engineer,2.5
STU20262565,Male,2025,ECE,6.97,75.5,73.3,1,No,1,0,"Java, C, SQL, Git",79.0,71.6,84.5,62.2,Placed,Infosys,Software Developer,5.76
STU20262566,Female,2024,IT,8.24,77.6,77.0,0,No,3,3,"Java, AWS, Node.js",88.1,89.1,66.5,83.9,Placed,HCLTech,Support Engineer,6.95
STU20262567,Male,2025,CSE,9.44,78.9,71.3,0,Yes,5,5,"React, Python, Git, SQL, DSA",87.2,87.1,63.9,70.7,Placed,Deloitte,Web Developer,8.02
STU20262568,Male,2025,CSE,8.79,77.4,79.8,0,Yes,4,1,"Node.js, Git, MongoDB, JavaScript, React",95.2,94.1,65.0,90.0,Placed,TCS,Software Developer,7.81
STU20262569,Female,2027,ECE,7.48,77.9,79.4,3,No,2,0,"C++, Git, MATLAB, IoT, Python, Embedded C",78.3,74.7,79.3,64.6,Not Placed,Not Placed,Not Placed,0.0
STU20262570,Female,2025,Civil,8.36,81.0,63.3,1,Yes,3,3,"MATLAB, Primavera, GIS, Revit",85.1,90.5,45.1,64.5,Placed,L&T,Site Engineer,5.46
STU20262571,Male,2026,CSE,8.29,80.5,68.3,0,No,3,1,"MongoDB, Node.js, SQL, Git, DSA",89.9,80.2,95.3,50.2,Placed,TCS,Web Developer,8.27
STU20262572,Female,2027,ECE,7.72,85.7,82.1,1,Yes,4,2,"C++, Embedded C, IoT, Python, Arduino",82.4,90.4,77.1,77.9,Placed,Bosch,QA Engineer,8.25
STU20262573,Male,2026,EEE,7.56,68.5,80.4,2,Yes,1,0,"IoT, MATLAB, Java, C++, C, Arduino",59.0,90.6,65.4,50.0,Not Placed,Not Placed,Not Placed,0.0
STU20262574,Male,2025,Mechanical,7.38,63.8,77.0,2,Yes,2,1,"CATIA, MATLAB, C, Python",74.7,82.0,59.2,86.7,Not Placed,Not Placed,Not Placed,0.0
STU20262575,Male,2026,ECE,8.3,85.9,72.6,0,Yes,2,3,"Arduino, Java, Git",98.0,72.1,66.4,54.4,Placed,HCLTech,QA Engineer,6.19
STU20262576,Female,2025,ECE,7.87,71.1,81.3,0,Yes,2,3,"Embedded C, C, C++, IoT",72.7,86.4,86.4,49.8,Placed,Wipro,Embedded Engineer,6.54
STU20262577,Female,2025,EEE,7.03,72.9,65.6,3,No,1,1,"Python, Java, Embedded C",73.8,78.7,47.6,67.1,Not Placed,Not Placed,Not Placed,0.0
STU20262578,Male,2027,Mechanical,6.89,70.9,72.6,1,No,0,0,"AutoCAD, MATLAB, CATIA, Excel",79.5,71.9,66.8,79.2,Placed,Maruti Suzuki,Mechanical Engineer,4.3
STU20262579,Male,2025,CSE,8.26,74.2,68.2,1,Yes,2,1,"SQL, Java, MongoDB, Node.js",98.0,76.6,87.7,70.3,Placed,Capgemini,Data Analyst,8.91
STU20262580,Male,2025,Civil,7.86,67.4,75.1,0,No,2,0,"Python, Excel, GIS, C, Revit",76.2,79.8,45.1,76.9,Not Placed,Not Placed,Not Placed,0.0
STU20262581,Male,2024,CSE,7.73,73.3,68.7,0,No,3,2,"SQL, JavaScript, MongoDB",66.4,93.6,62.8,71.5,Placed,Cognizant,Data Analyst,6.33
STU20262582,Female,2024,Mechanical,6.59,79.0,78.1,3,No,1,0,"C++, AutoCAD, CATIA, Excel, SolidWorks",78.5,69.5,46.7,75.9,Not Placed,Not Placed,Not Placed,0.0
STU20262583,Male,2026,CSE,9.06,80.6,82.5,0,No,2,0,"JavaScript, C++, DSA",75.6,98.0,59.5,86.6,Placed,TCS,Software Developer,7.38
STU20262584,Female,2026,CSE,8.88,83.7,75.0,0,Yes,4,0,"Python, C++, React, DSA, Git",92.9,81.9,78.3,63.2,Placed,Wipro,Data Analyst,7.68
STU20262585,Male,2026,CSE,6.31,70.3,79.7,3,No,2,0,"React, Git, MongoDB",78.8,62.2,73.7,69.6,Not Placed,Not Placed,Not Placed,0.0
STU20262586,Male,2025,IT,9.04,86.9,72.7,0,Yes,5,2,"Java, React, SQL, Python, JavaScript, Node.js",86.9,92.4,70.8,48.3,Placed,Cognizant,Support Engineer,7.89
STU20262587,Male,2024,IT,7.72,73.7,75.6,1,Yes,3,1,"DSA, MongoDB, SQL, Git, Java, AWS",77.8,62.8,51.4,88.1,Placed,Deloitte,Data Analyst,6.94
STU20262588,Female,2025,CSE,8.16,63.6,72.7,0,Yes,2,2,"React, C++, Git, Java, SQL, DSA",90.6,85.7,61.4,67.6,Placed,Wipro,Software Developer,6.25
STU20262589,Male,2026,IT,8.87,82.4,84.1,0,No,2,1,"Python, Java, MongoDB, Git, DSA",97.5,84.0,80.6,68.4,Placed,Capgemini,Data Analyst,5.89
STU20262590,Male,2027,IT,9.3,86.6,84.6,1,Yes,4,3,"Git, AWS, Java, MongoDB",92.0,98.0,76.7,67.8,Placed,Capgemini,Software Developer,8.42
STU20262591,Male,2026,EEE,8.5,75.3,87.1,1,No,2,1,"MATLAB, Arduino, C, Java, IoT",84.5,68.4,58.7,59.6,Not Placed,Not Placed,Not Placed,0.0
STU20262592,Female,2027,Mechanical,7.75,85.8,76.5,1,No,2,0,"SolidWorks, Excel, ANSYS, Python, AutoCAD",65.3,87.4,64.7,76.8,Not Placed,Not Placed,Not Placed,0.0
STU20262593,Female,2027,ECE,6.58,68.5,52.0,5,No,0,2,"Git, Python, IoT, Embedded C, C",69.3,76.4,76.5,74.5,Not Placed,Not Placed,Not Placed,0.0
STU20262594,Female,2025,CSE,6.28,78.4,68.9,1,Yes,1,0,"Node.js, JavaScript, Java",64.2,86.8,67.7,65.1,Placed,Infosys,Web Developer,4.49
STU20262595,Male,2026,IT,8.65,91.8,89.3,1,Yes,4,0,"React, Python, AWS, JavaScript",89.2,85.6,61.0,92.5,Placed,Zoho,QA Engineer,8.99
STU20262596,Female,2026,Civil,8.64,79.9,76.1,0,Yes,3,4,"GIS, Python, Excel, STAAD Pro, SQL",98.0,97.1,77.9,82.0,Placed,JLL,Design Engineer,5.24
STU20262597,Male,2027,CSE,7.31,74.7,61.3,3,No,1,0,"React, Python, DSA, MongoDB",60.5,82.4,61.9,87.1,Placed,Accenture,QA Engineer,5.18
STU20262598,Female,2025,IT,7.67,76.4,78.9,1,Yes,2,1,"AWS, Node.js, React",92.5,61.0,62.3,49.3,Placed,Wipro,Support Engineer,5.54
STU20262599,Male,2026,Civil,7.03,87.0,77.6,3,No,3,0,"STAAD Pro, Python, MATLAB, SQL, Primavera, AutoCAD",80.0,88.8,69.8,60.2,Placed,Afcons Infrastructure,Civil Engineer,4.48
STU20262600,Male,2025,Civil,7.0,78.3,68.8,0,Yes,2,0,"Revit, Primavera, Python, SQL, C, MATLAB",74.7,74.7,53.7,83.4,Placed,Adani,Civil Engineer,3.94
STU20262601,Female,2026,IT,8.81,95.0,,0,No,3,1,"SQL, React, Node.js",76.1,75.8,69.5,53.1,Placed,Capgemini,Software Developer,7.53
STU20262602,Female,2027,EEE,7.84,79.6,70.2,2,Yes,3,3,"SQL, C, Python, AutoCAD, Embedded C",85.1,86.9,85.0,66.8,Placed,Schneider Electric,Embedded Engineer,4.75
STU20262603,Male,2027,IT,7.71,72.7,79.5,1,Yes,4,2,"Python, DSA, MongoDB, AWS, Node.js, Git",98.0,98.0,98.0,59.4,Placed,Accenture,Data Analyst,7.51
STU20262604,Male,2024,EEE,9.8,78.4,81.9,1,Yes,3,2,"Embedded C, MATLAB, SQL",60.9,92.1,56.9,76.6,Placed,Schneider Electric,Embedded Engineer,8.46
STU20262605,Female,2024,CSE,6.78,75.4,65.1,3,No,0,1,"C++, SQL, Git, React, DSA",45.4,74.9,55.7,63.7,Not Placed,Not Placed,Not Placed,0.0
STU20262606,Female,2026,CSE,8.47,64.9,77.8,1,Yes,2,3,"C++, SQL, Python, Java, Git",80.2,69.3,88.6,59.7,Placed,Infosys,Web Developer,6.89
STU20262607,Female,2026,ECE,6.86,71.8,68.4,1,Yes,3,0,"C, C++, SQL, Arduino, MATLAB",80.7,68.2,51.1,92.6,Not Placed,Not Placed,Not Placed,0.0
STU20262608,Male,2027,CSE,7.87,74.5,86.5,2,No,4,1,"JavaScript, Git, DSA, C++, React, SQL",95.6,92.4,69.8,75.6,Placed,Tech Mahindra,Software Developer,6.01
STU20262609,Male,2025,EEE,7.78,79.1,82.3,4,No,3,2,"Java, IoT, Python, MATLAB",86.8,96.0,94.5,75.4,Not Placed,Not Placed,Not Placed,0.0
STU20262610,Female,2027,IT,8.62,93.1,77.4,1,Yes,2,1,"Git, Python, SQL",63.5,88.2,65.0,74.2,Placed,Accenture,Software Developer,5.39
STU20262611,Female,2026,Mechanical,7.33,76.7,75.4,0,No,3,0,"AutoCAD, SolidWorks, MATLAB, C++",86.5,85.0,66.1,78.1,Not Placed,Not Placed,Not Placed,0.0
STU20262612,Female,2024,Mechanical,7.24,62.6,81.6,0,Yes,2,1,"C++, ANSYS, Python",74.1,75.2,52.2,78.5,Placed,Maruti Suzuki,Graduate Engineer Trainee,3.23
STU20262613,Male,2024,ECE,7.51,70.4,74.1,0,No,1,1,"Java, MATLAB, IoT, Arduino, Python",85.7,79.3,79.0,46.1,Not Placed,Not Placed,Not Placed,0.0
STU20262614,Male,2026,EEE,6.73,76.7,78.5,4,No,1,0,"IoT, MATLAB, Embedded C, C, AutoCAD",62.5,62.5,43.7,91.4,Not Placed,Not Placed,Not Placed,0.0
STU20262615,Male,2024,CSE,8.54,80.0,88.4,0,Yes,3,1,"C++, Git, SQL, React, Java, MongoDB",66.8,82.3,65.2,93.4,Placed,TCS,Software Developer,5.03
STU20262616,Female,2027,ECE,7.99,89.3,73.1,1,No,2,1,"Python, Arduino, Git, SQL",74.5,82.7,55.1,62.9,Placed,L&T Technology Services,Network Engineer,5.68
STU20262617,Male,2026,CSE,8.37,85.6,89.1,3,Yes,4,2,"Git, Python, React, Java",92.7,74.2,69.3,52.5,Placed,Zoho,Data Analyst,6.76
STU20262618,Female,2025,Mechanical,7.49,83.2,84.7,1,Yes,2,1,"C++, C, CATIA, ANSYS, SQL, Excel",82.0,98.0,94.1,59.4,Placed,L&T,Design Engineer,5.27
STU20262619,Female,2025,Mechanical,7.39,75.0,76.7,0,No,0,1,"MATLAB, C, Python, C++",72.2,69.9,74.6,55.8,Not Placed,Not Placed,Not Placed,0.0
STU20262620,Female,2027,Civil,8.5,86.9,74.8,0,No,3,3,"SQL, STAAD Pro, Excel, MATLAB",77.7,93.1,77.1,72.1,Placed,Shapoorji Pallonji,Design Engineer,5.41
STU20262621,Male,2026,Mechanical,8.42,72.8,79.4,0,Yes,2,1,"CATIA, AutoCAD, C++, SolidWorks",80.5,72.6,77.5,67.6,Placed,Bosch,Production Engineer,4.04
STU20262622,Female,2027,Civil,8.7,86.5,76.8,2,No,2,0,,98.0,54.3,74.5,61.2,Not Placed,Not Placed,Not Placed,0.0
STU20262623,Male,2027,CSE,8.32,76.8,71.9,1,Yes,4,3,"Git, Python, JavaScript",98.0,98.0,90.0,80.1,Placed,Wipro,QA Engineer,7.66
STU20262624,Male,2026,Civil,8.65,69.5,82.1,0,Yes,2,2,"Primavera, SQL, C, Python",88.4,88.8,84.7,71.2,Placed,Adani,Design Engineer,5.1
STU20262625,Male,2027,ECE,7.4,80.7,67.8,1,No,2,3,"Arduino, SQL, IoT, Git, Embedded C",89.3,62.3,52.7,80.1,Placed,Bosch,Network Engineer,3.13
STU20262626,Male,2026,IT,7.73,87.1,73.5,2,No,2,5,"JavaScript, Python, SQL, DSA, React",69.9,79.4,83.6,68.0,Placed,Zoho,QA Engineer,4.33
STU20262627,Female,2026,ECE,8.77,77.1,76.4,0,Yes,3,2,"Embedded C, Arduino, Python, C++, IoT, Java",98.0,98.0,78.1,93.0,Placed,Wipro,Network Engineer,8.19
STU20262628,Female,2025,IT,8.62,90.5,68.7,0,Yes,3,3,"SQL, Python, Git, JavaScript",81.4,96.4,80.4,98.0,Placed,Accenture,QA Engineer,7.73
STU20262629,Male,2025,IT,7.65,65.5,80.3,1,Yes,0,1,"Java, JavaScript, AWS, SQL, React, MongoDB",58.0,52.4,44.5,75.6,Not Placed,Not Placed,Not Placed,0.0
STU20262630,Female,2026,CSE,7.11,67.4,72.6,2,No,2,1,"Java, Python, DSA, C++, React, SQL",89.4,73.4,68.4,64.9,Not Placed,Not Placed,Not Placed,0.0
STU20262631,Male,2025,CSE,7.83,76.5,85.2,1,No,4,3,"Python, DSA, Node.js, MongoDB, Java",85.2,87.3,69.5,68.0,Placed,Capgemini,QA Engineer,6.8
STU20262632,Female,2026,ECE,7.17,73.3,72.6,1,Yes,3,1,"Git, IoT, MATLAB, C++",95.1,85.6,59.7,85.5,Placed,Bosch,Software Developer,6.14
STU20262633,Female,2027,Mechanical,9.02,75.9,76.5,0,Yes,3,1,"AutoCAD, CATIA, Excel, C, SQL",97.5,89.5,90.0,83.2,Placed,Maruti Suzuki,Design Engineer,8.67
STU20262634,Male,2025,ECE,8.4,79.9,71.3,0,Yes,3,3,"Python, C, Git, Java, Arduino",69.0,73.2,52.3,49.9,Placed,Bosch,Software Developer,6.9
STU20262635,Male,2024,ECE,7.1,72.0,74.4,4,Yes,3,1,"Arduino, Java, Embedded C, MATLAB",80.2,73.7,98.0,79.4,Not Placed,Not Placed,Not Placed,0.0
STU20262636,Male,2026,IT,7.01,73.0,74.2,2,No,1,0,"DSA, React, Git, Python, JavaScript",61.8,65.5,53.5,64.1,Not Placed,Not Placed,Not Placed,0.0
STU20262637,Male,2024,IT,7.24,78.0,79.7,4,No,3,1,"Node.js, React, AWS, Python, DSA",93.9,88.2,75.1,72.1,Placed,Zoho,Data Analyst,5.42
STU20262638,Female,2027,CSE,7.52,72.1,75.8,3,Yes,3,2,"React, Git, Python, DSA",81.1,78.7,72.9,72.7,Placed,TCS,Backend Developer,6.56
STU20262639,Male,2026,Mechanical,7.41,75.8,89.7,1,No,2,0,"AutoCAD, SQL, Excel, C",69.2,72.5,84.8,64.0,Placed,Tata Motors,Graduate Engineer Trainee,5.5
STU20262640,Male,2026,CSE,8.95,75.9,82.4,0,Yes,5,0,"React, DSA, Python, MongoDB",67.9,87.6,97.5,52.7,Placed,Tech Mahindra,Web Developer,9.25
STU20262641,Male,2026,EEE,6.83,66.6,66.5,4,Yes,0,3,"Arduino, MATLAB, Embedded C, AutoCAD, IoT, C",83.1,69.5,61.7,53.7,Not Placed,Not Placed,Not Placed,0.0
STU20262642,Female,2026,EEE,9.6,87.3,73.4,0,No,2,1,"Arduino, Embedded C, IoT, AutoCAD, SQL",83.9,98.0,80.7,65.4,Placed,Schneider Electric,Electrical Engineer,6.82
STU20262643,Male,2025,ECE,6.95,87.3,77.5,2,No,2,3,"C, Java, MATLAB, Python, C++, Arduino",71.6,93.0,62.2,67.1,Placed,L&T Technology Services,Embedded Engineer,5.98
STU20262644,Female,2025,Mechanical,6.35,81.3,,2,No,2,1,"SolidWorks, MATLAB, SQL",77.6,86.4,52.8,68.0,Not Placed,Not Placed,Not Placed,0.0
STU20262645,Female,2025,IT,9.34,83.7,84.4,0,Yes,5,1,"Git, JavaScript, AWS, Python, MongoDB",83.6,81.9,77.8,75.9,Placed,Deloitte,QA Engineer,8.56
STU20262646,Male,2027,Mechanical,8.67,75.2,84.7,0,Yes,1,1,"CATIA, SQL, AutoCAD, C, Excel",62.6,88.4,74.3,62.9,Not Placed,Not Placed,Not Placed,0.0
STU20262647,Male,2024,EEE,7.5,74.7,81.7,2,Yes,3,1,"C++, Arduino, SQL, Embedded C, AutoCAD",82.3,89.9,70.1,56.0,Placed,TCS,Software Developer,5.72
STU20262648,Male,2025,Mechanical,7.87,85.1,70.2,0,No,1,0,"C++, SolidWorks, C, AutoCAD",65.7,68.6,66.6,80.6,Placed,Maruti Suzuki,Production Engineer,6.33
STU20262649,Male,2024,EEE,8.0,62.0,83.1,2,No,3,2,"C++, C, Arduino, Embedded C",81.6,74.8,76.4,75.5,Not Placed,Not Placed,Not Placed,0.0
STU20262650,Female,2025,Mechanical,7.67,74.6,78.0,3,Yes,3,2,"SolidWorks, ANSYS, CATIA, Python, C++, C",70.5,74.9,80.8,64.3,Not Placed,Not Placed,Not Placed,0.0
STU20262651,Female,2024,Civil,6.4,79.1,68.0,3,No,2,1,"Python, SQL, Primavera",55.7,60.4,49.9,79.2,Not Placed,Not Placed,Not Placed,0.0
STU20262652,Male,2027,IT,5.79,64.5,69.5,0,No,1,0,"Python, React, Node.js, Git, DSA",46.8,78.9,71.2,56.7,Not Placed,Not Placed,Not Placed,0.0
STU20262653,Male,2024,Mechanical,6.83,78.0,76.7,1,Yes,3,1,"SolidWorks, Python, CATIA, MATLAB",77.9,88.2,87.6,75.5,Placed,Maruti Suzuki,Production Engineer,5.75
STU20262654,Male,2026,EEE,9.19,83.6,75.1,0,Yes,3,3,"SQL, AutoCAD, Arduino",98.0,91.2,60.2,75.6,Placed,Schneider Electric,Graduate Engineer Trainee,6.84
STU20262655,Male,2025,IT,9.48,71.5,82.7,0,Yes,3,1,"JavaScript, AWS, React",98.0,91.3,79.9,65.2,Placed,Zoho,Data Analyst,8.13
STU20262656,Female,2025,Civil,7.28,76.8,84.8,2,No,2,1,"AutoCAD, Primavera, Revit",76.7,72.6,75.0,74.7,Not Placed,Not Placed,Not Placed,0.0
STU20262657,Female,2024,IT,7.09,71.4,80.9,2,No,3,0,"Java, SQL, Node.js, Python, MongoDB, React",95.0,98.0,78.5,53.2,Placed,Cognizant,Support Engineer,6.11
STU20262658,Female,2026,ECE,7.99,80.9,77.1,0,No,3,1,"IoT, Git, Arduino, SQL, MATLAB, C++",76.0,80.1,83.6,68.5,Placed,Infosys,Network Engineer,6.15
STU20262659,Male,2027,CSE,8.37,83.6,79.2,0,Yes,3,0,"Node.js, Java, C++, React, SQL, Python",94.2,79.1,89.1,72.5,Placed,Wipro,Web Developer,8.31
STU20262660,Male,2025,CSE,8.51,82.1,74.2,0,No,3,1,"MongoDB, C++, Node.js, DSA, JavaScript",79.1,85.8,75.8,55.6,Placed,Capgemini,Web Developer,8.69
STU20262661,Male,2027,Mechanical,5.4,72.0,66.0,2,No,2,2,"Python, ANSYS, MATLAB, SQL",58.3,58.9,48.6,76.5,Not Placed,Not Placed,Not Placed,0.0
STU20262662,Female,2025,IT,9.8,84.5,70.7,0,No,4,3,"Python, SQL, AWS, Git, Java, JavaScript",98.0,98.0,74.5,82.3,Placed,Accenture,Full Stack Developer,7.17
STU20262663,Male,2026,IT,8.86,71.9,80.7,0,No,2,4,"DSA, Node.js, SQL, AWS, Python, Java",89.5,98.0,94.2,68.1,Placed,HCLTech,Software Developer,6.15
STU20262664,Female,2026,CSE,7.83,77.4,80.9,0,No,3,1,"C++, MongoDB, DSA, Python, React",89.2,81.9,59.9,69.8,Placed,Accenture,Data Analyst,4.21
STU20262665,Male,2024,ECE,7.14,70.3,73.8,3,Yes,2,1,"Arduino, IoT, MATLAB, Embedded C, Java, SQL",57.8,86.7,75.3,69.5,Not Placed,Not Placed,Not Placed,0.0
STU20262666,Male,2025,Mechanical,8.39,86.2,71.5,0,Yes,3,2,"C++, SolidWorks, SQL, C, CATIA, Python",96.8,68.8,84.5,71.7,Placed,Tata Motors,Graduate Engineer Trainee,4.35
STU20262667,Female,2024,Mechanical,7.97,82.7,77.0,2,No,2,1,"Python, MATLAB, SolidWorks, C++, AutoCAD",88.0,73.3,79.8,62.7,Not Placed,Not Placed,Not Placed,0.0
STU20262668,Male,2026,CSE,8.08,83.0,86.2,1,Yes,3,2,"DSA, Node.js, JavaScript, SQL, Java",78.1,87.9,84.4,72.9,Placed,Cognizant,Software Developer,6.13
STU20262669,Male,2025,ECE,8.14,90.3,83.3,1,No,3,1,"Python, C, Arduino",90.2,66.7,72.1,65.7,Not Placed,Not Placed,Not Placed,0.0
STU20262670,Male,2027,IT,7.8,75.2,75.9,1,No,1,5,"DSA, SQL, Node.js, JavaScript, Java, MongoDB",89.7,91.8,69.9,88.4,Placed,Capgemini,Software Developer,7.0
STU20262671,Female,2025,ECE,8.09,74.4,91.2,0,No,1,3,"C, Git, Embedded C",69.1,82.9,96.0,66.0,Placed,Wipro,Embedded Engineer,6.17
STU20262672,Male,2027,IT,8.52,76.8,96.9,1,No,4,2,,78.8,93.6,98.0,57.3,Placed,Zoho,Data Analyst,8.0
STU20262673,Female,2024,IT,8.19,,73.8,1,Yes,4,1,"JavaScript, AWS, Python",82.5,84.6,91.6,51.9,Placed,Capgemini,QA Engineer,8.58
STU20262674,Male,2026,IT,8.15,67.7,75.3,0,No,2,0,"React, Git, DSA",54.1,80.1,79.7,80.7,Not Placed,Not Placed,Not Placed,0.0
STU20262675,Male,2025,ECE,8.93,84.7,84.0,0,No,3,1,"Git, SQL, IoT",91.1,63.1,68.2,85.9,Placed,HCLTech,Software Developer,7.09
STU20262676,Male,2024,ECE,6.39,64.2,65.9,1,Yes,1,0,"SQL, Python, C, Git",80.4,60.5,67.3,58.6,Placed,HCLTech,Embedded Engineer,3.58
STU20262677,Male,2024,IT,7.22,68.5,80.4,1,No,2,1,"SQL, MongoDB, JavaScript",82.9,84.2,67.2,76.0,Not Placed,Not Placed,Not Placed,0.0
STU20262678,Female,2026,Mechanical,7.57,76.2,76.1,0,No,2,3,"ANSYS, Python, SolidWorks",83.6,70.7,84.6,75.0,Placed,Maruti Suzuki,Production Engineer,6.75
STU20262679,Female,2025,EEE,7.03,72.7,76.6,0,No,3,1,"IoT, MATLAB, C++, Python",89.9,69.8,73.2,68.8,Not Placed,Not Placed,Not Placed,0.0
STU20262680,Female,2026,IT,7.56,83.1,71.4,2,Yes,1,2,"Node.js, JavaScript, Python, MongoDB",74.1,76.9,77.8,59.2,Placed,TCS,Full Stack Developer,5.8
STU20262681,Female,2027,Mechanical,8.64,80.0,72.8,0,Yes,2,2,"C, C++, SolidWorks, MATLAB, Python, AutoCAD",64.3,84.8,74.1,78.7,Placed,Maruti Suzuki,Mechanical Engineer,5.36
STU20262682,Male,2025,Mechanical,7.42,71.0,61.1,0,No,1,0,"ANSYS, Python, SQL, SolidWorks, C++, C",76.2,83.8,37.3,84.4,Not Placed,Not Placed,Not Placed,0.0
STU20262683,Male,2024,CSE,6.45,80.9,82.8,1,Yes,3,2,"DSA, MongoDB, Java",90.4,81.0,82.9,89.5,Placed,Zoho,Web Developer,6.47
STU20262684,Female,2024,ECE,7.39,81.6,81.5,1,No,2,1,"SQL, IoT, C",81.3,73.3,68.7,74.9,Placed,TCS,Software Developer,6.66
STU20262685,Male,2024,IT,7.95,68.0,81.2,1,No,1,0,"DSA, Java, SQL, Node.js, React, JavaScript",72.8,62.1,84.4,79.1,Placed,Deloitte,QA Engineer,3.71
STU20262686,Female,2025,EEE,7.68,79.0,78.2,0,Yes,2,1,"Python, IoT, MATLAB, AutoCAD, C",87.8,98.0,66.3,50.9,Placed,HCLTech,Electrical Engineer,5.55
STU20262687,Male,2026,CSE,8.47,74.2,61.7,2,Yes,2,3,"C++, React, Java, Node.js, SQL",87.0,89.7,95.0,79.9,Placed,Wipro,QA Engineer,6.82
STU20262688,Male,2025,EEE,8.05,72.9,71.5,1,Yes,1,1,"C, SQL, AutoCAD, MATLAB, Embedded C, IoT",75.2,90.9,65.2,80.1,Placed,Siemens,Electrical Engineer,3.85
STU20262689,Male,2024,CSE,7.88,90.8,74.5,0,Yes,4,2,"JavaScript, SQL, Java",85.8,63.6,70.6,68.8,Placed,TCS,QA Engineer,5.72
STU20262690,Male,2026,ECE,6.74,75.7,65.6,2,No,1,2,"SQL, C++, Embedded C",67.4,73.5,67.2,69.8,Not Placed,Not Placed,Not Placed,0.0
STU20262691,Male,2025,Civil,7.13,74.3,62.4,2,No,3,0,"Revit, Primavera, Python, MATLAB, AutoCAD, SQL",85.5,74.1,48.9,62.4,Not Placed,Not Placed,Not Placed,0.0
STU20262692,Male,2026,IT,7.37,77.0,68.1,1,No,1,3,"AWS, JavaScript, MongoDB, Python, React, Git",63.6,77.7,74.8,50.1,Not Placed,Not Placed,Not Placed,0.0
STU20262693,Male,2027,Mechanical,7.31,82.4,75.1,2,Yes,3,1,"MATLAB, C++, ANSYS, CATIA, SolidWorks, Excel",83.0,88.8,80.0,80.1,Not Placed,Not Placed,Not Placed,0.0
STU20262694,Male,2025,Civil,8.09,73.3,77.2,0,Yes,2,2,"GIS, SQL, STAAD Pro, Python, Primavera",90.9,82.8,77.8,95.4,Placed,Afcons Infrastructure,Site Engineer,6.12
STU20262695,Male,2026,Mechanical,7.89,74.0,82.7,2,Yes,5,2,"CATIA, Excel, Python, AutoCAD",89.8,84.7,98.0,62.3,Placed,Bosch,Design Engineer,4.76
STU20262696,Male,2027,CSE,8.7,84.3,92.9,0,Yes,2,1,"MongoDB, DSA, JavaScript",86.5,86.4,63.2,73.7,Placed,Accenture,Data Analyst,4.77
STU20262697,Male,2026,Mechanical,7.22,65.4,79.3,1,Yes,4,1,"C, SQL, Python",81.9,82.4,46.5,56.8,Placed,L&T,Graduate Engineer Trainee,6.61
STU20262698,Female,2026,CSE,9.28,88.1,78.8,0,Yes,3,1,"SQL, C++, DSA, React",95.3,78.8,61.6,75.5,Placed,Capgemini,Software Developer,8.35
STU20262699,Male,2027,IT,8.47,67.9,90.5,4,Yes,3,3,"Git, Python, DSA, React, AWS",80.5,98.0,75.0,65.1,Placed,Infosys,Data Analyst,6.6
STU20262700,Male,2026,Mechanical,7.65,75.4,64.6,1,No,3,2,"CATIA, ANSYS, SolidWorks, MATLAB",79.2,79.0,86.2,67.1,Not Placed,Not Placed,Not Placed,0.0
STU20262701,Male,2026,EEE,8.16,67.2,62.5,1,Yes,2,2,"C, IoT, AutoCAD",70.0,84.8,74.9,84.7,Placed,L&T Technology Services,Software Developer,4.85
STU20262702,Male,2026,ECE,7.18,68.6,68.2,1,No,3,0,"C, Arduino, Python, C++, SQL, IoT",75.2,93.4,62.3,72.4,Not Placed,Not Placed,Not Placed,0.0
STU20262703,Male,2026,IT,6.11,82.4,77.2,1,Yes,2,1,"DSA, MongoDB, Python, Node.js, JavaScript",46.5,98.0,83.9,71.4,Not Placed,Not Placed,Not Placed,0.0
STU20262704,Male,2026,Mechanical,7.03,82.9,75.2,1,No,2,1,"MATLAB, SQL, C, C++, AutoCAD",75.5,82.8,66.6,57.7,Placed,Maruti Suzuki,Graduate Engineer Trainee,3.59
STU20262705,Male,2025,EEE,8.29,86.8,69.5,0,Yes,3,0,"C++, C, AutoCAD, Python, Arduino, SQL",91.3,66.5,55.3,81.2,Placed,L&T Technology Services,Embedded Engineer,5.32
STU20262706,Male,2027,IT,7.97,67.8,71.4,1,Yes,4,2,"AWS, JavaScript, DSA",84.0,85.0,84.9,59.5,Not Placed,Not Placed,Not Placed,0.0
STU20262707,Male,2025,Mechanical,7.43,69.2,66.4,1,No,3,2,"Excel, ANSYS, Python, CATIA, C++",90.7,98.0,78.1,84.8,Placed,Bosch,Design Engineer,6.39
STU20262708,Male,2024,CSE,7.28,78.6,66.0,1,Yes,2,1,"Node.js, Git, Java, Python, React",92.4,77.1,72.2,74.3,Placed,Accenture,QA Engineer,6.42
STU20262709,Male,2025,CSE,6.34,78.9,83.0,4,No,2,3,"Java, JavaScript, Node.js, Git, DSA",71.5,87.0,86.4,56.6,Placed,TCS,Backend Developer,4.5
STU20262710,Male,2025,ECE,8.96,74.8,78.2,1,No,2,2,"IoT, Git, C++, MATLAB, Python",72.8,98.0,74.5,50.8,Placed,Wipro,Network Engineer,7.27
STU20262711,Male,2026,Civil,7.32,72.2,87.2,4,No,1,0,"Primavera, C, GIS",87.2,69.1,72.9,65.0,Placed,Adani,Site Engineer,3.47
STU20262712,Female,2025,CSE,7.63,69.2,69.4,2,Yes,3,2,"Node.js, Java, Python, React, JavaScript",91.3,98.0,57.8,68.7,Placed,Infosys,Data Analyst,7.37
STU20262713,Male,2026,CSE,7.43,88.2,78.5,2,Yes,2,3,"MongoDB, SQL, C++, DSA, Java, React",82.5,88.4,60.6,78.5,Not Placed,Not Placed,Not Placed,0.0
STU20262714,Male,2026,CSE,9.07,77.4,81.1,0,No,3,0,"DSA, Python, Git, C++, SQL",81.6,87.6,70.1,56.7,Placed,Zoho,Data Analyst,7.97
STU20262715,Male,2024,Mechanical,8.3,79.0,83.6,1,No,3,2,"MATLAB, SolidWorks, Excel",88.5,86.4,82.2,78.4,Placed,Tata Motors,Mechanical Engineer,3.26
STU20262716,Male,2025,CSE,7.18,76.5,76.2,2,No,4,4,"Java, Node.js, C++, MongoDB, Git, DSA",77.2,76.2,59.9,38.6,Placed,TCS,Data Analyst,7.2
STU20262717,Male,2026,ECE,8.74,87.6,85.5,1,Yes,4,1,"C++, Java, Arduino, Embedded C, SQL",79.9,81.8,73.7,74.0,Placed,TCS,Software Developer,6.71
STU20262718,Female,2026,Civil,7.38,69.8,78.8,2,No,1,0,"STAAD Pro, Revit, Primavera",78.7,66.2,66.6,60.3,Not Placed,Not Placed,Not Placed,0.0
STU20262719,Female,2025,CSE,7.48,84.9,67.6,0,No,1,0,"SQL, JavaScript, MongoDB",63.2,98.0,69.2,70.1,Placed,Wipro,Backend Developer,5.68
STU20262720,Male,2025,ECE,7.5,67.8,80.4,1,Yes,4,1,"C, IoT, C++, SQL",91.6,93.9,60.1,87.5,Placed,Infosys,QA Engineer,5.64
STU20262721,Male,2025,ECE,7.08,83.9,73.4,1,No,1,2,"Python, MATLAB, Arduino, Git",76.3,68.8,65.6,79.8,Not Placed,Not Placed,Not Placed,0.0
STU20262722,Female,2024,Mechanical,6.43,62.1,66.9,0,No,0,0,"Python, ANSYS, AutoCAD",65.8,88.6,50.7,73.0,Not Placed,Not Placed,Not Placed,0.0
STU20262723,Male,2024,IT,8.56,78.7,83.0,0,Yes,2,0,"React, Python, Git, AWS, Node.js, DSA",82.3,97.4,73.7,88.9,Placed,Zoho,Data Analyst,7.12
STU20262724,Male,2027,IT,7.71,88.7,82.3,2,Yes,3,3,"Python, AWS, Node.js, Java",68.2,80.6,70.5,89.4,Placed,TCS,Software Developer,6.3
STU20262725,Female,2024,CSE,8.52,84.2,74.6,1,No,3,3,"MongoDB, Node.js, JavaScript, DSA, C++",72.9,96.4,75.0,87.4,Placed,Infosys,Backend Developer,5.06
STU20262726,Male,2024,EEE,7.89,80.7,73.8,2,No,3,1,"Embedded C, Python, C, AutoCAD",98.0,77.1,78.8,61.7,Placed,L&T Technology Services,Software Developer,5.45
STU20262727,Male,2027,Mechanical,8.02,70.7,66.9,1,No,2,0,"ANSYS, Excel, Python",78.3,91.4,95.6,77.9,Placed,Mahindra,Production Engineer,5.34
STU20262728,Male,2026,CSE,6.26,68.5,59.3,3,No,0,1,,49.2,76.2,43.5,78.2,Not Placed,Not Placed,Not Placed,0.0
STU20262729,Male,2025,IT,7.16,85.3,72.6,0,Yes,1,2,"JavaScript, DSA, Python",84.3,75.1,63.8,73.1,Placed,Cognizant,Data Analyst,5.02
STU20262730,Male,2026,Mechanical,8.03,81.4,82.2,2,Yes,2,0,"Python, SQL, MATLAB, AutoCAD",67.9,68.8,60.2,85.4,Not Placed,Not Placed,Not Placed,0.0
STU20262731,Male,2027,CSE,6.92,81.5,69.7,2,No,2,1,"Git, MongoDB, JavaScript, Java, Python",81.5,77.0,71.7,69.4,Placed,TCS,Web Developer,6.92
STU20262732,Male,2024,IT,8.22,79.1,87.2,3,Yes,2,0,"JavaScript, AWS, MongoDB, Java, Git, Node.js",98.0,87.0,82.1,55.1,Placed,Accenture,Software Developer,6.11
STU20262733,Male,2025,ECE,6.57,72.5,71.3,3,No,2,0,"MATLAB, SQL, Java, Embedded C, C++, Python",70.2,86.9,50.5,84.2,Not Placed,Not Placed,Not Placed,0.0
STU20262734,Male,2027,IT,7.91,83.1,74.9,1,No,1,0,"React, MongoDB, JavaScript, AWS, Node.js, Python",90.9,85.3,75.8,61.7,Placed,Wipro,Data Analyst,7.82
STU20262735,Female,2027,CSE,9.37,83.2,,1,No,2,3,"React, Java, Git, JavaScript, SQL, Node.js",95.7,98.0,88.7,47.9,Placed,Wipro,Web Developer,7.78
STU20262736,Male,2027,IT,8.56,78.2,85.0,0,No,3,0,"MongoDB, DSA, Python, Node.js",98.0,77.8,79.8,98.0,Placed,Zoho,Data Analyst,5.89
STU20262737,Female,2025,CSE,6.43,64.2,65.6,2,No,2,2,"DSA, C++, Python, MongoDB, Node.js, Java",79.1,57.4,61.3,56.0,Placed,Tech Mahindra,Data Analyst,4.8
STU20262738,Male,2027,ECE,8.47,85.9,77.0,0,No,4,3,"C++, Python, Java, MATLAB",81.0,75.4,82.7,76.7,Placed,HCLTech,Software Developer,6.59
STU20262739,Male,2025,EEE,9.2,84.1,76.0,1,No,1,4,"Java, Arduino, C",58.5,90.6,73.5,56.3,Placed,Siemens,Embedded Engineer,6.8
STU20262740,Male,2026,ECE,9.8,78.3,77.5,0,Yes,5,0,"MATLAB, C++, Java, Git, Embedded C",87.0,86.8,91.0,67.9,Placed,Infosys,QA Engineer,8.79
STU20262741,Male,2027,CSE,8.4,87.3,77.9,2,No,3,3,"JavaScript, Java, SQL, Python, DSA",78.5,89.3,78.2,60.6,Placed,Zoho,QA Engineer,6.2
STU20262742,Male,2024,Mechanical,6.39,75.7,71.5,1,Yes,1,1,"Excel, C++, Python, AutoCAD, SQL, SolidWorks",81.4,80.8,63.1,61.0,Not Placed,Not Placed,Not Placed,0.0
STU20262743,Female,2024,CSE,8.37,80.8,85.0,1,No,3,2,"Git, JavaScript, C++",98.0,94.6,57.1,79.4,Placed,Tech Mahindra,Data Analyst,6.35
STU20262744,Female,2026,EEE,9.01,86.7,79.3,1,No,4,0,"C, Python, IoT, Embedded C",76.9,65.6,76.3,96.3,Placed,Siemens,Software Developer,6.26
STU20262745,Female,2027,IT,7.74,82.0,79.8,1,Yes,1,1,"Java, AWS, DSA",90.9,98.0,57.0,73.1,Placed,HCLTech,Data Analyst,6.57
STU20262746,Male,2024,Mechanical,8.44,81.2,79.0,1,Yes,3,0,"SolidWorks, MATLAB, Excel, AutoCAD",75.4,88.6,59.6,51.7,Placed,Jindal Steel,Mechanical Engineer,5.04
STU20262747,Male,2027,CSE,7.29,74.9,84.5,1,Yes,2,1,"Java, DSA, Git",66.4,82.3,64.6,60.5,Placed,Cognizant,Web Developer,3.97
STU20262748,Male,2025,CSE,8.32,92.7,75.3,1,No,3,1,"Node.js, SQL, MongoDB, JavaScript, C++",67.5,84.6,72.3,59.0,Placed,Wipro,QA Engineer,7.6
STU20262749,Male,2025,ECE,5.63,66.9,68.1,3,Yes,3,1,"Arduino, Git, Python, Embedded C, SQL, C++",74.7,69.9,47.0,74.2,Not Placed,Not Placed,Not Placed,0.0
STU20262750,Female,2025,CSE,7.19,81.2,79.6,0,Yes,2,1,"Git, JavaScript, C++, MongoDB",68.9,90.0,66.6,68.0,Placed,Capgemini,Data Analyst,7.95
STU20262751,Female,2027,CSE,7.99,77.4,74.4,1,Yes,2,1,"DSA, JavaScript, MongoDB",95.7,73.2,68.9,98.0,Placed,Infosys,Data Analyst,6.82
STU20262752,Male,2024,EEE,7.34,79.5,78.3,0,Yes,3,2,,68.3,86.3,61.6,71.8,Placed,Siemens,Embedded Engineer,4.97
STU20262753,Female,2026,Mechanical,6.44,82.7,88.8,4,No,1,0,"AutoCAD, Excel, ANSYS, C++",78.5,86.9,62.4,78.7,Not Placed,Not Placed,Not Placed,0.0
STU20262754,Female,2024,CSE,7.58,74.8,68.6,2,No,0,0,"SQL, Git, React, Python, DSA, MongoDB",58.4,77.8,78.7,66.9,Not Placed,Not Placed,Not Placed,0.0
STU20262755,Male,2027,Mechanical,7.83,81.8,86.9,0,No,3,2,"CATIA, C++, SQL, ANSYS, AutoCAD, Python",94.0,90.8,66.3,68.5,Placed,L&T,Graduate Engineer Trainee,6.83
STU20262756,Female,2027,Mechanical,7.48,78.6,71.8,1,No,3,1,"Excel, Python, SolidWorks, SQL, MATLAB, C++",81.3,67.9,77.5,64.7,Placed,Maruti Suzuki,Mechanical Engineer,3.92
STU20262757,Male,2025,Mechanical,7.6,72.5,84.9,1,No,3,2,"CATIA, AutoCAD, Excel, C, SQL",84.0,92.8,69.4,68.9,Not Placed,Not Placed,Not Placed,0.0
STU20262758,Male,2025,EEE,8.27,87.5,82.1,2,No,1,0,"MATLAB, SQL, Embedded C",74.5,84.5,86.3,63.0,Placed,L&T Technology Services,Electrical Engineer,5.11
STU20262759,Male,2025,EEE,7.36,81.4,,2,No,2,2,"Java, SQL, Arduino, Embedded C",71.8,80.8,80.0,69.4,Not Placed,Not Placed,Not Placed,0.0
STU20262760,Male,2025,ECE,8.91,77.2,78.0,0,No,4,1,"Arduino, Python, IoT, Git, C++, Embedded C",95.5,97.8,72.9,62.3,Placed,TCS,Network Engineer,7.07
STU20262761,Male,2027,ECE,6.91,83.0,71.9,2,No,4,0,"Git, C, IoT",98.0,67.1,58.8,96.2,Placed,HCLTech,Software Developer,5.17
STU20262762,Female,2026,Civil,9.14,75.0,74.6,0,No,3,2,"Python, STAAD Pro, AutoCAD, C",75.6,98.0,82.9,73.7,Not Placed,Not Placed,Not Placed,0.0
STU20262763,Male,2025,CSE,8.95,80.2,79.2,0,Yes,4,5,"Git, Java, Python, JavaScript, MongoDB",85.7,98.0,69.0,80.0,Placed,Accenture,Software Developer,7.25
STU20262764,Male,2026,IT,7.6,74.0,74.2,0,Yes,2,0,"Java, JavaScript, Node.js, AWS, SQL",70.6,73.0,50.0,71.0,Placed,TCS,Support Engineer,5.62
STU20262765,Male,2025,CSE,7.75,82.6,77.3,2,Yes,2,2,"Node.js, React, JavaScript, Git, Java, MongoDB",60.6,95.5,80.6,55.3,Placed,Deloitte,Web Developer,8.11
STU20262766,Male,2024,Civil,7.68,73.8,65.9,2,Yes,3,2,"GIS, Primavera, Revit, STAAD Pro, Python",62.6,83.5,62.8,56.8,Not Placed,Not Placed,Not Placed,0.0
STU20262767,Female,2024,IT,8.41,84.3,77.9,1,Yes,1,3,"JavaScript, Java, React, DSA, Git, AWS",70.8,75.2,46.7,70.9,Placed,Wipro,Full Stack Developer,6.32
STU20262768,Male,2025,EEE,8.58,83.6,87.0,1,No,3,1,"C++, Arduino, IoT, C, AutoCAD",80.6,98.0,73.3,66.5,Not Placed,Not Placed,Not Placed,0.0
STU20262769,Female,2026,Mechanical,6.41,71.4,78.9,0,Yes,3,1,"ANSYS, Python, CATIA",91.5,73.7,77.8,77.7,Placed,Maruti Suzuki,Design Engineer,4.84
STU20262770,Female,2024,Civil,7.87,90.5,76.4,0,No,3,2,"STAAD Pro, GIS, Revit, C, Primavera",93.7,92.0,63.8,71.2,Not Placed,Not Placed,Not Placed,0.0
STU20262771,Male,2026,CSE,6.2,68.3,89.7,1,No,2,0,"DSA, JavaScript, SQL, Python",61.2,91.1,60.3,63.4,Placed,Accenture,Data Analyst,5.09
STU20262772,Male,2025,Mechanical,7.4,66.6,70.9,1,No,2,1,"C, C++, AutoCAD, SQL, ANSYS",86.3,85.3,76.1,98.0,Placed,Maruti Suzuki,Graduate Engineer Trainee,3.73
STU20262773,Male,2026,Mechanical,8.79,86.0,78.1,0,No,2,3,"AutoCAD, Excel, MATLAB, SQL",74.4,93.0,69.2,73.2,Placed,Mahindra,Graduate Engineer Trainee,4.69
STU20262774,Female,2024,CSE,6.8,60.0,63.2,1,No,4,1,"SQL, JavaScript, React",77.9,70.4,65.8,63.7,Placed,Cognizant,QA Engineer,5.69
STU20262775,Female,2025,EEE,6.29,84.2,69.2,2,No,2,0,"Embedded C, Java, AutoCAD, Arduino, SQL",75.3,62.9,76.8,64.5,Not Placed,Not Placed,Not Placed,0.0
STU20262776,Male,2024,IT,8.09,78.9,89.4,0,No,3,1,"Git, Node.js, DSA, Java, SQL",98.0,83.6,81.2,77.7,Placed,Capgemini,Full Stack Developer,6.02
STU20262777,Male,2025,ECE,8.93,70.3,76.6,0,No,3,3,"Git, C++, SQL",90.4,89.4,78.7,66.3,Placed,Infosys,Software Developer,7.42
STU20262778,Female,2024,ECE,8.03,71.4,66.0,1,Yes,2,3,"Python, Java, Embedded C, SQL",62.4,94.0,50.4,84.4,Placed,Infosys,QA Engineer,6.3
STU20262779,Male,2025,CSE,6.38,62.5,78.3,4,No,2,2,"C++, React, Node.js, SQL, MongoDB, DSA",80.8,66.0,73.1,68.0,Placed,Capgemini,Backend Developer,5.18
STU20262780,Female,2027,CSE,6.57,77.1,75.5,4,Yes,2,1,"MongoDB, SQL, React, Java, Node.js, DSA",86.5,68.1,61.1,68.4,Not Placed,Not Placed,Not Placed,0.0
STU20262781,Female,2024,CSE,8.08,68.9,82.6,2,Yes,3,4,"Java, SQL, DSA, C++, Git, MongoDB",93.6,89.4,78.7,55.7,Placed,TCS,QA Engineer,7.75
STU20262782,Male,2026,CSE,7.0,79.0,71.8,3,No,2,0,"MongoDB, SQL, C++, Python, Node.js, JavaScript",63.1,77.0,48.3,81.5,Not Placed,Not Placed,Not Placed,0.0
STU20262783,Male,2026,ECE,7.87,75.5,69.2,0,No,2,0,"IoT, MATLAB, Java, Python, Git, Embedded C",80.8,80.9,83.7,56.0,Placed,TCS,Network Engineer,3.93
STU20262784,Male,2026,IT,8.07,74.8,75.5,0,Yes,4,0,"SQL, JavaScript, Java",85.1,82.4,61.4,82.0,Placed,Zoho,Data Analyst,8.27
STU20262785,Male,2026,CSE,7.58,80.5,79.3,0,Yes,1,2,"Python, DSA, React, MongoDB, JavaScript",96.6,73.6,75.9,65.8,Placed,Zoho,Backend Developer,4.51
STU20262786,Female,2025,EEE,9.19,85.3,79.3,0,No,3,0,"AutoCAD, C, C++",95.9,94.2,88.9,79.3,Placed,L&T Technology Services,Embedded Engineer,6.16
STU20262787,Female,2026,EEE,8.15,86.4,79.7,0,No,4,1,"SQL, Python, C",98.0,98.0,77.7,84.4,Placed,Siemens,Graduate Engineer Trainee,4.85
STU20262788,Female,2027,ECE,8.78,75.5,74.9,1,No,3,2,"C, IoT, MATLAB, Python, Java, Arduino",77.9,93.5,80.1,60.0,Placed,Tech Mahindra,Software Developer,6.3
STU20262789,Male,2027,Civil,8.28,78.5,80.3,1,No,2,3,"Python, Excel, STAAD Pro",78.8,82.6,74.3,58.9,Not Placed,Not Placed,Not Placed,0.0
STU20262790,Male,2025,IT,7.77,73.0,76.0,3,No,3,1,"JavaScript, MongoDB, Python, React, Node.js",74.9,64.2,55.2,95.6,Placed,Cognizant,Support Engineer,4.25
STU20262791,Female,2026,Mechanical,7.38,77.6,70.0,1,Yes,2,1,"C, Excel, AutoCAD, CATIA, MATLAB",88.6,96.5,86.8,78.5,Not Placed,Not Placed,Not Placed,0.0
STU20262792,Male,2024,CSE,7.75,71.9,76.9,0,Yes,4,4,"React, Node.js, JavaScript, Git",97.4,89.0,85.2,81.7,Placed,Accenture,Backend Developer,6.29
STU20262793,Male,2026,EEE,8.23,75.6,74.5,0,Yes,4,1,"Arduino, C, AutoCAD, MATLAB",90.8,98.0,67.9,56.8,Placed,L&T Technology Services,Graduate Engineer Trainee,6.96
STU20262794,Male,2024,Civil,6.95,72.4,78.1,1,No,1,0,"Python, Revit, GIS, Primavera, STAAD Pro",73.4,90.7,25.0,56.8,Not Placed,Not Placed,Not Placed,0.0
STU20262795,Male,2024,Mechanical,9.02,82.6,85.5,0,No,3,1,"C, C++, Excel, ANSYS",92.6,97.6,89.2,71.5,Placed,Tata Motors,Production Engineer,5.88
STU20262796,Female,2026,ECE,7.12,75.8,77.7,1,No,2,0,"C, Java, Python, Arduino",59.0,86.1,44.8,64.4,Placed,Infosys,Software Developer,3.82
STU20262797,Male,2027,ECE,7.93,,65.0,0,Yes,3,0,"IoT, C++, Python, MATLAB",77.2,90.9,78.6,60.9,Placed,Tech Mahindra,Software Developer,3.74
STU20262798,Female,2024,IT,7.71,76.5,69.1,4,Yes,3,0,"Git, MongoDB, Java, AWS",77.1,78.8,61.4,76.3,Not Placed,Not Placed,Not Placed,0.0
STU20262799,Male,2026,EEE,7.27,72.1,70.2,0,Yes,3,1,"C, SQL, Arduino",78.7,69.4,75.3,52.5,Not Placed,Not Placed,Not Placed,0.0
STU20262800,Male,2026,EEE,9.5,83.1,75.1,0,Yes,4,2,"Embedded C, C, Java, Arduino",84.7,98.0,64.9,76.6,Placed,Schneider Electric,Software Developer,7.96
STU20262801,Male,2027,Civil,7.13,69.4,70.5,1,No,1,0,"Primavera, C, AutoCAD",63.0,59.9,68.6,58.2,Not Placed,Not Placed,Not Placed,0.0
STU20262802,Female,2026,ECE,7.49,80.7,81.7,0,No,2,0,"Python, Git, C++",58.3,74.5,47.8,77.5,Not Placed,Not Placed,Not Placed,0.0
STU20262803,Male,2024,CSE,7.44,74.6,80.0,2,No,2,0,,82.4,71.8,70.0,70.2,Placed,Tech Mahindra,Software Developer,6.71
STU20262804,Male,2024,ECE,7.78,78.9,73.0,3,No,2,2,"C++, Git, MATLAB",62.4,89.6,71.1,75.3,Placed,Bosch,Software Developer,5.39
STU20262805,Male,2026,CSE,7.91,79.3,80.5,1,No,2,3,,91.5,88.9,81.0,85.1,Placed,Infosys,Data Analyst,5.17
STU20262806,Female,2024,CSE,7.05,86.8,76.3,1,No,3,0,"React, C++, Python",81.6,71.3,62.0,61.0,Placed,TCS,Backend Developer,5.53
STU20262807,Female,2027,IT,7.54,79.5,75.1,0,No,1,1,"JavaScript, Java, DSA, Node.js, Git",85.8,75.0,73.8,57.3,Not Placed,Not Placed,Not Placed,0.0
STU20262808,Male,2027,EEE,8.17,78.9,85.1,0,Yes,1,1,"MATLAB, C, C++",67.6,98.0,67.5,87.4,Not Placed,Not Placed,Not Placed,0.0
STU20262809,Female,2027,CSE,8.87,75.3,74.3,0,Yes,5,0,"DSA, MongoDB, Git, SQL, Java",98.0,82.0,81.4,93.3,Placed,Zoho,Data Analyst,7.64
STU20262810,Male,2025,CSE,8.02,83.7,,0,Yes,2,2,"Python, MongoDB, Java, SQL, Git, React",98.0,83.3,77.2,88.4,Placed,Capgemini,Backend Developer,3.69
STU20262811,Male,2026,CSE,8.05,76.2,69.4,0,Yes,4,1,"Git, Python, DSA, MongoDB",85.6,92.0,83.6,45.0,Placed,Zoho,Data Analyst,9.28
STU20262812,Male,2026,Mechanical,7.24,65.4,67.5,1,No,2,0,"C++, SolidWorks, ANSYS, Excel, MATLAB, SQL",80.9,77.9,53.7,76.2,Not Placed,Not Placed,Not Placed,0.0
STU20262813,Female,2024,EEE,7.22,74.7,65.0,0,No,1,1,"SQL, AutoCAD, Java, IoT, Python",73.4,83.7,67.7,57.8,Not Placed,Not Placed,Not Placed,0.0
STU20262814,Male,2025,CSE,7.22,77.4,67.6,3,Yes,2,4,"SQL, JavaScript, MongoDB, C++",88.2,96.1,72.6,83.8,Placed,Cognizant,Web Developer,5.25
STU20262815,Male,2024,CSE,6.68,69.0,73.6,1,Yes,2,1,"React, Java, MongoDB, Node.js, C++, Python",82.9,90.8,90.4,70.0,Placed,TCS,Backend Developer,5.29
STU20262816,Male,2025,ECE,7.15,75.0,72.2,3,No,2,0,"MATLAB, Git, IoT, SQL",54.4,77.2,94.4,65.0,Not Placed,Not Placed,Not Placed,0.0
STU20262817,Male,2027,IT,8.67,79.2,76.5,0,No,2,1,"Java, MongoDB, DSA, AWS, Git",73.4,90.4,57.0,64.3,Placed,TCS,Support Engineer,6.38
STU20262818,Male,2027,ECE,7.39,76.1,72.9,2,Yes,2,1,"IoT, C, C++, Arduino",81.7,82.1,61.6,65.8,Placed,Infosys,Software Developer,7.27
STU20262819,Female,2025,IT,7.61,85.7,88.0,1,Yes,3,0,"JavaScript, Git, React",89.8,71.6,38.0,57.7,Placed,Deloitte,QA Engineer,6.77
STU20262820,Male,2026,Civil,7.19,66.8,66.5,1,No,3,0,"Primavera, C, Excel, SQL",80.2,80.4,97.3,64.4,Not Placed,Not Placed,Not Placed,0.0
STU20262821,Male,2024,IT,8.96,94.6,70.5,0,Yes,3,5,"DSA, React, Java, Node.js, Python",66.9,80.8,80.0,74.6,Placed,HCLTech,Software Developer,6.63
STU20262822,Male,2025,EEE,6.86,74.9,67.6,2,Yes,1,2,"AutoCAD, C, MATLAB, SQL, IoT",78.5,81.5,75.0,90.9,Not Placed,Not Placed,Not Placed,0.0
STU20262823,Male,2024,CSE,8.24,82.7,76.7,0,No,2,3,"Python, DSA, JavaScript, MongoDB",98.0,66.9,68.8,75.1,Placed,Wipro,Web Developer,6.64
STU20262824,Male,2026,Civil,7.44,77.5,78.7,2,No,2,1,"Primavera, C, STAAD Pro, Python",49.6,70.3,69.7,65.5,Not Placed,Not Placed,Not Placed,0.0
STU20262825,Female,2026,Civil,7.56,64.8,79.7,1,No,0,2,"C, Python, Primavera",84.1,88.4,84.9,64.6,Not Placed,Not Placed,Not Placed,0.0
STU20262826,Male,2027,EEE,7.86,70.3,82.8,1,No,3,0,"C++, MATLAB, Embedded C, C",98.0,86.5,57.8,35.0,Placed,HCLTech,Embedded Engineer,4.9
STU20262827,Female,2027,IT,7.95,74.2,75.7,0,Yes,3,1,"DSA, React, Java",93.6,84.1,57.1,68.3,Placed,Capgemini,QA Engineer,5.44
STU20262828,Male,2024,CSE,8.67,86.6,75.6,0,Yes,4,2,"React, C++, Java, Node.js, DSA",87.4,86.8,71.6,74.6,Placed,Tech Mahindra,Web Developer,8.23
STU20262829,Female,2026,Mechanical,7.53,67.1,86.8,0,No,2,2,"AutoCAD, Excel, ANSYS, SQL, Python",88.4,74.0,70.2,61.7,Not Placed,Not Placed,Not Placed,0.0
STU20262830,Male,2024,EEE,9.13,74.8,60.2,0,Yes,3,1,"MATLAB, Python, Arduino, Java",87.1,84.4,83.7,66.7,Placed,Schneider Electric,Software Developer,6.92
STU20262831,Female,2025,CSE,8.04,79.3,77.1,0,Yes,2,1,"Git, DSA, SQL, C++, Python",86.7,90.1,72.4,43.2,Placed,Wipro,Software Developer,5.15
STU20262832,Female,2026,IT,6.45,77.4,75.4,3,Yes,1,2,"MongoDB, JavaScript, DSA",70.7,73.2,54.8,56.3,Placed,Deloitte,Full Stack Developer,4.82
STU20262833,Male,2024,IT,8.44,82.2,90.9,1,Yes,2,1,"Java, MongoDB, AWS, SQL, Git, JavaScript",83.5,64.4,68.8,59.8,Placed,Cognizant,QA Engineer,6.55
STU20262834,Female,2024,Mechanical,7.88,70.8,64.7,1,No,2,3,"SolidWorks, C, Excel",70.3,74.1,73.8,60.3,Not Placed,Not Placed,Not Placed,0.0
STU20262835,Male,2025,EEE,7.68,66.0,72.8,0,No,2,3,"IoT, C, C++, Java, MATLAB, Embedded C",72.8,77.3,79.3,35.0,Placed,Schneider Electric,Embedded Engineer,5.44
STU20262836,Male,2024,ECE,7.53,80.6,65.8,1,No,1,1,"C, Python, Java",94.6,76.5,83.1,66.7,Placed,L&T Technology Services,Network Engineer,5.37
STU20262837,Male,2027,ECE,5.95,82.9,58.5,4,No,1,1,"MATLAB, Embedded C, C",59.8,68.3,60.2,67.9,Not Placed,Not Placed,Not Placed,0.0
STU20262838,Female,2025,CSE,6.35,71.5,70.7,2,No,2,0,"Python, MongoDB, C++, SQL",48.3,62.2,56.2,73.9,Not Placed,Not Placed,Not Placed,0.0
STU20262839,Female,2026,IT,9.3,73.2,85.9,0,Yes,5,2,"DSA, JavaScript, Node.js, Git",98.0,98.0,65.5,67.8,Placed,TCS,Data Analyst,7.87
STU20262840,Male,2027,CSE,7.5,73.7,83.7,2,Yes,1,1,"Git, React, Java, Python, DSA",69.8,59.2,85.2,82.9,Placed,Capgemini,Software Developer,7.58
STU20262841,Female,2026,Mechanical,8.37,81.7,73.9,0,Yes,5,3,"C++, AutoCAD, MATLAB, ANSYS",86.1,85.9,67.8,94.4,Placed,Mahindra,Production Engineer,6.38
STU20262842,Male,2025,IT,6.54,72.7,77.3,2,Yes,1,1,"React, AWS, MongoDB, DSA, Java",65.4,82.0,56.2,56.1,Not Placed,Not Placed,Not Placed,0.0
STU20262843,Male,2027,IT,7.01,85.4,72.5,3,No,0,0,"JavaScript, AWS, Node.js, React",70.2,78.4,70.2,54.0,Not Placed,Not Placed,Not Placed,0.0
STU20262844,Male,2025,CSE,8.58,85.9,82.1,0,Yes,5,4,"MongoDB, C++, SQL, DSA",81.3,93.7,95.3,77.0,Placed,Deloitte,Data Analyst,6.97
STU20262845,Male,2024,CSE,7.91,79.1,84.4,1,Yes,2,2,"JavaScript, MongoDB, Git, Node.js",97.4,93.9,59.6,80.0,Placed,TCS,QA Engineer,5.88
STU20262846,Male,2026,ECE,8.21,64.8,75.8,0,No,4,0,"C++, Embedded C, Git",83.7,87.7,80.5,54.4,Not Placed,Not Placed,Not Placed,0.0
STU20262847,Male,2025,CSE,7.99,73.1,84.1,1,Yes,2,3,"Git, SQL, Java, DSA, MongoDB, React",67.4,87.7,66.0,93.2,Placed,TCS,Data Analyst,7.46
STU20262848,Male,2027,CSE,7.82,73.7,67.6,1,No,2,1,"MongoDB, C++, Python, DSA, SQL",44.7,88.1,72.7,57.7,Placed,Capgemini,Web Developer,5.31
STU20262849,Male,2024,EEE,7.07,70.4,78.7,2,No,1,0,"Python, Java, AutoCAD",86.0,78.9,78.8,66.1,Placed,HCLTech,Software Developer,3.72
STU20262850,Female,2026,IT,6.89,76.6,80.8,3,Yes,3,1,"Git, SQL, React",71.7,92.3,83.4,81.0,Placed,Cognizant,Full Stack Developer,4.4
STU20262851,Male,2026,IT,9.09,82.2,86.1,0,Yes,4,0,"MongoDB, Java, SQL, JavaScript, React, Git",95.0,86.7,69.5,90.2,Placed,Wipro,QA Engineer,6.53
STU20262852,Female,2027,IT,9.23,69.4,71.6,0,No,2,0,"Java, MongoDB, AWS",75.0,84.7,86.7,57.1,Placed,TCS,Support Engineer,7.18
STU20262853,Male,2024,Mechanical,6.67,80.3,71.6,1,No,1,0,"C++, Excel, MATLAB, SQL, SolidWorks, CATIA",72.0,74.8,69.8,77.9,Not Placed,Not Placed,Not Placed,0.0
STU20262854,Male,2025,IT,6.96,75.5,75.9,2,No,2,0,"MongoDB, AWS, Git",74.5,76.0,73.1,67.7,Placed,Deloitte,QA Engineer,5.17
STU20262855,Male,2027,EEE,7.35,78.9,77.9,1,Yes,2,2,"Python, Java, SQL, C, MATLAB",87.8,98.0,85.5,55.4,Placed,L&T Technology Services,Embedded Engineer,6.02
STU20262856,Female,2026,Civil,7.79,82.7,76.8,0,No,3,1,"Primavera, AutoCAD, STAAD Pro, Revit, Excel, MATLAB",83.4,88.7,61.9,61.6,Not Placed,Not Placed,Not Placed,0.0
STU20262857,Male,2024,EEE,7.5,71.4,85.3,1,Yes,2,1,"Python, C++, SQL",64.0,73.3,80.1,58.5,Not Placed,Not Placed,Not Placed,0.0
STU20262858,Male,2024,IT,8.32,87.6,68.4,0,Yes,2,3,"AWS, React, SQL, JavaScript, Python, Java",98.0,73.7,75.3,81.2,Placed,Accenture,Full Stack Developer,5.92
STU20262859,Female,2027,EEE,7.61,76.0,73.9,2,Yes,1,1,"Java, Python, SQL, IoT, C++, MATLAB",80.8,95.3,85.8,55.9,Placed,Wipro,Software Developer,4.31
STU20262860,Female,2026,IT,7.8,88.1,64.2,0,No,1,1,"React, MongoDB, Java, Git, Node.js",65.2,76.7,76.5,74.2,Placed,HCLTech,Data Analyst,5.7
STU20262861,Male,2026,IT,9.8,76.2,85.8,0,Yes,4,5,"SQL, DSA, AWS",96.3,98.0,77.2,72.8,Placed,Cognizant,Support Engineer,7.91
STU20262862,Male,2027,ECE,7.3,86.3,78.6,1,No,2,0,"IoT, Embedded C, SQL, MATLAB",81.2,77.3,80.5,73.0,Not Placed,Not Placed,Not Placed,0.0
STU20262863,Male,2025,IT,9.29,74.9,98.0,1,Yes,4,2,"MongoDB, Git, React, DSA",97.3,98.0,69.8,72.9,Placed,Cognizant,Data Analyst,8.48
STU20262864,Male,2024,CSE,9.23,98.0,87.1,0,No,2,1,"Java, JavaScript, Git",90.5,83.6,71.7,58.4,Placed,Tech Mahindra,Backend Developer,7.38
STU20262865,Female,2026,IT,8.33,72.2,79.8,0,Yes,1,3,"Python, Java, AWS",82.1,88.3,63.6,77.5,Placed,Zoho,Software Developer,4.77
STU20262866,Male,2027,CSE,6.36,81.3,74.0,1,No,1,0,"Node.js, Git, C++, Java, DSA",80.3,65.8,57.3,70.5,Not Placed,Not Placed,Not Placed,0.0
STU20262867,Male,2025,IT,7.93,75.3,74.2,1,No,4,2,"JavaScript, Node.js, Java, Python",93.4,98.0,36.2,62.7,Not Placed,Not Placed,Not Placed,0.0
STU20262868,Male,2026,ECE,7.31,81.3,75.7,2,Yes,2,1,"Embedded C, Python, C++, C, Java",85.5,72.0,62.6,98.0,Placed,Infosys,QA Engineer,5.31
STU20262869,Male,2024,Civil,7.52,76.5,77.2,0,No,2,0,"Primavera, Revit, Excel, AutoCAD, SQL",56.3,84.2,69.1,54.7,Not Placed,Not Placed,Not Placed,0.0
STU20262870,Female,2024,CSE,7.1,68.1,60.4,3,No,0,3,"JavaScript, MongoDB, C++, DSA, Java, React",49.7,98.0,78.3,75.0,Placed,Cognizant,Data Analyst,5.04
STU20262871,Male,2027,ECE,8.39,59.4,79.0,2,Yes,2,3,"Java, C++, Embedded C",72.4,98.0,61.6,80.1,Placed,HCLTech,Embedded Engineer,4.88
STU20262872,Male,2024,IT,8.74,97.4,79.3,0,Yes,3,3,"Python, Node.js, Java, MongoDB, SQL, JavaScript",83.2,92.0,68.5,69.5,Placed,Zoho,QA Engineer,5.28
STU20262873,Male,2024,CSE,8.99,81.0,91.6,1,No,3,1,"Git, DSA, Node.js, Java, SQL",78.3,91.1,73.7,71.9,Placed,Capgemini,Software Developer,6.88
STU20262874,Male,2027,CSE,7.68,56.6,74.8,2,No,2,1,"Git, React, DSA, Java",66.2,73.3,80.7,74.3,Placed,Infosys,Web Developer,6.01
STU20262875,Male,2025,CSE,7.1,77.9,68.8,2,No,0,1,"Python, SQL, React, MongoDB, Java",73.4,92.3,70.7,68.1,Not Placed,Not Placed,Not Placed,0.0
STU20262876,Male,2025,CSE,8.3,83.6,79.3,2,Yes,2,2,"MongoDB, Node.js, C++, SQL, Git",71.0,84.2,78.1,66.2,Placed,Tech Mahindra,QA Engineer,7.69
STU20262877,Male,2027,CSE,9.49,76.7,81.1,0,Yes,3,3,"C++, React, MongoDB, Python",61.1,95.2,89.4,72.0,Placed,Capgemini,Software Developer,8.33
STU20262878,Female,2024,IT,7.96,72.9,75.6,2,Yes,2,2,"MongoDB, Node.js, React, Git, DSA, SQL",63.5,76.0,78.4,65.7,Placed,Wipro,QA Engineer,5.57
STU20262879,Female,2026,ECE,8.13,78.2,68.0,0,No,2,2,"Java, Arduino, C++",73.3,82.5,64.7,85.4,Placed,Bosch,Software Developer,6.07
STU20262880,Female,2025,CSE,7.8,85.9,75.0,1,Yes,4,2,"DSA, Node.js, JavaScript",80.9,87.7,93.4,83.5,Placed,Infosys,Backend Developer,6.66
STU20262881,Male,2024,CSE,7.57,77.6,71.4,0,Yes,2,3,"Node.js, DSA, Git, MongoDB, Python",88.6,95.7,45.6,73.9,Placed,Cognizant,QA Engineer,6.35
STU20262882,Male,2026,CSE,8.56,89.6,76.6,1,No,3,2,"Java, SQL, JavaScript, Python, C++",90.5,92.0,85.9,60.0,Placed,Cognizant,Backend Developer,8.36
STU20262883,Male,2025,ECE,7.66,85.1,80.8,2,No,2,1,"Python, C++, Java, Embedded C, IoT, C",54.2,92.2,76.4,65.1,Not Placed,Not Placed,Not Placed,0.0
STU20262884,Female,2027,IT,8.24,77.0,72.5,1,Yes,2,2,"AWS, DSA, Git, MongoDB, Java, Python",98.0,63.4,89.1,65.9,Placed,Infosys,QA Engineer,8.08
STU20262885,Male,2027,ECE,8.18,67.5,75.5,0,Yes,3,1,"IoT, SQL, Python, C, Java, C++",81.0,98.0,69.7,71.8,Placed,TCS,Embedded Engineer,7.97
STU20262886,Male,2027,CSE,8.3,77.2,81.2,2,No,3,1,"Java, MongoDB, React",84.8,72.6,66.7,49.7,Placed,Tech Mahindra,QA Engineer,6.35
STU20262887,Male,2025,CSE,8.47,82.9,76.0,0,Yes,5,2,"React, Python, Git",91.3,98.0,59.6,66.3,Placed,Tech Mahindra,Backend Developer,7.87
STU20262888,Male,2025,Civil,6.77,75.3,91.5,0,No,1,0,"AutoCAD, GIS, SQL, MATLAB",61.1,42.3,53.3,55.8,Not Placed,Not Placed,Not Placed,0.0
STU20262889,Female,2027,CSE,7.22,80.5,76.2,2,Yes,2,1,"JavaScript, DSA, Git, React, SQL",82.9,79.8,66.7,64.5,Placed,Tech Mahindra,Software Developer,5.75
STU20262890,Male,2025,CSE,7.96,83.9,67.8,1,Yes,4,0,"DSA, SQL, Node.js",61.4,93.3,60.9,94.9,Placed,Deloitte,Backend Developer,7.04
STU20262891,Male,2026,CSE,7.98,81.7,70.7,0,No,3,1,"Git, JavaScript, Node.js, Java",98.0,76.0,62.7,65.1,Placed,Capgemini,Data Analyst,6.57
STU20262892,Female,2027,Civil,7.06,73.7,67.5,2,No,1,1,"MATLAB, SQL, C, Python, GIS",75.1,77.2,54.5,71.3,Not Placed,Not Placed,Not Placed,0.0
STU20262893,Male,2025,ECE,7.95,81.5,70.7,5,No,2,0,"Arduino, C, Git, C++",84.1,90.0,85.2,66.2,Not Placed,Not Placed,Not Placed,0.0
STU20262894,Male,2024,ECE,8.52,94.9,81.8,1,Yes,4,1,"Git, Python, C",93.9,95.9,64.7,80.5,Placed,Tech Mahindra,Network Engineer,5.84
STU20262895,Male,2026,Civil,8.51,68.8,70.2,0,No,3,0,"C, Primavera, Revit, MATLAB",79.8,69.5,79.3,64.3,Placed,L&T,Site Engineer,5.73
STU20262896,Male,2026,CSE,9.2,84.4,77.5,0,No,4,2,"Node.js, DSA, MongoDB, SQL, React",98.0,98.0,75.2,62.4,Placed,Tech Mahindra,Software Developer,8.07
STU20262897,Male,2025,Civil,6.38,86.8,80.2,2,No,2,1,"AutoCAD, Python, Excel, STAAD Pro, MATLAB, Revit",63.2,92.0,70.0,60.7,Not Placed,Not Placed,Not Placed,0.0
STU20262898,Male,2026,CSE,7.01,67.3,70.3,0,Yes,3,1,"DSA, MongoDB, React, Node.js, Java, JavaScript",65.5,91.7,64.6,64.1,Placed,Deloitte,Backend Developer,5.72
STU20262899,Female,2027,ECE,7.5,83.8,80.0,2,No,2,0,"Java, Python, C, Embedded C",79.3,66.2,80.1,87.0,Not Placed,Not Placed,Not Placed,0.0
STU20262900,Male,2025,IT,7.97,85.9,64.7,1,No,2,2,"Python, JavaScript, SQL",63.3,74.0,79.9,73.6,Placed,Infosys,QA Engineer,7.54
STU20262901,Male,2025,IT,7.7,66.9,73.2,0,Yes,2,0,"DSA, Python, JavaScript, Java, SQL, Node.js",71.7,80.3,86.5,65.6,Placed,Wipro,Support Engineer,7.2
STU20262902,Male,2026,Civil,7.03,80.6,67.8,2,Yes,2,0,"Revit, Primavera, MATLAB, SQL, GIS, C",78.3,82.0,59.5,83.1,Not Placed,Not Placed,Not Placed,0.0
STU20262903,Female,2027,CSE,7.74,75.5,78.0,1,Yes,4,2,"JavaScript, SQL, React",92.5,95.4,60.0,86.8,Placed,Accenture,Software Developer,6.79
STU20262904,Male,2027,Civil,7.91,77.4,69.1,2,No,2,0,"STAAD Pro, Python, SQL",79.1,72.6,66.6,60.4,Placed,Shapoorji Pallonji,Site Engineer,3.74
STU20262905,Female,2024,IT,6.77,72.7,87.8,2,Yes,2,0,"AWS, JavaScript, Java, Git, MongoDB",63.0,74.1,68.6,69.5,Placed,Deloitte,Support Engineer,5.1
STU20262906,Male,2027,ECE,9.74,91.5,69.8,0,Yes,3,1,"MATLAB, Python, C++, Java",87.2,85.0,85.8,73.1,Placed,L&T Technology Services,Embedded Engineer,7.58
STU20262907,Male,2027,Civil,7.52,76.0,83.3,1,No,3,1,"Excel, Primavera, C, STAAD Pro",72.1,72.0,61.9,59.8,Placed,Adani,Site Engineer,5.29
STU20262908,Female,2026,CSE,8.89,77.0,85.2,0,Yes,3,2,"Python, Node.js, Git, JavaScript, Java, C++",85.8,95.0,78.2,67.1,Placed,Capgemini,QA Engineer,6.11
STU20262909,Male,2025,Civil,7.01,72.4,76.1,3,Yes,2,2,"C, SQL, GIS, Excel",67.6,79.3,65.7,67.1,Not Placed,Not Placed,Not Placed,0.0
STU20262910,Male,2024,ECE,8.24,76.2,77.6,2,No,4,1,"MATLAB, Python, IoT, C++, Git, Java",74.5,91.8,69.5,67.2,Placed,Tech Mahindra,Network Engineer,7.11
STU20262911,Female,2026,EEE,7.74,69.8,88.9,1,Yes,3,1,"SQL, Embedded C, C",68.0,77.5,70.8,98.0,Placed,Siemens,Software Developer,7.21
STU20262912,Male,2025,CSE,8.73,76.5,95.9,1,Yes,2,2,"JavaScript, Java, MongoDB, React, Git, Node.js",61.6,95.3,94.4,62.2,Placed,Capgemini,QA Engineer,6.38
STU20262913,Male,2025,ECE,7.58,77.8,74.0,1,Yes,2,1,"Embedded C, Java, C++, SQL, Arduino",90.9,69.6,80.6,55.3,Placed,Bosch,Embedded Engineer,5.86
STU20262914,Female,2027,EEE,8.97,83.3,80.3,0,No,3,2,"Python, Java, IoT, Embedded C",95.9,86.8,89.5,80.7,Placed,Schneider Electric,Electrical Engineer,6.8
STU20262915,Female,2024,IT,6.63,83.0,69.0,1,No,1,0,"JavaScript, React, Git, Python, DSA",55.9,61.6,71.2,71.2,Not Placed,Not Placed,Not Placed,0.0
STU20262916,Female,2027,CSE,8.81,81.7,70.6,1,Yes,2,4,"SQL, Python, C++",91.9,95.9,98.0,69.3,Placed,Infosys,Backend Developer,7.57
STU20262917,Female,2026,CSE,8.1,74.9,80.1,1,No,2,0,"React, Java, JavaScript, SQL, MongoDB, Python",81.0,98.0,84.0,79.4,Placed,Infosys,Data Analyst,6.5
STU20262918,Male,2027,Mechanical,6.68,67.6,74.8,0,No,0,0,"MATLAB, C, Python",52.9,75.1,48.2,54.3,Not Placed,Not Placed,Not Placed,0.0
STU20262919,Female,2025,CSE,9.66,84.2,69.8,0,Yes,4,2,"Java, Python, C++, Git, SQL, MongoDB",80.7,95.3,88.1,76.8,Placed,Zoho,QA Engineer,8.54
STU20262920,Male,2026,EEE,9.22,80.2,83.1,0,No,4,2,"Java, C++, SQL, AutoCAD",89.3,92.1,81.3,66.7,Placed,Siemens,Embedded Engineer,6.73
STU20262921,Male,2026,Civil,5.74,71.8,72.5,3,No,2,0,"SQL, Revit, MATLAB, Python",77.6,63.9,71.0,69.4,Not Placed,Not Placed,Not Placed,0.0
STU20262922,Male,2027,CSE,8.15,80.2,72.8,0,Yes,3,0,"SQL, React, DSA",90.4,94.3,53.1,73.6,Placed,Tech Mahindra,Data Analyst,7.85
STU20262923,Female,2024,CSE,8.6,83.1,73.6,1,No,2,2,"Node.js, C++, Python, DSA, Java",76.5,92.1,55.4,97.6,Placed,Capgemini,Web Developer,8.6
STU20262924,Male,2024,EEE,8.03,80.0,79.6,0,No,3,0,"IoT, Java, AutoCAD, MATLAB, C++",88.2,65.9,70.9,63.0,Placed,Schneider Electric,Embedded Engineer,5.35
STU20262925,Female,2027,CSE,9.29,80.0,91.3,0,No,2,2,"JavaScript, React, DSA, SQL",84.5,98.0,54.3,58.9,Placed,Wipro,QA Engineer,7.3
STU20262926,Male,2024,ECE,8.86,74.5,81.7,1,No,2,2,"C, Python, C++, Arduino, MATLAB",75.5,80.6,84.6,75.4,Placed,L&T Technology Services,QA Engineer,6.72
STU20262927,Male,2026,EEE,7.88,73.4,81.7,0,Yes,3,1,"IoT, Arduino, Python, C",93.4,77.3,73.4,85.3,Placed,Schneider Electric,Graduate Engineer Trainee,4.9
STU20262928,Male,2024,ECE,9.69,88.2,75.3,1,No,4,3,"Git, Arduino, Python, C, C++, Embedded C",95.3,98.0,98.0,52.8,Placed,Infosys,Embedded Engineer,6.97
STU20262929,Male,2024,IT,8.7,76.8,75.6,1,Yes,2,4,"Node.js, Git, MongoDB",89.6,86.5,79.7,77.7,Placed,Accenture,Software Developer,7.38
STU20262930,Female,2026,EEE,7.35,67.0,79.1,1,No,1,0,"SQL, MATLAB, IoT, Java, Python",61.1,98.0,78.4,55.0,Not Placed,Not Placed,Not Placed,0.0
STU20262931,Male,2026,ECE,7.28,84.3,65.1,1,No,1,1,"C, Embedded C, Git, IoT, Arduino",67.7,75.5,76.6,52.7,Not Placed,Not Placed,Not Placed,0.0
STU20262932,Male,2026,CSE,9.06,74.1,80.9,0,Yes,4,1,"React, Java, Python, MongoDB, DSA",98.0,97.6,77.3,70.3,Placed,Accenture,Software Developer,8.0
STU20262933,Male,2025,ECE,7.08,75.9,77.6,2,No,2,1,"Git, Python, Embedded C, C++, MATLAB",72.0,63.0,69.8,61.0,Placed,L&T Technology Services,Software Developer,4.66
STU20262934,Male,2026,Mechanical,7.2,79.4,74.2,0,No,4,1,"Excel, C, SQL, CATIA, ANSYS",78.3,75.8,68.1,53.5,Not Placed,Not Placed,Not Placed,0.0
STU20262935,Male,2027,EEE,7.45,76.6,77.4,2,No,2,0,"Java, Python, MATLAB",64.5,76.9,38.8,58.8,Not Placed,Not Placed,Not Placed,0.0
STU20262936,Male,2025,IT,8.2,61.2,77.5,1,Yes,4,3,"Java, JavaScript, Git",88.4,98.0,87.4,66.8,Placed,Capgemini,Support Engineer,8.33
STU20262937,Male,2025,IT,7.74,80.1,71.5,3,No,1,1,"Python, Java, AWS, Node.js, React",63.3,69.4,85.7,76.4,Placed,Deloitte,Data Analyst,4.92
STU20262938,Male,2025,CSE,6.88,84.5,65.3,0,Yes,3,2,"JavaScript, SQL, DSA, React",81.3,92.9,78.7,61.2,Placed,Deloitte,Backend Developer,6.07
STU20262939,Male,2027,CSE,8.99,86.0,78.6,0,Yes,3,2,"DSA, React, Node.js",75.5,92.7,77.1,73.9,Placed,Infosys,Data Analyst,6.79
STU20262940,Male,2025,CSE,7.66,62.3,84.8,1,Yes,3,1,"Git, JavaScript, MongoDB",78.3,86.1,68.9,50.9,Placed,Cognizant,QA Engineer,6.69
STU20262941,Male,2026,Civil,9.22,95.9,87.1,0,Yes,5,2,"Revit, C, Primavera, GIS",98.0,88.1,62.1,70.4,Placed,Afcons Infrastructure,Site Engineer,6.64
STU20262942,Male,2025,CSE,8.26,69.4,74.9,1,No,2,3,"MongoDB, Python, JavaScript",85.7,78.6,56.8,77.8,Placed,Zoho,QA Engineer,5.87
STU20262943,Female,2026,Mechanical,8.63,72.0,75.7,0,Yes,2,3,"Excel, C, SQL, Python, ANSYS",79.0,68.4,66.8,67.3,Placed,Tata Motors,Design Engineer,6.14
STU20262944,Male,2027,CSE,8.54,84.8,75.0,1,Yes,2,2,"JavaScript, MongoDB, SQL",93.0,90.7,76.8,79.4,Placed,Cognizant,Backend Developer,6.6
STU20262945,Male,2026,IT,9.02,83.7,76.3,0,Yes,3,3,"MongoDB, Python, DSA, JavaScript",78.9,98.0,80.9,50.0,Placed,Accenture,Full Stack Developer,8.16
STU20262946,Male,2025,IT,8.38,79.5,79.6,0,No,3,0,"MongoDB, SQL, JavaScript, AWS, Git, Python",72.6,80.8,66.8,55.6,Placed,Capgemini,Support Engineer,6.44
STU20262947,Female,2025,IT,8.1,74.3,84.3,1,Yes,3,5,"Git, React, Node.js",78.6,77.2,55.5,79.7,Placed,Wipro,Software Developer,5.97
STU20262948,Male,2026,Mechanical,8.48,88.5,93.7,1,No,1,2,"SQL, MATLAB, ANSYS",93.1,80.3,65.3,76.6,Placed,Mahindra,Graduate Engineer Trainee,6.33
STU20262949,Male,2025,Civil,9.61,81.7,75.1,0,No,5,0,"C, MATLAB, GIS, Excel, Primavera",98.0,97.3,76.9,91.4,Placed,Tata Projects,Site Engineer,6.79
STU20262950,Female,2027,Mechanical,7.32,65.3,79.3,4,No,3,1,"C, AutoCAD, C++, ANSYS, Python, SQL",73.1,82.9,49.0,77.5,Not Placed,Not Placed,Not Placed,0.0
STU20262951,Male,2025,CSE,8.68,88.3,82.2,0,No,3,0,"React, Java, Node.js",82.5,92.6,77.1,82.9,Placed,Zoho,Software Developer,7.43
STU20262952,Male,2024,EEE,7.65,78.7,73.3,2,Yes,1,0,"AutoCAD, Embedded C, SQL, Arduino, Python, C",80.8,61.6,91.6,61.5,Not Placed,Not Placed,Not Placed,0.0
STU20262953,Female,2025,CSE,8.43,86.9,70.6,1,Yes,4,3,"Java, JavaScript, C++, MongoDB",98.0,88.1,63.3,72.9,Placed,Cognizant,Backend Developer,6.62
STU20262954,Male,2026,Civil,7.54,80.9,77.3,0,Yes,4,3,"GIS, Excel, STAAD Pro",79.8,86.7,97.7,56.4,Placed,L&T,Design Engineer,4.14
STU20262955,Female,2027,ECE,5.92,89.5,85.8,1,No,1,2,"SQL, Python, Embedded C, C",83.7,79.4,54.5,82.0,Not Placed,Not Placed,Not Placed,0.0
STU20262956,Male,2025,IT,7.73,75.2,77.8,0,Yes,4,2,"Java, Python, JavaScript, AWS, MongoDB",86.6,80.6,68.0,69.5,Placed,Accenture,Data Analyst,7.28
STU20262957,Male,2025,CSE,8.85,80.2,73.4,0,Yes,3,2,"React, Git, Java",97.0,96.1,81.7,78.8,Placed,Infosys,Software Developer,7.95
STU20262958,Male,2025,CSE,7.35,81.4,73.7,1,Yes,2,1,"React, Python, DSA, JavaScript, SQL, Node.js",88.9,70.3,68.8,45.4,Placed,Infosys,Data Analyst,6.32
STU20262959,Male,2027,CSE,8.78,77.8,70.7,1,Yes,3,0,"SQL, React, Python, DSA, Java, Git",88.5,88.6,53.1,42.8,Placed,Cognizant,Data Analyst,9.18
STU20262960,Female,2027,Civil,7.66,82.8,75.8,1,Yes,1,0,"GIS, MATLAB, STAAD Pro, Revit",75.5,74.9,73.9,94.1,Placed,JLL,Civil Engineer,3.1
STU20262961,Male,2024,Mechanical,7.39,55.8,79.7,2,No,1,1,"Python, CATIA, AutoCAD",72.0,74.9,70.6,98.0,Not Placed,Not Placed,Not Placed,0.0
STU20262962,Male,2026,Civil,8.27,78.2,72.5,0,Yes,3,0,"Revit, Primavera, Excel",88.1,98.0,69.7,77.2,Placed,L&T,Graduate Engineer Trainee,6.0
STU20262963,Female,2027,CSE,8.58,78.7,55.4,1,Yes,3,5,"JavaScript, MongoDB, C++, React, DSA, Java",98.0,92.1,75.3,91.6,Placed,Capgemini,Software Developer,7.69
STU20262964,Female,2027,ECE,8.11,77.3,78.8,1,Yes,2,2,"Git, Java, Arduino",96.4,81.3,78.2,64.2,Placed,L&T Technology Services,Embedded Engineer,7.49
STU20262965,Male,2026,CSE,8.86,74.0,75.4,0,Yes,3,1,"Python, Node.js, React, JavaScript, Java, DSA",98.0,74.6,63.9,54.1,Placed,TCS,Web Developer,7.56
STU20262966,Female,2026,ECE,7.92,84.1,71.1,0,No,1,1,"Git, Arduino, MATLAB, Java, SQL, Python",71.5,91.0,78.6,88.8,Placed,Wipro,Network Engineer,4.98
STU20262967,Male,2026,IT,6.5,70.7,67.2,3,No,1,0,"JavaScript, Node.js, Git, Python, SQL, AWS",63.2,66.6,58.1,67.4,Not Placed,Not Placed,Not Placed,0.0
STU20262968,Female,2024,IT,7.58,78.4,78.3,0,Yes,2,2,"Java, Python, SQL",68.0,82.6,90.3,70.5,Not Placed,Not Placed,Not Placed,0.0
STU20262969,Male,2024,ECE,6.22,73.3,68.9,2,No,2,0,"IoT, Python, C",72.9,63.7,78.4,89.0,Placed,Bosch,QA Engineer,4.61
STU20262970,Male,2025,CSE,8.56,82.9,84.6,0,Yes,3,2,"Java, SQL, C++",96.5,93.5,61.3,68.9,Placed,Wipro,Data Analyst,7.22
STU20262971,Male,2024,IT,8.66,89.7,85.0,1,Yes,3,1,"SQL, DSA, React, Git, Node.js, MongoDB",79.0,97.1,90.6,58.9,Placed,Capgemini,Support Engineer,7.27
STU20262972,Male,2025,ECE,8.55,80.7,76.2,2,Yes,3,1,"C, Python, MATLAB, Arduino, Java",83.1,98.0,79.5,56.4,Placed,L&T Technology Services,Embedded Engineer,5.98
STU20262973,Male,2027,CSE,8.42,84.9,74.1,2,No,1,1,"DSA, Java, Node.js",87.4,82.4,80.6,69.0,Placed,Infosys,Web Developer,5.37
STU20262974,Male,2027,Civil,8.32,79.8,78.4,0,Yes,3,5,"STAAD Pro, C, MATLAB",80.2,88.2,70.9,83.5,Placed,Tata Projects,Civil Engineer,5.21
STU20262975,Female,2024,ECE,6.41,70.5,71.3,1,No,2,2,"Java, C++, IoT, Arduino, MATLAB",69.8,70.5,61.2,65.5,Placed,HCLTech,Embedded Engineer,4.44
STU20262976,Female,2024,Mechanical,7.46,75.7,62.9,1,Yes,3,1,"SQL, C, CATIA, Excel",93.2,82.0,66.3,71.6,Placed,L&T,Mechanical Engineer,5.29
STU20262977,Female,2026,ECE,6.55,72.4,86.1,1,No,2,0,"SQL, Arduino, C, Git, Python",73.0,76.3,53.8,59.7,Not Placed,Not Placed,Not Placed,0.0
STU20262978,Female,2026,EEE,7.35,80.4,79.8,1,Yes,3,2,"Arduino, C, Java, SQL",70.6,88.7,45.1,66.8,Not Placed,Not Placed,Not Placed,0.0
STU20262979,Female,2024,EEE,9.02,81.3,76.1,0,No,5,1,"IoT, Python, SQL, Arduino",93.8,84.1,67.8,87.9,Placed,Siemens,Embedded Engineer,5.88
STU20262980,Male,2027,Mechanical,8.48,73.6,64.5,1,Yes,2,0,"C++, CATIA, Excel, SQL, MATLAB, Python",87.6,84.7,65.6,71.3,Not Placed,Not Placed,Not Placed,0.0
STU20262981,Male,2024,ECE,8.31,77.2,76.2,2,Yes,3,1,"Git, Embedded C, IoT, SQL",98.0,75.9,59.1,63.7,Placed,Infosys,QA Engineer,5.31
STU20262982,Female,2024,CSE,7.85,66.9,72.1,0,No,2,1,"C++, Node.js, SQL, Java, Python, JavaScript",97.5,81.0,79.0,88.7,Placed,Tech Mahindra,Backend Developer,6.55
STU20262983,Female,2026,CSE,7.16,74.6,73.9,1,No,2,1,"React, Python, MongoDB, Git, JavaScript, DSA",98.0,92.8,71.8,65.6,Placed,TCS,Web Developer,6.25
STU20262984,Female,2026,ECE,7.91,77.8,61.2,0,Yes,2,2,"Embedded C, SQL, C, IoT, Java, Python",66.8,82.3,63.9,70.9,Placed,Tech Mahindra,Software Developer,4.08
STU20262985,Female,2025,CSE,8.94,93.0,75.8,1,No,3,2,"Python, Node.js, JavaScript, React, C++, DSA",98.0,82.4,71.7,65.9,Placed,Tech Mahindra,Software Developer,6.74
STU20262986,Male,2026,CSE,8.35,88.3,74.7,1,No,3,2,"JavaScript, Node.js, React, SQL, Python, DSA",98.0,91.8,76.3,49.4,Placed,Zoho,Data Analyst,6.29
STU20262987,Female,2027,CSE,6.65,67.4,71.6,3,No,1,0,"C++, Python, Node.js, Git, React",71.1,81.7,57.2,63.9,Placed,Zoho,Backend Developer,6.17
STU20262988,Female,2024,ECE,7.84,79.0,74.5,0,No,1,3,"Python, C, MATLAB, Java",72.0,77.0,38.2,71.4,Placed,Bosch,Embedded Engineer,5.79
STU20262989,Male,2026,CSE,6.37,75.5,72.6,0,No,1,0,"SQL, DSA, Node.js",78.2,57.8,81.0,63.8,Not Placed,Not Placed,Not Placed,0.0
STU20262990,Female,2024,ECE,8.43,77.5,88.4,3,No,2,1,"SQL, Arduino, Embedded C, C++, Python, C",78.2,77.0,72.2,80.7,Placed,L&T Technology Services,Network Engineer,7.17
STU20262991,Male,2025,Mechanical,6.96,74.2,70.2,2,No,2,0,"SQL, SolidWorks, CATIA, ANSYS",61.1,71.4,71.4,56.9,Not Placed,Not Placed,Not Placed,0.0
STU20262992,Female,2025,Mechanical,6.51,71.8,66.2,0,No,1,0,"Python, SolidWorks, AutoCAD, SQL, ANSYS, CATIA",53.0,87.2,68.3,72.3,Not Placed,Not Placed,Not Placed,0.0
STU20262993,Male,2025,IT,8.6,92.6,66.1,0,Yes,3,2,"DSA, Java, SQL",67.5,75.5,55.6,66.6,Placed,Cognizant,Data Analyst,6.71
STU20262994,Female,2024,ECE,8.23,75.7,73.6,0,Yes,1,2,"Git, Python, MATLAB",81.4,67.7,64.0,84.1,Placed,HCLTech,Network Engineer,6.58
STU20262995,Male,2027,ECE,7.95,80.3,66.7,0,No,1,0,"Python, IoT, Embedded C, Git",85.3,82.0,71.6,87.2,Not Placed,Not Placed,Not Placed,0.0
STU20262996,Male,2025,IT,9.76,64.7,88.1,0,No,3,5,"Node.js, Python, Git",79.6,94.2,76.5,83.5,Placed,Capgemini,Support Engineer,6.77
STU20262997,Male,2027,ECE,8.29,84.5,76.7,0,No,2,0,"IoT, Arduino, C, C++, Python",87.3,72.5,58.4,69.7,Placed,HCLTech,Network Engineer,5.76
STU20262998,Male,2025,CSE,7.45,84.9,81.7,5,Yes,2,0,"Python, SQL, DSA",83.0,84.7,74.3,72.4,Not Placed,Not Placed,Not Placed,0.0
STU20262999,Male,2027,Civil,7.94,70.5,86.7,3,Yes,3,1,"Primavera, STAAD Pro, Python",86.4,85.1,79.2,71.6,Placed,Adani,Design Engineer,4.24
STU20263000,Female,2026,CSE,7.76,73.8,69.9,2,No,1,3,"Node.js, Java, MongoDB, C++, JavaScript",84.5,94.4,66.1,55.9,Placed,Cognizant,Data Analyst,6.4
STU20263001,Male,2025,Mechanical,8.63,82.7,75.9,0,Yes,3,1,"CATIA, Excel, AutoCAD, MATLAB, SolidWorks",88.2,95.0,87.6,83.6,Placed,Mahindra,Design Engineer,5.98
STU20263002,Female,2026,ECE,7.99,78.1,85.9,1,No,2,0,"SQL, C, Java, Python, C++",95.9,68.9,78.9,43.3,Placed,Tech Mahindra,Software Developer,4.62
STU20263003,Male,2027,CSE,8.32,82.1,78.8,2,Yes,2,1,"Java, MongoDB, JavaScript",89.1,67.8,78.3,68.0,Placed,Accenture,Backend Developer,8.14
STU20263004,Male,2026,EEE,6.42,72.0,76.0,2,No,2,1,"IoT, C++, SQL, Embedded C, Python",57.0,86.3,59.2,88.2,Not Placed,Not Placed,Not Placed,0.0
STU20263005,Female,2025,CSE,8.05,91.2,84.0,0,Yes,1,2,"Git, JavaScript, React, SQL, MongoDB, Java",98.0,82.5,70.0,53.2,Placed,Capgemini,Data Analyst,6.55
STU20263006,Female,2026,EEE,7.6,72.3,81.8,2,Yes,2,2,"AutoCAD, IoT, Embedded C",66.5,98.0,81.2,78.6,Placed,L&T Technology Services,Embedded Engineer,3.94
STU20263007,Male,2026,ECE,6.88,94.0,76.4,3,No,2,0,"Python, Java, SQL",74.2,85.1,48.7,77.9,Placed,Bosch,Network Engineer,4.58
STU20263008,Female,2025,CSE,7.81,86.2,85.9,0,No,0,0,"Git, JavaScript, SQL, Node.js, React",98.0,90.8,53.2,61.9,Placed,Capgemini,Web Developer,2.89
STU20263009,Female,2026,CSE,8.37,84.7,77.1,1,Yes,4,3,"Git, Python, DSA, SQL",92.7,82.4,68.2,60.2,Placed,Tech Mahindra,Backend Developer,8.59
STU20263010,Male,2025,EEE,7.65,69.8,79.3,1,No,1,0,"AutoCAD, C, C++",65.9,76.9,70.3,48.6,Not Placed,Not Placed,Not Placed,0.0
STU20263011,Female,2025,IT,6.7,81.1,71.9,1,No,1,0,"Python, Git, Java, React, Node.js",75.0,81.1,65.5,63.1,Placed,Deloitte,Full Stack Developer,5.07
STU20263012,Female,2026,Mechanical,7.32,80.5,81.9,0,No,3,2,"SQL, AutoCAD, Python, C, C++",85.4,82.3,76.1,59.3,Placed,Jindal Steel,Graduate Engineer Trainee,5.92
STU20263013,Male,2027,EEE,7.25,61.3,69.7,1,Yes,2,2,"C, Arduino, IoT, Embedded C, AutoCAD, MATLAB",78.7,81.8,72.1,55.4,Not Placed,Not Placed,Not Placed,0.0
STU20263014,Male,2025,EEE,7.81,67.7,64.3,1,No,4,4,"AutoCAD, C, IoT",78.0,93.5,71.5,80.7,Not Placed,Not Placed,Not Placed,0.0
STU20263015,Male,2025,CSE,8.07,80.7,81.4,0,No,2,0,"Node.js, JavaScript, Python",65.0,74.1,68.4,58.3,Placed,Wipro,QA Engineer,6.61
STU20263016,Male,2024,EEE,7.3,75.3,67.6,1,No,2,1,"IoT, SQL, C++",62.5,70.7,79.8,74.2,Not Placed,Not Placed,Not Placed,0.0
STU20263017,Female,2026,Civil,7.12,72.2,66.4,0,Yes,3,0,"GIS, Revit, SQL, Primavera",68.7,76.3,84.1,62.3,Not Placed,Not Placed,Not Placed,0.0
STU20263018,Female,2025,CSE,8.06,85.7,85.6,1,No,3,1,"Git, SQL, MongoDB, JavaScript",98.0,80.7,68.4,75.1,Placed,Cognizant,Backend Developer,7.45
STU20263019,Male,2025,IT,8.72,73.6,85.3,1,Yes,3,2,"Node.js, DSA, MongoDB, Python",71.5,81.3,79.9,75.2,Placed,Accenture,Support Engineer,4.36
STU20263020,Male,2024,CSE,8.24,75.4,74.9,0,Yes,2,0,"SQL, Git, C++, Node.js, React, DSA",83.1,80.9,69.6,85.2,Placed,Capgemini,Data Analyst,6.75
STU20263021,Male,2027,IT,9.11,76.2,58.3,1,No,1,1,"Python, JavaScript, AWS, MongoDB, SQL, Git",98.0,74.0,60.7,49.6,Placed,Cognizant,Software Developer,5.66
STU20263022,Male,2025,EEE,8.61,83.1,82.0,0,Yes,2,1,,90.9,93.7,52.8,63.6,Placed,Siemens,Graduate Engineer Trainee,6.12
STU20263023,Female,2026,IT,9.17,68.9,84.4,0,No,4,1,"Node.js, MongoDB, SQL, AWS, React, Java",98.0,97.7,92.0,79.8,Placed,Deloitte,Support Engineer,7.5
STU20263024,Male,2024,ECE,8.91,76.8,82.7,0,No,4,2,"C, C++, Python, Git, SQL",82.5,98.0,86.0,60.9,Placed,HCLTech,QA Engineer,7.25
STU20263025,Male,2024,IT,9.23,69.0,83.2,0,Yes,4,1,"AWS, Node.js, DSA, Git",98.0,83.8,82.2,68.0,Placed,Cognizant,Full Stack Developer,8.51
STU20263026,Male,2024,CSE,7.02,73.4,72.7,3,No,0,1,"DSA, React, Node.js, JavaScript, C++, Java",83.9,65.4,81.1,75.3,Placed,Wipro,Web Developer,5.2
STU20263027,Male,2025,CSE,8.55,84.4,75.2,1,No,2,4,"Python, C++, Java, JavaScript",94.0,98.0,63.8,65.2,Placed,Wipro,Backend Developer,6.71
STU20263028,Female,2025,Mechanical,8.59,84.7,70.4,1,No,2,1,"MATLAB, Excel, Python, SQL, C++, CATIA",93.6,84.0,85.9,70.1,Placed,Maruti Suzuki,Production Engineer,5.56
STU20263029,Female,2025,ECE,8.94,75.3,74.3,0,No,2,1,"Python, SQL, C++, Java, Git",70.4,93.4,80.3,67.3,Placed,Infosys,Software Developer,4.92
STU20263030,Male,2025,IT,7.24,79.8,76.8,1,Yes,2,2,"DSA, SQL, Python, React, MongoDB, Java",84.2,69.7,63.4,68.7,Placed,Zoho,QA Engineer,7.68
STU20263031,Male,2024,Mechanical,8.11,77.0,79.3,1,Yes,3,2,"CATIA, AutoCAD, SQL",88.9,84.2,42.5,56.2,Placed,Tata Motors,Production Engineer,5.22
STU20263032,Male,2025,CSE,8.06,87.7,82.3,1,No,3,2,"Node.js, C++, Git, Python, Java",81.0,98.0,53.7,63.1,Placed,Wipro,Backend Developer,7.15
STU20263033,Male,2024,CSE,9.57,81.0,71.0,0,Yes,5,3,"React, MongoDB, C++, JavaScript",88.1,98.0,98.0,79.2,Placed,Deloitte,Backend Developer,8.48
STU20263034,Male,2024,CSE,6.82,54.2,61.8,2,Yes,2,1,"MongoDB, React, Java, Git, JavaScript",79.5,74.6,89.2,68.9,Not Placed,Not Placed,Not Placed,0.0
STU20263035,Male,2024,Civil,6.85,81.4,70.8,1,No,2,1,"AutoCAD, MATLAB, Revit, Excel",62.4,82.9,49.0,74.6,Not Placed,Not Placed,Not Placed,0.0
STU20263036,Female,2026,EEE,6.11,70.1,64.4,1,No,2,0,"IoT, C++, MATLAB, SQL",65.4,74.7,38.5,64.8,Not Placed,Not Placed,Not Placed,0.0
STU20263037,Male,2027,ECE,7.87,75.8,77.6,1,Yes,4,4,"Arduino, SQL, C, Git, MATLAB, C++",95.7,98.0,88.4,78.6,Placed,HCLTech,Embedded Engineer,6.15
STU20263038,Male,2026,CSE,9.8,84.9,72.3,0,Yes,3,1,"SQL, MongoDB, React",98.0,93.9,78.1,65.3,Placed,Tech Mahindra,Software Developer,6.89
STU20263039,Male,2024,CSE,7.96,67.9,84.8,1,Yes,3,5,"React, Git, MongoDB, JavaScript, Node.js, DSA",88.1,98.0,62.5,58.7,Placed,Deloitte,QA Engineer,6.04
STU20263040,Female,2027,ECE,7.84,78.1,70.4,1,Yes,3,1,"C++, IoT, Python, MATLAB, Embedded C, Arduino",76.2,82.4,55.3,83.1,Not Placed,Not Placed,Not Placed,0.0
STU20263041,Male,2027,IT,8.37,82.7,88.7,1,Yes,3,2,"MongoDB, Git, Python, React, JavaScript",71.0,78.5,57.3,59.5,Placed,Cognizant,Support Engineer,7.2
STU20263042,Male,2025,Civil,7.4,79.0,78.7,3,No,2,0,"Excel, AutoCAD, STAAD Pro, Revit, GIS, Primavera",67.6,82.2,86.6,60.4,Not Placed,Not Placed,Not Placed,0.0
STU20263043,Female,2024,EEE,7.96,73.7,69.1,0,Yes,4,1,"Embedded C, C++, C, IoT, SQL, MATLAB",98.0,71.1,75.1,72.9,Placed,Wipro,Embedded Engineer,7.37
STU20263044,Male,2026,IT,8.23,85.5,91.9,0,Yes,2,2,"SQL, MongoDB, Node.js",83.5,96.0,49.6,51.1,Placed,HCLTech,QA Engineer,8.25
STU20263045,Female,2027,EEE,6.93,68.3,75.6,3,No,1,0,"Embedded C, IoT, Java, AutoCAD, MATLAB",70.9,61.0,58.6,61.9,Not Placed,Not Placed,Not Placed,0.0
STU20263046,Male,2027,Civil,7.42,72.2,76.2,2,No,1,1,"C, Revit, STAAD Pro, GIS, Primavera, SQL",76.6,69.7,90.3,60.8,Not Placed,Not Placed,Not Placed,0.0
STU20263047,Female,2026,IT,8.53,78.4,77.6,0,Yes,3,1,"JavaScript, MongoDB, React, Java, SQL",93.4,77.5,78.0,69.5,Placed,HCLTech,Software Developer,7.18
STU20263048,Female,2026,ECE,8.54,81.4,81.3,0,No,3,3,"MATLAB, Embedded C, Java, Git",72.9,97.4,56.0,65.9,Not Placed,Not Placed,Not Placed,0.0
STU20263049,Male,2027,Civil,8.6,77.2,81.9,0,No,2,1,"GIS, Excel, MATLAB, SQL, Primavera, AutoCAD",77.2,74.8,66.0,63.0,Not Placed,Not Placed,Not Placed,0.0
STU20263050,Female,2024,CSE,8.29,87.3,71.3,0,No,3,0,"JavaScript, Node.js, Java, MongoDB, DSA, Python",91.7,89.0,71.7,66.6,Placed,Infosys,Data Analyst,7.81
STU20263051,Male,2024,Mechanical,7.85,79.7,74.7,1,No,2,0,"MATLAB, AutoCAD, Excel, C++, SQL, Python",82.1,73.5,83.7,86.2,Placed,Maruti Suzuki,Design Engineer,5.98
STU20263052,Female,2027,CSE,8.64,80.1,79.1,0,No,3,3,"JavaScript, C++, Java",98.0,90.5,73.3,96.9,Placed,Tech Mahindra,Web Developer,6.48
STU20263053,Female,2024,ECE,7.24,77.9,78.6,1,No,1,1,"MATLAB, C++, Arduino, C, SQL, Java",82.7,72.3,86.9,74.8,Placed,Infosys,Network Engineer,3.25
STU20263054,Female,2025,Mechanical,7.01,80.7,78.1,0,No,3,1,"C++, SQL, Python, AutoCAD, C",68.3,98.0,71.5,64.8,Placed,Maruti Suzuki,Graduate Engineer Trainee,4.97
STU20263055,Female,2025,ECE,7.64,78.8,76.8,0,No,2,0,"Embedded C, MATLAB, SQL, C",38.1,62.6,40.8,57.9,Not Placed,Not Placed,Not Placed,0.0
STU20263056,Male,2025,ECE,6.67,62.0,69.2,2,Yes,3,1,"Git, C, C++, MATLAB",78.3,82.7,73.6,63.9,Placed,HCLTech,Embedded Engineer,3.47
STU20263057,Male,2024,ECE,8.1,85.9,72.7,1,No,2,0,"Python, Java, MATLAB, IoT",68.0,81.4,70.0,65.9,Placed,TCS,Software Developer,5.57
STU20263058,Male,2026,CSE,8.89,81.1,70.7,0,No,3,1,"Python, MongoDB, React, C++, JavaScript",93.0,81.2,69.0,82.3,Placed,Tech Mahindra,Web Developer,7.67
STU20263059,Female,2025,CSE,7.4,81.3,79.1,0,Yes,2,0,"SQL, JavaScript, C++, MongoDB, React",96.1,81.9,74.7,60.4,Placed,Cognizant,Backend Developer,7.69
STU20263060,Female,2026,CSE,8.37,76.1,73.3,1,Yes,5,1,"MongoDB, C++, Python, JavaScript",77.0,79.7,70.2,77.0,Placed,Accenture,Web Developer,7.02
STU20263061,Male,2025,ECE,7.22,63.3,73.2,1,No,3,2,"Python, Java, Arduino",86.4,71.9,71.5,62.4,Placed,L&T Technology Services,Software Developer,4.02
STU20263062,Male,2027,IT,7.04,59.6,75.7,2,No,2,0,"Java, AWS, DSA, React",85.6,64.7,61.4,80.2,Placed,TCS,Full Stack Developer,6.04
STU20263063,Male,2026,CSE,9.75,75.8,81.4,0,No,3,2,"Git, SQL, Node.js, C++",95.4,96.1,71.7,64.2,Placed,Deloitte,Web Developer,8.67
STU20263064,Female,2027,Mechanical,6.7,78.4,73.1,3,No,3,0,"Excel, AutoCAD, ANSYS, C++, SQL, CATIA",79.9,70.0,81.2,59.6,Not Placed,Not Placed,Not Placed,0.0
STU20263065,Female,2025,IT,6.81,84.1,67.1,2,Yes,4,0,"Java, DSA, AWS, MongoDB, Python",54.1,69.4,68.7,64.4,Placed,Accenture,Software Developer,6.86
STU20263066,Male,2024,IT,8.08,80.3,78.7,0,No,2,2,"MongoDB, Python, AWS, JavaScript, Node.js",81.2,88.8,77.6,89.5,Placed,Deloitte,Support Engineer,6.63
STU20263067,Male,2027,IT,8.13,71.0,74.8,2,No,2,0,"Git, AWS, Node.js, SQL, React",80.5,92.4,65.0,68.1,Placed,Infosys,Support Engineer,5.66
STU20263068,Male,2027,CSE,8.57,73.9,77.5,0,Yes,4,1,"MongoDB, Python, Java, Node.js",98.0,74.7,88.1,85.7,Placed,Accenture,Software Developer,7.29
STU20263069,Male,2024,EEE,9.35,90.9,88.4,0,Yes,2,2,"Embedded C, MATLAB, C",98.0,95.1,80.1,76.8,Placed,HCLTech,Graduate Engineer Trainee,7.06
STU20263070,Female,2026,IT,7.24,66.9,78.1,1,No,3,0,"MongoDB, Git, DSA, React",72.6,83.9,64.6,75.9,Placed,Deloitte,Data Analyst,6.99
STU20263071,Male,2026,CSE,7.51,91.5,71.3,1,No,3,1,"SQL, Python, MongoDB",57.3,94.8,86.5,64.1,Placed,Capgemini,Software Developer,7.06
STU20263072,Male,2024,Civil,8.87,93.3,77.9,1,No,2,2,"Primavera, AutoCAD, MATLAB, Excel, GIS, Revit",65.2,86.5,71.1,67.3,Placed,Adani,Civil Engineer,5.92
STU20263073,Male,2026,Mechanical,8.35,93.8,88.7,0,No,0,1,"Python, C++, Excel, CATIA",93.7,97.2,75.7,55.9,Placed,Maruti Suzuki,Production Engineer,3.81
STU20263074,Male,2025,EEE,8.33,81.5,75.3,0,No,3,0,"IoT, SQL, Java, AutoCAD",83.2,90.0,57.7,56.5,Placed,Siemens,Embedded Engineer,4.96
STU20263075,Female,2024,Mechanical,7.05,73.2,74.3,2,No,1,1,"C++, C, MATLAB",55.4,58.0,60.1,65.7,Not Placed,Not Placed,Not Placed,0.0
STU20263076,Male,2027,Civil,8.46,81.6,82.5,0,Yes,2,3,"AutoCAD, Revit, Primavera",66.4,92.3,83.9,68.5,Placed,Adani,Graduate Engineer Trainee,5.19
STU20263077,Male,2026,IT,8.58,85.8,79.7,0,No,3,2,"Java, Node.js, JavaScript, SQL",88.2,89.2,73.7,66.8,Placed,Accenture,Software Developer,7.73
STU20263078,Male,2027,ECE,7.91,73.2,73.7,1,No,3,3,"IoT, Arduino, C",83.5,97.9,72.8,77.8,Placed,TCS,Network Engineer,8.12
STU20263079,Female,2026,ECE,7.25,68.4,69.4,2,No,2,1,,96.1,91.0,67.8,90.8,Placed,Tech Mahindra,Software Developer,4.44
STU20263080,Female,2027,CSE,8.09,76.2,76.8,2,Yes,4,1,"React, C++, DSA",84.5,76.7,71.7,60.7,Placed,Infosys,QA Engineer,7.98
STU20263081,Male,2025,CSE,9.4,76.1,85.0,0,No,4,1,"DSA, JavaScript, React, Git, C++",96.6,98.0,70.6,73.1,Placed,Zoho,QA Engineer,7.77
STU20263082,Male,2025,CSE,7.07,84.4,83.3,2,No,1,1,"DSA, Git, React",72.3,75.6,62.2,61.5,Placed,Zoho,Software Developer,5.6
STU20263083,Male,2025,ECE,7.07,71.4,63.8,1,No,1,1,"MATLAB, SQL, Java, Embedded C, Arduino",82.7,69.8,64.5,48.7,Not Placed,Not Placed,Not Placed,0.0
STU20263084,Male,2026,Mechanical,7.02,76.2,86.3,0,No,3,0,"C, Excel, Python, AutoCAD",98.0,92.1,64.3,96.9,Not Placed,Not Placed,Not Placed,0.0
STU20263085,Male,2026,EEE,7.3,83.1,72.7,0,No,1,0,"Embedded C, AutoCAD, MATLAB",85.3,71.2,75.2,67.7,Placed,L&T Technology Services,Embedded Engineer,5.49
STU20263086,Female,2026,IT,7.89,86.7,82.8,1,Yes,3,1,"AWS, React, Java, Python",98.0,84.3,77.1,68.0,Placed,Wipro,Full Stack Developer,7.54
STU20263087,Female,2025,CSE,8.81,81.5,73.6,0,No,2,2,"MongoDB, C++, JavaScript, Python, Java, React",90.5,88.3,92.4,79.2,Placed,Cognizant,Web Developer,7.82
STU20263088,Male,2024,IT,8.29,81.4,66.1,0,No,3,1,"SQL, Node.js, AWS, Git, JavaScript",64.9,91.1,82.2,97.4,Placed,Infosys,Data Analyst,6.74
STU20263089,Male,2027,ECE,7.8,70.4,66.9,1,No,3,1,"SQL, Embedded C, Python, IoT, C++",71.6,96.7,59.7,72.2,Not Placed,Not Placed,Not Placed,0.0
STU20263090,Male,2027,Civil,7.74,84.5,73.6,1,No,2,1,"Excel, Primavera, STAAD Pro, Python",88.6,97.8,62.3,98.0,Not Placed,Not Placed,Not Placed,0.0
STU20263091,Male,2025,Mechanical,8.08,87.0,80.5,0,Yes,3,4,"SQL, CATIA, C, Excel, SolidWorks, AutoCAD",80.0,98.0,84.4,72.4,Placed,Jindal Steel,Mechanical Engineer,3.87
STU20263092,Male,2026,Civil,6.07,60.1,71.6,2,Yes,0,0,,65.4,51.5,72.9,84.8,Not Placed,Not Placed,Not Placed,0.0
STU20263093,Male,2026,Mechanical,8.46,91.5,76.1,1,Yes,2,1,,72.6,98.0,87.3,62.9,Placed,L&T,Design Engineer,5.62
STU20263094,Female,2027,Civil,6.8,70.1,81.2,1,No,1,0,"MATLAB, Revit, Primavera, C, GIS, Excel",88.8,79.5,67.1,59.0,Not Placed,Not Placed,Not Placed,0.0
STU20263095,Male,2025,IT,7.52,81.0,75.3,1,Yes,4,1,"DSA, MongoDB, JavaScript, SQL",98.0,94.6,66.7,76.3,Placed,TCS,Support Engineer,6.87
STU20263096,Female,2026,CSE,8.29,79.3,79.3,1,No,1,1,"JavaScript, SQL, C++",76.2,79.9,77.6,84.5,Placed,Accenture,Backend Developer,5.87
STU20263097,Male,2024,CSE,7.94,77.4,98.0,2,Yes,3,5,"SQL, React, DSA, MongoDB, Git",79.6,92.1,53.9,66.7,Placed,Cognizant,Backend Developer,7.23
STU20263098,Male,2024,IT,8.31,77.3,77.4,1,Yes,3,2,"MongoDB, SQL, Java, AWS, JavaScript, Python",98.0,97.5,70.7,83.9,Placed,Accenture,Data Analyst,7.49
STU20263099,Male,2027,CSE,8.12,71.4,72.1,0,No,3,1,"Java, React, MongoDB, Node.js",95.7,98.0,97.9,73.3,Placed,Tech Mahindra,QA Engineer,5.53
STU20263100,Female,2025,CSE,7.75,81.0,79.3,0,Yes,3,0,"Java, MongoDB, JavaScript, DSA, SQL, Python",61.7,83.2,66.7,69.5,Placed,TCS,Web Developer,6.6
STU20263101,Male,2024,Civil,8.8,78.0,83.9,0,Yes,3,1,"SQL, Revit, STAAD Pro",94.7,76.0,75.0,81.5,Placed,Shapoorji Pallonji,Civil Engineer,5.56
STU20263102,Male,2024,CSE,8.6,70.3,80.3,0,Yes,3,1,"Node.js, DSA, React, C++, Java, Git",91.4,93.5,71.8,63.3,Placed,Cognizant,Backend Developer,8.42
STU20263103,Female,2025,Civil,7.76,70.2,77.1,1,Yes,3,0,"C, AutoCAD, MATLAB, Excel",83.5,79.4,90.6,85.2,Not Placed,Not Placed,Not Placed,0.0
STU20263104,Female,2026,EEE,8.24,69.6,87.6,0,No,2,1,"Java, C++, Python",70.7,73.6,57.6,66.1,Placed,TCS,Graduate Engineer Trainee,5.85
STU20263105,Female,2025,ECE,7.15,72.2,83.8,1,No,0,3,"Embedded C, IoT, C++, Arduino, Java, MATLAB",60.5,78.4,77.4,77.6,Not Placed,Not Placed,Not Placed,0.0
STU20263106,Male,2026,EEE,9.5,85.1,79.8,0,Yes,4,1,"C++, SQL, AutoCAD",55.3,98.0,72.8,75.5,Placed,L&T Technology Services,Electrical Engineer,7.0
STU20263107,Male,2027,IT,6.98,70.5,69.3,2,Yes,4,1,"JavaScript, DSA, AWS, Java",72.0,91.4,59.5,74.1,Placed,Infosys,Data Analyst,4.3
STU20263108,Female,2025,ECE,7.85,84.5,79.2,1,No,1,0,"C, Git, Python, Embedded C",53.1,73.9,49.6,35.0,Not Placed,Not Placed,Not Placed,0.0
STU20263109,Male,2027,CSE,7.76,76.6,71.4,1,No,3,0,"React, MongoDB, SQL, Java, JavaScript",74.8,76.9,93.3,62.2,Placed,Tech Mahindra,Backend Developer,6.76
STU20263110,Male,2024,Civil,7.22,74.0,80.7,1,No,2,1,"GIS, Python, AutoCAD",80.9,78.1,78.3,57.1,Placed,JLL,Design Engineer,3.82
STU20263111,Male,2025,IT,7.51,,78.2,1,No,1,0,"Python, Node.js, React, MongoDB",61.0,94.6,52.8,75.6,Placed,Cognizant,QA Engineer,6.35
STU20263112,Male,2024,CSE,7.34,86.1,93.5,1,No,1,0,"JavaScript, React, SQL, Java, MongoDB",90.2,89.6,53.0,66.2,Placed,TCS,Data Analyst,5.36
STU20263113,Female,2024,EEE,8.66,,88.7,0,No,2,4,"C++, Embedded C, IoT, AutoCAD",98.0,97.9,66.2,48.9,Placed,TCS,Software Developer,5.91
STU20263114,Female,2024,ECE,6.73,86.4,65.6,1,Yes,2,0,"Python, Embedded C, C++, IoT, Java, MATLAB",76.5,79.9,73.4,79.8,Placed,HCLTech,Software Developer,6.37
STU20263115,Male,2024,IT,8.74,86.6,75.0,0,No,2,2,"DSA, React, MongoDB, AWS, SQL, Python",91.0,85.6,73.3,67.0,Placed,Zoho,Support Engineer,6.31
STU20263116,Female,2027,ECE,8.3,78.6,64.0,0,Yes,4,4,"Arduino, SQL, MATLAB, Git",67.1,98.0,61.3,72.3,Placed,TCS,Embedded Engineer,5.99
STU20263117,Male,2026,CSE,7.68,85.5,60.8,0,No,3,0,"Node.js, Python, JavaScript",83.1,71.0,69.7,74.5,Placed,Deloitte,QA Engineer,8.21
STU20263118,Male,2027,EEE,8.1,76.0,77.7,1,No,1,1,"AutoCAD, C, IoT, Python, Embedded C, Arduino",61.1,86.8,88.9,72.0,Not Placed,Not Placed,Not Placed,0.0
STU20263119,Male,2026,CSE,7.87,79.7,67.9,0,No,1,1,"React, SQL, Node.js",56.2,60.5,79.2,93.2,Placed,Capgemini,Software Developer,6.35
STU20263120,Female,2026,CSE,7.06,71.9,85.6,1,Yes,3,1,"C++, Node.js, Git",62.6,63.4,44.8,83.9,Not Placed,Not Placed,Not Placed,0.0
STU20263121,Male,2024,CSE,7.07,82.4,82.2,2,No,1,3,"React, MongoDB, Java, Python, JavaScript, C++",71.0,61.5,54.6,69.8,Placed,Deloitte,Web Developer,4.56
STU20263122,Male,2026,IT,8.46,74.2,75.9,1,No,2,1,"DSA, Git, SQL, Node.js, Python",81.8,98.0,72.1,73.0,Placed,Zoho,Full Stack Developer,7.24
STU20263123,Female,2025,IT,8.41,78.7,75.4,2,Yes,3,1,"Python, Git, Node.js, SQL, AWS, DSA",83.7,85.0,75.4,70.4,Placed,Infosys,Support Engineer,7.62
STU20263124,Male,2027,IT,8.11,83.0,87.3,1,Yes,4,2,"React, Node.js, SQL, JavaScript",71.6,75.0,89.5,67.2,Placed,HCLTech,QA Engineer,8.05
STU20263125,Female,2027,CSE,7.67,84.5,87.7,1,No,1,1,"Git, JavaScript, C++, MongoDB",77.1,98.0,70.5,79.6,Placed,TCS,Web Developer,6.66
STU20263126,Male,2024,CSE,7.84,71.9,69.6,1,Yes,1,0,"C++, Java, Python, Node.js, MongoDB",68.4,70.9,78.4,92.4,Placed,Wipro,Data Analyst,7.89
STU20263127,Male,2026,ECE,7.47,81.9,67.7,0,Yes,2,1,"C++, IoT, SQL, Git",78.9,85.6,41.4,71.0,Placed,Bosch,QA Engineer,7.17
STU20263128,Female,2026,CSE,6.52,67.4,70.5,1,No,1,2,"SQL, JavaScript, Git, DSA",67.3,68.3,60.9,75.5,Not Placed,Not Placed,Not Placed,0.0
STU20263129,Male,2026,EEE,7.7,62.2,78.8,0,No,2,1,"IoT, MATLAB, AutoCAD, C++, Arduino",56.9,89.4,79.9,58.1,Placed,Schneider Electric,Embedded Engineer,4.06
STU20263130,Male,2024,Civil,7.94,72.6,72.8,0,Yes,3,3,"GIS, Excel, STAAD Pro, MATLAB, Primavera, C",74.0,88.1,96.3,80.8,Placed,Tata Projects,Civil Engineer,4.27
STU20263131,Male,2026,IT,7.96,83.7,79.7,3,No,1,1,"React, JavaScript, MongoDB",83.8,73.8,54.4,57.9,Not Placed,Not Placed,Not Placed,0.0
STU20263132,Female,2027,Civil,9.0,80.4,93.0,0,No,5,0,,98.0,77.1,73.8,71.5,Not Placed,Not Placed,Not Placed,0.0
STU20263133,Female,2025,CSE,7.15,72.1,64.5,3,No,2,0,"SQL, Python, Java, React, JavaScript, DSA",61.0,69.7,45.7,74.3,Not Placed,Not Placed,Not Placed,0.0
STU20263134,Female,2026,CSE,7.44,77.0,72.0,0,No,1,0,"DSA, Java, JavaScript",65.5,66.6,67.1,84.9,Placed,TCS,QA Engineer,6.85
STU20263135,Male,2024,EEE,7.76,77.6,66.2,4,No,2,2,"C++, SQL, Java, Embedded C",73.4,66.2,84.6,44.3,Not Placed,Not Placed,Not Placed,0.0
STU20263136,Male,2027,EEE,7.86,,70.4,2,No,3,3,"Embedded C, C++, Java, IoT, C, SQL",95.9,95.1,83.4,88.3,Not Placed,Not Placed,Not Placed,0.0
STU20263137,Male,2024,Mechanical,5.93,61.5,68.9,0,No,1,0,"C, MATLAB, CATIA, SQL",72.8,80.3,63.1,83.6,Not Placed,Not Placed,Not Placed,0.0
STU20263138,Male,2024,CSE,8.51,78.6,72.9,1,Yes,5,0,"Java, C++, Python, JavaScript, SQL",74.7,81.2,70.7,79.4,Placed,Wipro,Software Developer,7.24
STU20263139,Female,2025,EEE,7.86,78.5,79.9,4,No,1,0,"Embedded C, Arduino, Java, Python, MATLAB, AutoCAD",82.7,58.0,98.0,65.3,Not Placed,Not Placed,Not Placed,0.0
STU20263140,Male,2027,IT,6.1,63.7,72.5,0,Yes,0,1,"Git, Node.js, DSA",80.7,74.1,61.6,85.8,Placed,HCLTech,QA Engineer,4.3
STU20263141,Male,2026,IT,7.8,67.8,78.2,0,Yes,1,1,"Node.js, SQL, React, JavaScript",79.1,82.1,64.0,95.7,Placed,Zoho,QA Engineer,6.06
STU20263142,Male,2024,CSE,7.31,73.7,72.6,5,No,2,2,"Node.js, React, SQL, Git",67.2,71.5,61.9,65.8,Not Placed,Not Placed,Not Placed,0.0
STU20263143,Male,2024,Civil,7.11,75.8,72.7,2,No,2,1,"Primavera, STAAD Pro, Excel, GIS, MATLAB",85.7,78.0,49.3,86.5,Not Placed,Not Placed,Not Placed,0.0
STU20263144,Male,2026,CSE,6.86,75.2,71.1,1,Yes,2,0,"C++, React, JavaScript, Git, Python",76.5,47.7,73.1,84.9,Placed,Cognizant,Backend Developer,7.7
STU20263145,Male,2025,Mechanical,7.9,73.9,74.6,0,No,3,1,"Excel, C++, MATLAB",79.0,84.1,80.0,84.0,Not Placed,Not Placed,Not Placed,0.0
STU20263146,Male,2024,ECE,9.25,76.9,82.9,1,Yes,4,0,"IoT, Embedded C, Java, Git, C",98.0,88.7,85.0,82.5,Placed,L&T Technology Services,QA Engineer,8.45
STU20263147,Male,2027,EEE,7.88,74.9,62.8,2,No,2,0,"SQL, Embedded C, Java, MATLAB, C++",79.4,93.7,81.6,69.3,Placed,Wipro,Electrical Engineer,5.69
STU20263148,Male,2024,EEE,5.81,74.6,72.7,2,No,1,0,"SQL, AutoCAD, Arduino, IoT",67.5,71.1,55.5,54.9,Not Placed,Not Placed,Not Placed,0.0
STU20263149,Female,2026,Mechanical,7.79,86.2,70.0,1,No,2,2,"MATLAB, SolidWorks, C++, Excel, CATIA, Python",89.3,84.9,69.0,63.3,Not Placed,Not Placed,Not Placed,0.0
STU20263150,Male,2025,CSE,7.83,62.0,73.8,1,Yes,2,3,"Git, DSA, JavaScript, Java",73.1,98.0,86.3,81.3,Placed,Infosys,QA Engineer,5.69
STU20263151,Male,2026,CSE,7.06,80.0,63.1,0,Yes,2,0,"DSA, Python, SQL, Git, Node.js",61.4,68.4,62.1,70.7,Placed,Tech Mahindra,QA Engineer,5.69
STU20263152,Male,2027,ECE,8.05,77.3,74.2,2,No,2,1,"Git, Java, C++",84.2,68.3,64.9,46.2,Not Placed,Not Placed,Not Placed,0.0
STU20263153,Male,2025,IT,8.65,83.3,80.3,0,No,4,1,"MongoDB, React, Git, Java, Node.js, SQL",98.0,98.0,87.5,62.0,Placed,Wipro,Full Stack Developer,7.47
STU20263154,Female,2026,CSE,7.43,84.9,78.3,0,No,1,0,"JavaScript, Java, React, DSA",47.4,87.1,59.4,55.8,Placed,Tech Mahindra,Software Developer,6.98
STU20263155,Male,2027,CSE,6.6,69.2,64.5,1,Yes,2,1,"SQL, Node.js, React, DSA, JavaScript, Python",81.8,86.7,51.5,76.2,Placed,TCS,Software Developer,3.3
STU20263156,Female,2027,IT,6.19,80.1,74.6,4,No,1,0,"Python, MongoDB, DSA",68.9,68.1,51.1,79.4,Not Placed,Not Placed,Not Placed,0.0
STU20263157,Female,2025,CSE,7.43,67.8,83.0,2,Yes,4,1,"Node.js, C++, MongoDB, SQL, React, Java",75.7,76.0,98.0,75.7,Placed,Deloitte,Backend Developer,8.51
STU20263158,Male,2025,CSE,7.87,78.6,72.8,0,No,3,1,"Node.js, JavaScript, React, DSA, Java, Python",74.1,71.4,84.5,51.3,Placed,Capgemini,Backend Developer,6.63
STU20263159,Male,2027,Civil,7.06,74.0,74.1,1,No,1,0,"SQL, Python, Primavera",83.6,65.9,76.3,64.5,Not Placed,Not Placed,Not Placed,0.0
STU20263160,Male,2024,IT,7.32,76.6,60.3,2,Yes,2,0,"React, SQL, Python",84.8,62.6,57.1,60.6,Placed,Capgemini,Full Stack Developer,7.65
STU20263161,Male,2024,Civil,7.98,71.0,70.3,1,No,3,0,"STAAD Pro, C, AutoCAD",70.0,78.0,78.4,67.5,Not Placed,Not Placed,Not Placed,0.0
STU20263162,Male,2024,Civil,7.89,80.8,78.2,2,Yes,2,3,"Python, Excel, MATLAB",83.1,98.0,93.6,82.3,Placed,Afcons Infrastructure,Design Engineer,4.09
STU20263163,Male,2027,CSE,8.17,89.5,83.7,2,Yes,2,4,"Python, JavaScript, Git, React",97.3,84.4,77.4,74.3,Placed,Accenture,QA Engineer,7.64
STU20263164,Male,2024,EEE,8.34,72.0,73.3,0,Yes,4,1,"IoT, MATLAB, AutoCAD, Embedded C, C++",95.1,89.0,59.0,73.6,Placed,HCLTech,Software Developer,7.37
STU20263165,Male,2025,ECE,7.19,77.3,93.1,3,No,2,1,"IoT, C, Git, Java",55.9,84.4,75.7,88.1,Not Placed,Not Placed,Not Placed,0.0
STU20263166,Male,2026,EEE,6.72,80.8,75.3,2,No,0,2,"C++, Arduino, SQL",76.4,72.0,64.8,58.5,Not Placed,Not Placed,Not Placed,0.0
STU20263167,Female,2024,CSE,7.56,74.8,66.5,3,No,1,2,"C++, Java, React, SQL",60.3,77.6,72.0,82.6,Placed,Accenture,Backend Developer,6.04
STU20263168,Female,2025,CSE,7.5,86.3,84.3,2,No,0,1,"MongoDB, Java, C++, React, Git, Node.js",75.1,90.4,57.4,65.6,Placed,Tech Mahindra,Web Developer,5.06
STU20263169,Male,2025,CSE,6.26,70.6,63.1,1,No,1,0,"C++, MongoDB, SQL, JavaScript",59.8,72.7,55.1,98.0,Not Placed,Not Placed,Not Placed,0.0
STU20263170,Male,2025,ECE,7.29,75.4,77.0,0,Yes,3,2,"Arduino, Git, IoT, Embedded C, C, SQL",83.8,94.2,63.0,76.6,Placed,Infosys,QA Engineer,7.81
STU20263171,Female,2027,Civil,8.44,72.1,71.3,2,Yes,4,1,"C, AutoCAD, Primavera, GIS, SQL",79.2,98.0,63.6,51.6,Not Placed,Not Placed,Not Placed,0.0
STU20263172,Female,2024,EEE,8.33,79.7,68.0,0,No,3,0,"AutoCAD, SQL, IoT, C++, Arduino, Python",71.6,75.5,72.6,64.7,Placed,Wipro,Software Developer,6.58
STU20263173,Male,2027,EEE,8.1,78.3,83.6,0,No,1,3,"Arduino, Java, AutoCAD, SQL, C++, IoT",81.8,84.4,63.5,53.9,Placed,Wipro,Electrical Engineer,5.86
STU20263174,Male,2025,Civil,7.61,81.5,73.7,2,No,2,0,"Primavera, STAAD Pro, Revit, Excel, C, Python",79.4,77.4,91.7,94.8,Not Placed,Not Placed,Not Placed,0.0
STU20263175,Male,2024,EEE,8.88,75.7,91.1,0,No,4,0,"C++, IoT, Python",98.0,83.4,81.9,60.6,Placed,L&T Technology Services,Software Developer,8.62
STU20263176,Female,2024,CSE,7.1,71.0,67.0,2,No,1,0,"Python, MongoDB, SQL",66.6,70.7,78.3,84.2,Not Placed,Not Placed,Not Placed,0.0
STU20263177,Male,2026,Mechanical,6.73,78.1,62.3,5,No,2,1,"CATIA, ANSYS, C++, Python, C, AutoCAD",55.5,90.7,65.1,80.6,Not Placed,Not Placed,Not Placed,0.0
STU20263178,Male,2025,IT,8.86,89.9,75.6,0,Yes,4,1,"JavaScript, Python, AWS, Node.js, React",97.4,91.3,49.4,59.2,Placed,Capgemini,QA Engineer,7.58
STU20263179,Male,2025,CSE,8.02,82.5,96.9,1,No,3,1,"Python, SQL, DSA, Java, Node.js",98.0,98.0,83.0,50.9,Placed,Wipro,Software Developer,7.26
STU20263180,Male,2027,ECE,7.18,88.9,80.2,1,No,2,1,"MATLAB, Arduino, Embedded C, Git, Java, Python",69.0,74.8,67.3,81.0,Not Placed,Not Placed,Not Placed,0.0
STU20263181,Male,2025,Civil,7.97,81.8,80.4,1,Yes,3,0,"GIS, C, Python, STAAD Pro",88.2,97.4,77.3,69.0,Placed,Afcons Infrastructure,Civil Engineer,5.66
STU20263182,Female,2027,CSE,7.63,80.7,79.7,1,Yes,1,0,"Java, JavaScript, React, Git, SQL",71.9,95.2,69.6,73.2,Placed,Wipro,Web Developer,4.45
STU20263183,Male,2024,ECE,7.04,80.4,70.6,1,No,3,0,"Git, Java, IoT, Arduino, C++",98.0,76.9,39.2,71.0,Not Placed,Not Placed,Not Placed,0.0
STU20263184,Male,2024,CSE,7.26,86.6,93.7,0,Yes,1,3,"Java, MongoDB, JavaScript, Node.js, React, C++",67.5,86.3,63.4,38.0,Placed,Wipro,Data Analyst,5.6
STU20263185,Male,2026,CSE,8.27,87.3,80.5,3,Yes,3,3,"React, DSA, Git, Python",83.3,98.0,62.3,72.2,Placed,Infosys,QA Engineer,7.74
STU20263186,Female,2025,CSE,8.17,70.8,79.6,2,Yes,3,1,"Node.js, Java, MongoDB, DSA, Python, C++",59.1,79.8,75.4,86.8,Placed,TCS,Backend Developer,7.25
STU20263187,Male,2024,EEE,8.94,86.0,86.0,0,No,2,2,"SQL, Python, C, Arduino, Embedded C",98.0,98.0,81.7,47.9,Placed,Schneider Electric,Electrical Engineer,6.74
STU20263188,Male,2024,Mechanical,7.3,78.1,65.8,0,No,1,0,"Excel, AutoCAD, MATLAB",67.6,67.9,97.2,78.8,Placed,Bosch,Design Engineer,4.99
STU20263189,Male,2024,CSE,7.74,76.0,69.7,0,Yes,3,2,"Java, Git, MongoDB, React, Python, DSA",96.8,80.0,77.0,70.4,Placed,TCS,Web Developer,6.53
STU20263190,Female,2026,IT,9.12,68.4,77.9,0,Yes,4,5,"React, SQL, DSA, Java, Git, JavaScript",82.6,94.5,69.2,59.4,Placed,Accenture,Software Developer,8.02
STU20263191,Male,2025,CSE,8.84,69.3,85.8,0,No,3,1,"DSA, SQL, Git",85.8,91.0,69.9,73.2,Placed,Capgemini,Software Developer,6.44
STU20263192,Female,2027,CSE,8.12,75.7,67.8,1,No,2,2,,71.2,88.9,79.2,68.8,Placed,Capgemini,QA Engineer,5.72
STU20263193,Male,2024,ECE,6.42,63.8,71.9,3,Yes,3,1,"C++, Arduino, MATLAB, IoT, SQL",63.4,70.2,76.7,89.4,Not Placed,Not Placed,Not Placed,0.0
STU20263194,Female,2025,EEE,6.96,73.0,72.3,0,No,1,1,"C++, AutoCAD, Python",68.8,75.2,51.6,62.3,Not Placed,Not Placed,Not Placed,0.0
STU20263195,Female,2025,ECE,6.85,80.1,62.5,2,Yes,2,1,"Arduino, IoT, MATLAB",72.6,66.1,64.2,88.5,Not Placed,Not Placed,Not Placed,0.0
STU20263196,Male,2026,IT,7.93,73.8,72.8,1,Yes,3,1,"Java, MongoDB, DSA",77.8,95.8,69.7,72.6,Placed,Accenture,Full Stack Developer,6.12
STU20263197,Male,2027,ECE,7.32,76.9,78.6,0,Yes,5,0,"MATLAB, Git, Arduino, C, Embedded C, SQL",65.8,89.0,48.3,78.2,Placed,HCLTech,Embedded Engineer,6.21
STU20263198,Male,2027,CSE,9.36,73.9,69.9,0,No,2,0,"DSA, Java, Git, Node.js, SQL",90.2,84.3,86.8,64.8,Placed,Accenture,Backend Developer,8.06
STU20263199,Male,2024,CSE,6.66,76.7,82.9,2,No,2,3,"Java, Node.js, Python, Git",49.8,78.4,69.6,57.5,Not Placed,Not Placed,Not Placed,0.0
STU20263200,Male,2025,Civil,6.51,77.8,75.9,3,No,0,0,"SQL, MATLAB, STAAD Pro",63.5,63.9,63.5,80.3,Not Placed,Not Placed,Not Placed,0.0
STU20263201,Male,2027,EEE,7.86,67.7,78.6,1,No,1,0,"SQL, Arduino, C, IoT, MATLAB, C++",57.8,69.5,74.6,68.4,Not Placed,Not Placed,Not Placed,0.0
STU20263202,Female,2024,Civil,7.94,72.6,76.5,0,Yes,2,0,"STAAD Pro, SQL, Revit, Excel, GIS, C",90.5,69.9,80.3,69.0,Placed,Tata Projects,Graduate Engineer Trainee,6.19
STU20263203,Male,2026,Civil,5.3,62.4,61.7,0,No,1,0,"C, SQL, GIS",78.8,56.7,86.3,80.9,Not Placed,Not Placed,Not Placed,0.0
STU20263204,Male,2025,ECE,6.27,77.2,67.4,0,No,1,1,"IoT, Arduino, MATLAB, SQL",76.0,82.4,73.6,87.0,Not Placed,Not Placed,Not Placed,0.0
STU20263205,Male,2025,Civil,7.28,77.3,77.2,4,No,2,2,"Python, STAAD Pro, MATLAB, SQL, Primavera, AutoCAD",70.7,91.8,54.2,62.6,Not Placed,Not Placed,Not Placed,0.0
STU20263206,Male,2025,IT,9.05,80.3,74.9,1,No,2,1,"JavaScript, Node.js, Python, SQL, MongoDB",76.4,74.6,98.0,88.7,Placed,Cognizant,Support Engineer,7.1
STU20263207,Male,2025,CSE,9.6,81.1,82.2,0,Yes,5,0,"JavaScript, MongoDB, Node.js",92.5,98.0,63.8,63.6,Placed,Infosys,Data Analyst,7.61
STU20263208,Male,2027,CSE,7.65,79.4,69.4,1,No,1,1,"Python, MongoDB, Git, Node.js, SQL, DSA",75.1,67.5,75.7,71.5,Placed,Zoho,QA Engineer,5.57
STU20263209,Male,2026,CSE,7.85,80.0,79.4,4,Yes,3,1,"C++, SQL, Node.js, Git, DSA",87.5,91.4,68.7,83.3,Placed,Infosys,Data Analyst,5.8
STU20263210,Female,2027,CSE,7.29,72.8,78.4,5,Yes,3,2,"MongoDB, Node.js, Java, Python, C++",83.7,83.8,67.6,35.0,Placed,TCS,QA Engineer,6.27
STU20263211,Male,2026,IT,8.44,74.7,66.4,1,Yes,2,1,"SQL, Java, DSA, JavaScript, Python",57.7,80.0,78.7,61.3,Placed,HCLTech,Data Analyst,7.23
STU20263212,Female,2025,EEE,8.95,80.0,79.6,2,No,2,4,"MATLAB, AutoCAD, C++, IoT, Python, Embedded C",92.7,98.0,81.7,63.8,Placed,L&T Technology Services,Graduate Engineer Trainee,5.41
STU20263213,Male,2026,Mechanical,8.62,,67.6,0,Yes,3,1,"C, SQL, Python, ANSYS",90.2,98.0,92.4,76.2,Placed,Maruti Suzuki,Graduate Engineer Trainee,5.71
STU20263214,Male,2025,ECE,7.73,91.7,62.8,2,Yes,4,3,"Python, Embedded C, Java",74.3,69.9,62.4,73.0,Not Placed,Not Placed,Not Placed,0.0
STU20263215,Male,2027,CSE,7.29,73.5,70.5,2,Yes,2,0,"JavaScript, C++, Node.js",64.8,88.8,74.4,43.3,Placed,Tech Mahindra,Backend Developer,5.18
STU20263216,Male,2024,EEE,7.66,79.2,95.3,2,No,5,0,"Java, AutoCAD, Python, C, Arduino, MATLAB",86.5,75.8,78.5,64.3,Placed,Siemens,Electrical Engineer,7.71
STU20263217,Female,2027,IT,9.07,83.9,84.9,1,Yes,4,0,"AWS, Java, JavaScript, Node.js, Git, DSA",92.5,98.0,98.0,54.2,Placed,Deloitte,QA Engineer,9.0
STU20263218,Male,2026,CSE,7.66,87.0,85.4,0,No,2,1,"MongoDB, JavaScript, SQL, Python, Git",65.1,90.0,77.1,61.5,Placed,Deloitte,Web Developer,5.63
STU20263219,Male,2026,IT,6.36,68.2,76.4,3,No,2,1,"Java, Python, MongoDB",72.5,63.6,50.5,64.8,Placed,Infosys,Software Developer,3.48
STU20263220,Female,2026,IT,7.59,86.4,76.9,1,No,0,3,"MongoDB, React, Node.js, SQL",75.2,76.1,88.2,71.5,Placed,Wipro,Full Stack Developer,4.93
STU20263221,Male,2026,CSE,7.76,76.4,82.2,1,Yes,4,1,"DSA, Python, Java, C++, JavaScript, Node.js",94.1,89.6,65.3,67.5,Placed,Infosys,QA Engineer,7.3
STU20263222,Female,2026,Mechanical,6.0,90.5,66.7,1,Yes,0,0,"ANSYS, CATIA, SolidWorks, Excel",63.7,77.5,52.8,73.2,Not Placed,Not Placed,Not Placed,0.0
STU20263223,Male,2026,EEE,7.85,80.2,79.5,2,Yes,3,0,"Java, IoT, MATLAB, Embedded C, C, SQL",57.4,86.5,88.6,66.4,Placed,Siemens,Software Developer,5.14
STU20263224,Female,2024,EEE,8.08,69.6,85.1,1,No,2,1,"Embedded C, Java, SQL",83.4,87.3,74.0,72.9,Placed,L&T Technology Services,Graduate Engineer Trainee,3.18
STU20263225,Male,2026,CSE,9.58,80.6,85.8,0,No,2,3,"Python, C++, React, Git, DSA",67.6,88.5,75.7,53.2,Placed,Infosys,QA Engineer,9.6
STU20263226,Male,2025,Mechanical,6.42,83.4,81.0,2,Yes,3,2,"C, MATLAB, CATIA, Python, Excel, ANSYS",64.4,78.9,87.6,72.0,Placed,Tata Motors,Mechanical Engineer,5.82
STU20263227,Female,2026,EEE,8.27,79.2,,2,Yes,3,2,"C, Python, AutoCAD, Embedded C, Java",67.6,87.1,66.4,59.1,Placed,HCLTech,Graduate Engineer Trainee,6.88
STU20263228,Male,2026,CSE,8.82,79.6,90.7,0,Yes,2,2,"Git, MongoDB, React, Java",90.0,74.1,68.5,68.0,Placed,Infosys,QA Engineer,6.13
STU20263229,Female,2024,ECE,8.19,83.5,75.7,1,No,3,0,"Arduino, MATLAB, Embedded C",70.4,86.8,79.2,71.3,Placed,Tech Mahindra,Embedded Engineer,6.19
STU20263230,Male,2026,ECE,6.89,72.8,88.4,0,No,1,0,"Embedded C, C++, Java, IoT",83.9,70.3,38.2,58.0,Not Placed,Not Placed,Not Placed,0.0
STU20263231,Male,2025,IT,6.99,74.0,77.9,1,No,3,0,"MongoDB, JavaScript, DSA, Node.js, React, SQL",63.6,91.2,70.1,67.3,Placed,Accenture,Full Stack Developer,6.67
STU20263232,Male,2026,CSE,8.08,71.6,74.1,1,Yes,3,1,"Node.js, MongoDB, SQL, Python",58.7,96.6,73.4,68.5,Placed,Capgemini,Data Analyst,8.33
STU20263233,Female,2026,ECE,7.83,89.7,67.9,0,Yes,2,2,"Embedded C, Java, Git, Arduino",75.0,86.0,60.2,97.5,Placed,Bosch,Software Developer,5.69
STU20263234,Male,2026,CSE,7.52,68.2,69.6,1,No,3,0,"Node.js, React, Java, MongoDB",64.2,91.1,69.9,73.0,Placed,Deloitte,Web Developer,5.99
STU20263235,Female,2026,CSE,9.1,81.9,72.9,1,No,3,4,"Node.js, Python, React, DSA, JavaScript, C++",98.0,98.0,79.8,74.8,Placed,Cognizant,Data Analyst,7.69
STU20263236,Male,2024,CSE,7.66,80.5,75.1,3,Yes,1,1,"Java, DSA, React",67.6,79.6,70.1,62.3,Placed,Infosys,Backend Developer,7.34
STU20263237,Female,2024,Civil,5.89,72.6,62.0,1,No,1,0,"AutoCAD, MATLAB, GIS, STAAD Pro",80.8,54.8,74.2,38.7,Not Placed,Not Placed,Not Placed,0.0
STU20263238,Male,2026,IT,7.71,68.5,84.9,2,Yes,3,1,"AWS, Git, Java, Node.js",77.4,81.5,74.3,65.4,Placed,Accenture,Full Stack Developer,6.82
STU20263239,Male,2025,IT,8.31,71.8,78.2,1,No,3,0,"SQL, MongoDB, Node.js, React, Python",88.3,80.7,71.0,49.2,Placed,HCLTech,Support Engineer,7.36
STU20263240,Male,2024,IT,8.19,82.1,77.6,1,No,2,2,"MongoDB, React, Python",74.6,84.8,81.9,71.4,Placed,TCS,Software Developer,5.24
STU20263241,Male,2024,Mechanical,7.83,72.1,68.0,0,No,3,1,"C, ANSYS, MATLAB",98.0,81.4,74.8,72.0,Placed,Tata Motors,Mechanical Engineer,3.48
STU20263242,Female,2025,ECE,9.02,66.0,74.0,1,No,3,0,"SQL, Python, C++, C",73.8,98.0,98.0,71.2,Placed,L&T Technology Services,Software Developer,6.25
STU20263243,Female,2027,Civil,6.55,77.1,57.1,1,No,1,1,"MATLAB, Excel, C",33.6,86.4,79.5,67.8,Not Placed,Not Placed,Not Placed,0.0
STU20263244,Male,2024,IT,7.54,70.7,86.7,2,No,2,0,"DSA, MongoDB, SQL, Node.js, React, Python",80.8,73.8,63.3,58.0,Not Placed,Not Placed,Not Placed,0.0
STU20263245,Female,2025,CSE,9.31,85.7,70.2,0,Yes,4,4,"Java, SQL, MongoDB, DSA, React, C++",79.3,85.3,54.9,63.9,Placed,Deloitte,QA Engineer,7.6
STU20263246,Male,2027,ECE,6.08,71.8,62.0,2,No,1,1,"SQL, Java, IoT, C++",70.4,62.2,55.5,73.6,Not Placed,Not Placed,Not Placed,0.0
STU20263247,Male,2027,IT,7.85,75.9,86.1,1,Yes,2,0,"SQL, Node.js, DSA, Java",78.4,92.7,44.9,96.5,Placed,Wipro,Support Engineer,5.9
STU20263248,Male,2025,Mechanical,8.59,79.8,80.9,0,No,2,1,"C, Python, ANSYS, CATIA, SolidWorks",76.6,95.5,83.0,71.6,Placed,Maruti Suzuki,Production Engineer,5.52
STU20263249,Male,2027,Mechanical,8.58,71.5,79.0,0,No,2,2,"C, C++, MATLAB, Python, SolidWorks",78.0,76.5,70.5,73.1,Not Placed,Not Placed,Not Placed,0.0
STU20263250,Male,2024,IT,8.46,73.4,80.2,0,No,2,1,"Git, React, SQL, Node.js, JavaScript",87.2,70.6,63.8,91.5,Placed,Wipro,Full Stack Developer,4.76
STU20263251,Male,2027,Civil,8.08,76.4,83.5,0,No,2,1,"Revit, AutoCAD, MATLAB, Excel, C",76.1,77.5,80.1,68.5,Not Placed,Not Placed,Not Placed,0.0
STU20263252,Male,2024,ECE,6.87,67.2,74.2,1,Yes,3,0,"SQL, C, Embedded C, IoT, Python",75.0,94.8,62.7,61.4,Placed,TCS,Network Engineer,5.9
STU20263253,Female,2025,CSE,9.17,85.9,69.0,0,No,3,4,"DSA, Java, Node.js, SQL",82.4,98.0,81.8,73.2,Placed,Infosys,Web Developer,5.82
STU20263254,Female,2025,ECE,6.73,72.7,78.3,3,No,2,2,"Arduino, C++, Python",93.2,76.3,63.5,88.6,Placed,Bosch,QA Engineer,4.37
STU20263255,Female,2026,CSE,7.03,65.4,76.9,3,Yes,2,2,"DSA, C++, JavaScript, Java",90.9,78.9,69.1,83.5,Placed,TCS,QA Engineer,3.6
STU20263256,Male,2024,Mechanical,7.88,73.8,84.5,1,No,3,2,"SolidWorks, AutoCAD, MATLAB",64.2,67.1,88.3,71.3,Not Placed,Not Placed,Not Placed,0.0
STU20263257,Female,2025,CSE,7.58,77.7,66.7,1,No,4,0,"Python, React, Node.js, SQL, Java, JavaScript",82.9,79.0,82.2,45.8,Placed,Zoho,QA Engineer,6.62
STU20263258,Male,2026,IT,8.08,75.1,71.7,1,Yes,2,1,"Python, JavaScript, SQL",70.6,95.8,90.9,54.4,Placed,Zoho,Full Stack Developer,7.43
STU20263259,Female,2024,ECE,8.12,81.1,79.7,3,No,3,1,"C++, IoT, MATLAB, Git",68.2,81.2,77.0,73.0,Placed,L&T Technology Services,QA Engineer,4.05
STU20263260,Male,2027,CSE,9.51,85.8,,1,No,5,0,"SQL, Node.js, C++, Java, MongoDB",56.7,90.6,54.5,64.8,Placed,Wipro,Software Developer,8.27
STU20263261,Male,2025,CSE,8.37,95.7,61.1,0,Yes,2,3,"React, Node.js, JavaScript, Java, C++",77.9,92.1,64.6,71.8,Placed,Zoho,Software Developer,7.34
STU20263262,Male,2024,EEE,7.12,83.9,75.6,2,No,3,1,"Embedded C, Java, IoT, SQL, C++, MATLAB",75.1,68.9,47.5,80.7,Not Placed,Not Placed,Not Placed,0.0
STU20263263,Female,2025,CSE,8.58,68.0,84.4,0,Yes,2,1,"React, MongoDB, SQL, JavaScript",98.0,89.2,86.3,57.9,Placed,Infosys,Backend Developer,8.08
STU20263264,Female,2025,IT,7.19,73.5,73.5,0,No,2,1,"React, JavaScript, SQL, Git",88.5,70.7,69.0,61.5,Placed,Accenture,Software Developer,7.73
STU20263265,Male,2024,IT,8.68,77.8,82.3,0,Yes,3,2,"Python, SQL, JavaScript, Java, DSA, AWS",91.8,84.9,91.1,87.4,Placed,Capgemini,QA Engineer,6.24
STU20263266,Female,2026,CSE,8.05,82.2,79.6,1,Yes,1,1,"MongoDB, Git, DSA",86.6,78.0,85.7,58.0,Placed,Zoho,QA Engineer,5.54
STU20263267,Female,2026,CSE,8.34,72.3,77.6,0,Yes,4,3,"Git, DSA, Python, JavaScript, MongoDB",96.9,87.9,71.7,86.9,Placed,Deloitte,Backend Developer,8.36
STU20263268,Male,2025,EEE,6.14,69.6,72.5,3,No,1,0,"Embedded C, SQL, MATLAB, C++, Arduino",74.1,71.2,87.3,73.2,Not Placed,Not Placed,Not Placed,0.0
STU20263269,Female,2025,Civil,5.59,63.3,79.5,2,No,0,0,"AutoCAD, Primavera, Excel",79.6,65.2,74.8,67.5,Not Placed,Not Placed,Not Placed,0.0
STU20263270,Male,2027,CSE,6.72,70.6,66.4,4,No,2,0,"DSA, React, Node.js, MongoDB, Python",58.4,72.8,67.9,70.8,Placed,Cognizant,Web Developer,5.11
STU20263271,Male,2025,Civil,8.98,76.5,84.7,0,Yes,4,2,"Python, C, MATLAB, SQL, Primavera",84.1,94.1,81.6,77.4,Placed,Afcons Infrastructure,Design Engineer,5.57
STU20263272,Male,2026,ECE,6.77,72.7,65.0,4,No,0,1,"Embedded C, Java, MATLAB, SQL",61.3,64.8,85.5,76.9,Not Placed,Not Placed,Not Placed,0.0
STU20263273,Female,2027,ECE,8.37,70.6,72.0,3,Yes,0,4,"IoT, Arduino, Java, SQL, C++, MATLAB",70.2,66.3,79.3,48.6,Placed,Bosch,Embedded Engineer,4.94
STU20263274,Female,2025,EEE,7.1,82.6,82.5,0,No,2,1,"Python, C++, AutoCAD",73.7,78.4,59.7,84.2,Not Placed,Not Placed,Not Placed,0.0
STU20263275,Male,2026,EEE,7.45,79.9,66.6,2,No,1,0,"Arduino, Python, Java",94.3,69.9,54.5,71.9,Not Placed,Not Placed,Not Placed,0.0
STU20263276,Male,2027,Mechanical,7.51,66.6,73.6,1,No,3,2,"Excel, C++, SolidWorks",90.8,88.6,66.6,82.8,Placed,L&T,Production Engineer,5.15
STU20263277,Male,2026,ECE,9.15,81.1,96.2,0,No,3,5,"IoT, C++, Java, C, MATLAB",98.0,92.7,67.7,74.4,Placed,HCLTech,Embedded Engineer,5.71
STU20263278,Female,2027,ECE,8.25,67.7,84.5,0,Yes,3,4,"MATLAB, Python, Java, Arduino",82.8,72.8,75.7,98.0,Placed,Tech Mahindra,Software Developer,6.84
STU20263279,Female,2025,IT,8.23,88.0,72.1,1,No,2,1,"JavaScript, React, DSA, Git, MongoDB",79.7,83.0,66.2,60.4,Placed,Wipro,Full Stack Developer,7.22
STU20263280,Male,2026,CSE,9.1,92.0,75.6,0,No,1,2,"Git, DSA, Python",89.9,98.0,71.4,88.4,Placed,Deloitte,Software Developer,6.52
STU20263281,Male,2025,EEE,7.11,75.4,73.0,0,Yes,2,3,"Python, IoT, AutoCAD, C, SQL, MATLAB",80.7,85.7,84.2,62.7,Placed,HCLTech,Software Developer,3.8
STU20263282,Male,2024,CSE,8.91,74.3,88.2,0,Yes,2,2,"MongoDB, Python, React, DSA, Java",89.7,75.3,97.2,79.5,Placed,Wipro,QA Engineer,6.89
STU20263283,Male,2027,CSE,8.77,75.3,71.7,0,Yes,2,2,"MongoDB, C++, SQL",98.0,82.6,65.0,85.7,Placed,Wipro,Data Analyst,7.96
STU20263284,Male,2025,CSE,8.76,76.7,71.2,0,No,2,0,"JavaScript, Node.js, Java, MongoDB, Git, SQL",90.8,79.8,70.4,69.2,Placed,Accenture,Data Analyst,6.53
STU20263285,Male,2027,CSE,7.87,76.9,81.2,2,No,1,1,"Git, SQL, DSA",67.4,79.0,68.5,45.6,Not Placed,Not Placed,Not Placed,0.0
STU20263286,Male,2026,ECE,7.38,86.0,63.2,2,No,2,1,"Python, Java, C++, Git, Embedded C, SQL",68.5,74.0,73.6,70.6,Placed,Bosch,Software Developer,3.95
STU20263287,Male,2027,ECE,7.01,82.2,67.5,1,No,1,0,"MATLAB, C, Java, Arduino, SQL, C++",82.7,57.0,72.5,63.3,Not Placed,Not Placed,Not Placed,0.0
STU20263288,Female,2027,IT,7.21,82.8,73.9,1,No,2,1,"React, SQL, Java, Python",85.2,77.7,62.2,79.8,Placed,HCLTech,Software Developer,5.4
STU20263289,Male,2026,CSE,7.22,77.2,74.3,3,Yes,1,0,"MongoDB, SQL, React",85.3,89.9,75.5,62.3,Placed,Zoho,Web Developer,7.2
STU20263290,Male,2027,IT,8.21,70.4,67.6,0,No,2,2,"SQL, JavaScript, MongoDB",87.3,79.5,66.8,62.5,Placed,Cognizant,QA Engineer,6.55
STU20263291,Female,2027,IT,7.71,71.9,78.3,1,Yes,2,1,"Python, SQL, JavaScript, Java, DSA, AWS",66.1,69.1,66.0,64.9,Placed,Infosys,Full Stack Developer,6.05
STU20263292,Female,2026,EEE,8.02,78.5,80.5,1,No,2,1,"IoT, C++, MATLAB, C, Arduino, AutoCAD",98.0,97.3,60.3,65.3,Placed,HCLTech,Electrical Engineer,4.79
STU20263293,Male,2026,ECE,8.16,70.0,72.4,0,No,3,2,"MATLAB, SQL, C, Java",98.0,98.0,86.1,70.0,Placed,Bosch,Embedded Engineer,5.76
STU20263294,Male,2024,ECE,6.85,77.3,85.1,4,No,2,0,"SQL, Embedded C, C, MATLAB, C++, Git",69.6,71.2,79.2,75.9,Not Placed,Not Placed,Not Placed,0.0
STU20263295,Female,2024,ECE,6.82,80.7,75.8,1,No,1,0,"SQL, Arduino, Git, Python, MATLAB",76.0,76.0,71.8,74.9,Placed,L&T Technology Services,Network Engineer,4.75
STU20263296,Male,2025,Civil,7.31,80.1,67.7,0,No,2,3,"C, Python, GIS, Primavera, Revit, MATLAB",78.8,85.8,77.9,53.7,Not Placed,Not Placed,Not Placed,0.0
STU20263297,Male,2025,EEE,6.99,79.0,85.2,1,Yes,2,2,"C, Embedded C, Java",70.5,88.8,82.4,62.6,Placed,TCS,Graduate Engineer Trainee,4.84
STU20263298,Male,2025,ECE,7.0,62.4,70.2,2,No,3,1,"Arduino, C, Java, C++, MATLAB",63.6,68.3,77.8,62.0,Not Placed,Not Placed,Not Placed,0.0
STU20263299,Male,2026,IT,9.34,90.7,81.5,0,No,3,3,"React, SQL, JavaScript",96.1,94.9,86.8,64.8,Placed,HCLTech,Data Analyst,6.21
STU20263300,Male,2026,CSE,6.7,63.8,69.7,5,No,2,0,"Python, DSA, SQL, Git, MongoDB",55.6,63.6,61.2,58.6,Not Placed,Not Placed,Not Placed,0.0
STU20263301,Female,2026,Civil,9.22,80.0,84.3,0,No,2,0,"Revit, AutoCAD, STAAD Pro, Primavera, Python",79.0,90.6,57.3,60.0,Not Placed,Not Placed,Not Placed,0.0
STU20263302,Male,2027,IT,8.15,82.7,73.6,0,Yes,2,1,"MongoDB, SQL, DSA, Python, AWS, Java",98.0,98.0,62.3,88.6,Placed,Zoho,Data Analyst,6.88
STU20263303,Male,2027,CSE,8.84,82.6,75.9,0,Yes,3,0,"Git, Java, DSA, JavaScript",91.7,90.0,98.0,76.7,Placed,Accenture,QA Engineer,8.3
STU20263304,Male,2027,Civil,8.24,69.7,76.1,0,No,2,4,"Revit, GIS, Excel",85.8,81.7,69.9,55.7,Placed,Tata Projects,Site Engineer,4.27
STU20263305,Female,2026,EEE,8.17,70.7,73.5,0,No,2,2,"Arduino, C++, IoT, MATLAB",77.3,95.8,93.5,73.8,Placed,TCS,Graduate Engineer Trainee,4.07
STU20263306,Male,2024,CSE,9.41,83.5,87.9,1,Yes,2,3,"DSA, Git, JavaScript, SQL, Python",68.3,87.9,84.7,68.1,Placed,Accenture,QA Engineer,6.71
STU20263307,Female,2027,CSE,7.08,79.3,65.3,0,Yes,2,1,"SQL, React, Java, Python, DSA, Git",80.4,83.1,67.9,95.2,Placed,Deloitte,Data Analyst,5.25
STU20263308,Male,2024,CSE,7.87,69.9,76.0,0,Yes,2,1,"JavaScript, React, C++, Git, Python",85.3,74.6,59.8,65.4,Placed,Zoho,Data Analyst,7.69
STU20263309,Male,2024,ECE,7.03,78.3,74.6,3,No,3,0,"IoT, Python, Git, Java",87.2,64.4,59.0,63.1,Placed,L&T Technology Services,Software Developer,5.28
STU20263310,Female,2025,CSE,6.56,63.8,71.8,0,Yes,0,3,"Node.js, C++, DSA, Git, Python, Java",63.1,69.2,64.5,69.4,Not Placed,Not Placed,Not Placed,0.0
STU20263311,Female,2026,Civil,6.94,79.7,80.5,0,Yes,1,0,"STAAD Pro, MATLAB, GIS, SQL",67.3,47.2,66.0,59.7,Not Placed,Not Placed,Not Placed,0.0
STU20263312,Male,2026,Civil,9.09,74.5,69.0,0,Yes,2,0,"MATLAB, STAAD Pro, C, GIS, AutoCAD",92.3,75.6,83.5,78.6,Placed,JLL,Design Engineer,6.52
STU20263313,Male,2024,ECE,7.6,77.6,79.5,2,Yes,3,1,"Embedded C, Python, Git, SQL",65.4,98.0,61.6,73.6,Placed,TCS,QA Engineer,6.24
STU20263314,Male,2027,ECE,9.44,81.0,71.8,0,Yes,5,3,"Embedded C, Python, Arduino, SQL, MATLAB",98.0,70.5,69.4,77.1,Placed,Tech Mahindra,Network Engineer,6.75
STU20263315,Male,2024,IT,9.67,90.3,77.5,0,No,3,1,"SQL, MongoDB, AWS, React",88.9,77.1,90.0,69.3,Placed,Accenture,Software Developer,8.8
STU20263316,Male,2025,CSE,9.8,84.2,72.0,0,Yes,4,4,"DSA, SQL, Java, JavaScript, MongoDB",97.5,98.0,98.0,75.2,Placed,Wipro,Data Analyst,8.98
STU20263317,Female,2025,EEE,9.27,77.0,77.7,0,Yes,3,2,"C, Embedded C, C++",98.0,83.3,78.2,92.5,Placed,Siemens,Embedded Engineer,5.8
STU20263318,Female,2025,CSE,9.8,85.0,77.4,0,No,4,2,"React, Python, DSA, SQL, JavaScript",90.7,93.0,85.0,75.6,Placed,Zoho,Web Developer,7.45
STU20263319,Male,2027,CSE,8.28,93.7,88.8,1,Yes,2,1,"Git, JavaScript, Python, React, Java, Node.js",83.1,84.2,71.2,51.5,Placed,Accenture,Web Developer,7.33
STU20263320,Male,2024,IT,8.09,83.4,78.5,1,No,2,1,"MongoDB, Java, Python, Node.js, DSA",80.8,67.0,71.5,72.7,Not Placed,Not Placed,Not Placed,0.0
STU20263321,Male,2024,CSE,8.25,78.2,80.4,0,Yes,3,1,"React, Java, Git, Python",60.0,96.2,70.2,87.0,Placed,Cognizant,Data Analyst,6.85
STU20263322,Male,2024,IT,7.9,71.9,68.6,0,Yes,2,3,"Git, SQL, React",86.8,85.3,67.1,45.2,Placed,Infosys,Data Analyst,6.73
STU20263323,Male,2027,EEE,7.78,73.1,81.2,0,Yes,3,3,"C++, MATLAB, C, Python",53.3,81.1,78.3,59.0,Placed,TCS,Software Developer,6.89
STU20263324,Female,2027,Mechanical,8.19,83.2,88.6,0,No,2,3,"Python, SQL, AutoCAD",90.0,97.4,80.8,76.2,Placed,Maruti Suzuki,Mechanical Engineer,6.21
STU20263325,Female,2026,ECE,7.35,70.2,80.9,0,No,2,1,"MATLAB, Python, C++, SQL, C",68.5,66.4,66.2,80.7,Placed,L&T Technology Services,Embedded Engineer,6.38
STU20263326,Male,2026,Mechanical,6.38,74.0,63.0,6,No,3,1,"CATIA, SolidWorks, SQL, Python",65.5,76.8,58.1,71.1,Not Placed,Not Placed,Not Placed,0.0
STU20263327,Female,2027,IT,8.21,88.6,73.9,1,No,3,0,"Java, AWS, JavaScript",83.1,73.4,66.6,74.2,Placed,HCLTech,Data Analyst,7.04
STU20263328,Male,2025,Mechanical,6.96,76.5,74.6,2,Yes,2,2,"C, Excel, Python",58.9,67.2,76.3,89.4,Placed,Mahindra,Graduate Engineer Trainee,4.88
STU20263329,Female,2024,ECE,7.25,68.6,70.5,0,No,1,3,"C++, Embedded C, Git",72.4,98.0,58.6,62.8,Not Placed,Not Placed,Not Placed,0.0
STU20263330,Male,2026,CSE,7.88,92.9,94.0,1,Yes,3,2,"C++, Python, React",68.7,87.2,58.3,61.7,Placed,Infosys,Web Developer,7.35
STU20263331,Male,2025,Civil,7.18,88.3,71.0,1,No,3,2,"SQL, GIS, C, Primavera, Excel, MATLAB",62.9,91.9,72.4,66.0,Not Placed,Not Placed,Not Placed,0.0
STU20263332,Male,2025,CSE,8.94,83.9,78.8,0,Yes,3,3,"C++, Git, Python",84.6,88.0,74.9,75.1,Placed,Infosys,Backend Developer,8.07
STU20263333,Male,2025,CSE,7.86,86.6,72.0,1,No,1,2,"C++, Node.js, JavaScript, DSA, Python",91.5,72.5,69.6,72.8,Not Placed,Not Placed,Not Placed,0.0
STU20263334,Male,2025,CSE,8.99,78.6,80.9,0,Yes,2,0,"MongoDB, JavaScript, Python",93.6,54.8,86.8,82.3,Placed,Wipro,Software Developer,8.65
STU20263335,Male,2026,IT,8.08,83.3,86.5,0,No,2,3,"AWS, Python, Java",73.9,84.2,71.6,89.0,Placed,Capgemini,Support Engineer,6.83
STU20263336,Female,2025,IT,7.82,74.6,76.9,1,Yes,3,2,"DSA, MongoDB, AWS, Git, React, JavaScript",79.6,69.0,62.8,75.2,Placed,TCS,Software Developer,7.02
STU20263337,Female,2024,ECE,7.88,68.2,74.7,0,No,3,2,"SQL, Arduino, Python",75.4,86.8,73.7,54.0,Not Placed,Not Placed,Not Placed,0.0
STU20263338,Male,2027,Mechanical,6.45,92.3,64.9,0,No,0,1,"C, SQL, CATIA, Excel, C++",52.9,59.3,57.3,59.7,Not Placed,Not Placed,Not Placed,0.0
STU20263339,Male,2026,IT,8.19,68.6,85.6,1,Yes,4,2,"Git, Java, MongoDB, React, Node.js",73.4,93.6,84.3,74.7,Placed,TCS,Software Developer,7.81
STU20263340,Female,2024,ECE,8.47,81.3,76.9,1,No,4,5,"C, MATLAB, Arduino",90.5,98.0,74.2,86.4,Placed,TCS,Software Developer,6.17
STU20263341,Male,2024,IT,8.74,81.9,77.3,0,Yes,1,5,"React, Node.js, Git, Java, SQL",72.4,98.0,61.6,80.9,Placed,Infosys,Full Stack Developer,5.9
STU20263342,Male,2024,Mechanical,6.4,77.6,55.9,1,No,1,0,"AutoCAD, SolidWorks, CATIA, Excel, C, ANSYS",68.8,74.7,67.6,58.3,Not Placed,Not Placed,Not Placed,0.0
STU20263343,Male,2024,CSE,6.71,74.1,72.2,6,Yes,3,0,"C++, SQL, JavaScript, Python",63.8,75.9,56.5,65.2,Placed,Tech Mahindra,Data Analyst,7.04
STU20263344,Male,2024,CSE,7.54,76.3,72.6,3,No,1,0,"DSA, C++, JavaScript",84.7,70.2,83.5,65.5,Placed,Zoho,Backend Developer,6.32
STU20263345,Female,2024,ECE,8.93,81.3,66.3,1,Yes,3,2,"SQL, Git, IoT",94.8,83.3,74.4,73.9,Placed,TCS,QA Engineer,8.25
STU20263346,Male,2027,EEE,7.84,81.0,83.1,2,Yes,3,2,"C++, Embedded C, MATLAB",98.0,76.5,79.5,69.7,Not Placed,Not Placed,Not Placed,0.0
STU20263347,Male,2027,Mechanical,6.89,75.2,69.9,1,Yes,2,3,"CATIA, SolidWorks, SQL, C++, ANSYS",90.8,96.3,59.5,62.5,Placed,Maruti Suzuki,Design Engineer,5.22
STU20263348,Male,2027,ECE,6.52,73.8,85.9,4,No,1,1,"C, Arduino, IoT, SQL, Git, C++",59.0,70.2,63.6,60.0,Not Placed,Not Placed,Not Placed,0.0
STU20263349,Male,2026,EEE,7.07,66.4,84.0,4,No,2,1,"C, Python, AutoCAD, Embedded C, MATLAB, SQL",65.0,98.0,73.7,68.1,Not Placed,Not Placed,Not Placed,0.0
STU20263350,Male,2026,IT,7.26,90.2,69.6,2,Yes,1,3,"Git, SQL, React, DSA, MongoDB, Python",78.0,72.5,67.0,75.5,Placed,Deloitte,Software Developer,4.94
STU20263351,Female,2026,CSE,8.8,83.7,88.3,0,Yes,2,0,"SQL, Node.js, MongoDB, Java, JavaScript",73.4,83.6,63.6,61.3,Placed,Deloitte,Backend Developer,6.78
STU20263352,Female,2027,CSE,8.86,81.6,90.2,1,No,3,4,"Python, Node.js, Git, JavaScript",89.6,82.1,84.8,72.9,Placed,Zoho,Software Developer,8.28
STU20263353,Female,2026,CSE,7.11,71.4,70.3,2,Yes,3,1,"Python, Java, SQL, C++, Git, React",73.9,85.4,72.1,94.8,Placed,Infosys,Data Analyst,5.64
STU20263354,Male,2026,IT,8.54,72.3,70.8,0,Yes,3,1,"Java, React, AWS",96.2,85.2,60.2,75.5,Placed,Capgemini,Software Developer,8.03
STU20263355,Male,2027,ECE,8.3,84.8,62.3,0,Yes,4,3,"SQL, MATLAB, C++",97.8,91.2,68.5,76.3,Placed,Tech Mahindra,Software Developer,6.18
STU20263356,Female,2026,IT,6.9,74.1,,1,No,2,1,"JavaScript, Git, Java, Node.js, DSA",70.8,74.4,56.9,52.5,Not Placed,Not Placed,Not Placed,0.0
STU20263357,Male,2024,ECE,7.68,81.5,68.9,1,No,4,2,"C++, SQL, Arduino",61.4,92.0,64.4,77.8,Placed,Infosys,QA Engineer,6.04
STU20263358,Male,2024,ECE,8.04,,79.6,3,Yes,3,1,"IoT, C, C++",94.8,91.4,66.3,66.0,Placed,Bosch,Software Developer,6.23
STU20263359,Female,2025,EEE,7.79,88.3,72.1,1,No,2,2,"IoT, C++, Java, AutoCAD, Python, C",71.6,92.3,68.1,81.8,Placed,TCS,Software Developer,5.58
STU20263360,Male,2024,EEE,6.2,79.8,66.3,1,No,2,1,"Java, AutoCAD, Arduino, Python",70.7,64.6,46.4,90.6,Not Placed,Not Placed,Not Placed,0.0
STU20263361,Male,2024,IT,8.01,77.5,72.7,1,Yes,2,0,"AWS, MongoDB, SQL, JavaScript",78.4,84.3,66.6,64.9,Placed,Wipro,Software Developer,7.28
STU20263362,Female,2024,IT,8.44,82.4,68.7,1,No,2,2,"JavaScript, Java, MongoDB, Node.js, SQL",86.8,82.2,86.3,61.2,Placed,HCLTech,QA Engineer,7.31
STU20263363,Male,2025,ECE,9.09,85.9,75.6,0,Yes,3,0,"IoT, Embedded C, MATLAB",80.5,98.0,98.0,79.4,Placed,HCLTech,Network Engineer,5.95
STU20263364,Male,2027,ECE,7.18,66.6,69.2,0,No,1,0,"SQL, Python, C++, Git, IoT, MATLAB",60.0,77.9,53.9,53.8,Not Placed,Not Placed,Not Placed,0.0
STU20263365,Male,2025,IT,7.44,88.3,75.0,2,No,4,4,"Git, JavaScript, Node.js, AWS, Python, DSA",84.0,92.2,83.8,70.2,Placed,TCS,Data Analyst,6.08
STU20263366,Female,2025,IT,7.72,80.7,76.6,1,Yes,4,2,"MongoDB, Git, Java",93.5,83.8,98.0,69.5,Placed,Accenture,Full Stack Developer,6.93
STU20263367,Male,2025,EEE,7.9,72.8,68.8,3,Yes,2,3,"Java, Embedded C, C++, AutoCAD, SQL",78.0,78.4,69.0,72.0,Not Placed,Not Placed,Not Placed,0.0
STU20263368,Female,2025,ECE,7.83,69.9,83.8,3,Yes,2,2,"Embedded C, SQL, Git, Arduino, IoT, Java",77.6,84.9,78.0,48.8,Placed,Bosch,Embedded Engineer,4.08
STU20263369,Male,2026,CSE,8.51,86.2,76.9,2,No,1,1,"Git, Java, Node.js",65.8,96.3,87.2,75.1,Placed,Deloitte,Web Developer,6.53
STU20263370,Male,2026,IT,6.94,76.8,84.3,1,No,1,5,"MongoDB, AWS, JavaScript, SQL, Python, React",78.4,76.5,62.1,98.0,Placed,Capgemini,Data Analyst,3.65
STU20263371,Male,2024,Mechanical,7.89,81.1,78.0,0,No,1,1,"Excel, MATLAB, C++, CATIA, AutoCAD, SQL",84.0,94.1,83.9,64.0,Not Placed,Not Placed,Not Placed,0.0
STU20263372,Male,2026,CSE,7.37,76.6,75.4,1,Yes,2,2,"JavaScript, C++, Java, Python, Node.js, SQL",75.6,87.5,67.0,55.7,Placed,Deloitte,Data Analyst,5.92
STU20263373,Male,2024,Mechanical,7.43,69.6,71.6,0,Yes,2,0,"AutoCAD, CATIA, SQL",65.5,57.8,82.2,82.6,Not Placed,Not Placed,Not Placed,0.0
STU20263374,Male,2026,CSE,9.45,85.2,84.8,0,Yes,4,3,"SQL, Node.js, C++, Java, JavaScript",93.2,88.1,97.5,62.6,Placed,Deloitte,Backend Developer,9.28
STU20263375,Male,2027,ECE,6.56,73.0,72.9,1,Yes,3,1,,77.3,98.0,82.6,73.4,Placed,L&T Technology Services,Embedded Engineer,5.83
STU20263376,Male,2027,IT,7.66,77.0,81.7,0,No,1,0,"DSA, Java, React, AWS, SQL",75.3,76.6,66.6,60.5,Placed,Infosys,Software Developer,5.06
STU20263377,Female,2024,CSE,6.92,91.9,84.9,0,No,3,0,"Java, Node.js, DSA",64.1,68.1,75.5,51.9,Placed,Accenture,QA Engineer,5.47
STU20263378,Female,2026,Civil,7.63,83.2,70.5,0,No,2,1,"Revit, MATLAB, Python",81.2,72.4,64.4,72.7,Placed,Shapoorji Pallonji,Site Engineer,3.99
STU20263379,Male,2027,IT,8.79,86.5,83.0,1,Yes,4,1,"JavaScript, Node.js, Git, React, MongoDB",90.9,88.6,60.3,64.7,Placed,Deloitte,Data Analyst,7.81
STU20263380,Male,2027,Civil,7.64,96.1,79.7,1,Yes,2,1,"Primavera, SQL, STAAD Pro",83.2,90.4,67.7,53.8,Placed,Tata Projects,Graduate Engineer Trainee,5.77
STU20263381,Male,2025,IT,7.8,80.2,79.3,3,No,3,1,"Git, Node.js, React, MongoDB",79.9,80.1,81.8,72.5,Not Placed,Not Placed,Not Placed,0.0
STU20263382,Male,2025,Mechanical,8.68,80.5,75.4,1,Yes,4,2,"MATLAB, AutoCAD, SQL, C++",98.0,83.6,71.2,98.0,Placed,L&T,Design Engineer,6.76
STU20263383,Male,2025,Civil,7.78,72.7,73.1,1,No,3,1,"STAAD Pro, MATLAB, Excel, AutoCAD, Revit, Primavera",81.4,60.7,90.0,81.2,Not Placed,Not Placed,Not Placed,0.0
STU20263384,Male,2024,ECE,8.45,76.0,73.7,1,No,3,1,"Git, IoT, Embedded C, Arduino",98.0,77.7,74.8,68.5,Placed,Bosch,Network Engineer,4.82
STU20263385,Male,2026,CSE,8.61,65.2,74.0,0,Yes,4,5,"Python, React, MongoDB",90.7,90.1,60.5,98.0,Placed,Capgemini,Software Developer,10.3
STU20263386,Male,2025,EEE,5.21,76.6,63.2,2,No,0,1,"Embedded C, C, MATLAB, AutoCAD",47.2,69.3,57.3,47.9,Not Placed,Not Placed,Not Placed,0.0
STU20263387,Female,2025,ECE,7.68,68.3,75.0,1,Yes,4,0,"Embedded C, C, MATLAB, C++, Arduino, Python",93.4,86.5,62.4,79.9,Placed,L&T Technology Services,QA Engineer,7.14
STU20263388,Male,2027,Civil,6.58,80.8,67.5,2,No,0,0,"SQL, Primavera, GIS, STAAD Pro, C, Revit",63.5,85.3,83.4,91.0,Not Placed,Not Placed,Not Placed,0.0
STU20263389,Male,2026,IT,7.2,75.7,77.5,1,No,1,2,"React, Node.js, MongoDB, Git, AWS, SQL",68.2,67.6,75.4,56.8,Placed,Infosys,Software Developer,5.69
STU20263390,Male,2027,CSE,9.25,82.0,80.4,0,No,3,3,"Git, JavaScript, React, SQL",98.0,96.1,76.2,72.6,Placed,Infosys,QA Engineer,8.25
STU20263391,Male,2027,CSE,7.68,76.9,76.9,0,No,1,1,"Java, DSA, JavaScript",60.9,81.5,80.4,61.4,Not Placed,Not Placed,Not Placed,0.0
STU20263392,Male,2027,EEE,9.26,90.9,78.1,0,Yes,3,2,"Java, IoT, Embedded C, MATLAB",67.8,82.8,67.0,68.9,Placed,HCLTech,Electrical Engineer,6.99
STU20263393,Male,2027,Civil,6.3,82.2,72.5,3,No,0,1,"AutoCAD, Primavera, Revit, STAAD Pro, Excel",63.9,80.6,50.4,73.9,Not Placed,Not Placed,Not Placed,0.0
STU20263394,Female,2024,CSE,7.08,75.5,72.4,2,Yes,3,2,"C++, Java, Python, Node.js, MongoDB, DSA",81.5,98.0,52.0,51.8,Placed,TCS,Web Developer,6.62
STU20263395,Male,2024,EEE,8.3,72.5,82.9,1,No,2,0,"SQL, IoT, MATLAB",91.9,82.7,49.4,56.9,Placed,L&T Technology Services,Software Developer,5.41
STU20263396,Male,2027,Civil,7.21,82.5,71.4,1,No,3,0,"Primavera, SQL, Python, AutoCAD, GIS, MATLAB",80.3,73.8,55.0,69.5,Not Placed,Not Placed,Not Placed,0.0
STU20263397,Male,2024,CSE,8.26,71.8,79.9,0,No,4,0,"SQL, MongoDB, React, Python",59.3,98.0,80.4,47.9,Placed,Zoho,Data Analyst,8.46
STU20263398,Female,2025,CSE,7.9,66.9,67.2,0,No,2,1,"Java, C++, Node.js, JavaScript, DSA",67.8,86.9,81.1,64.6,Placed,Accenture,QA Engineer,6.75
STU20263399,Female,2026,EEE,7.53,80.3,80.3,0,Yes,2,2,"MATLAB, SQL, Python, C++, Arduino, AutoCAD",62.5,70.5,58.8,54.7,Placed,TCS,Graduate Engineer Trainee,5.86
STU20263400,Female,2024,ECE,7.49,85.3,71.3,0,Yes,3,1,"Python, C, Arduino, Embedded C, Java",57.3,80.0,43.8,55.4,Placed,Infosys,QA Engineer,5.71
STU20263401,Male,2025,CSE,8.15,75.5,70.6,1,No,2,2,"Node.js, React, JavaScript, C++",78.7,82.1,67.3,80.1,Placed,Accenture,Software Developer,5.18
STU20263402,Male,2025,Mechanical,8.1,81.1,68.9,2,Yes,3,0,"Python, MATLAB, CATIA, SolidWorks, C",89.1,74.5,78.9,74.2,Not Placed,Not Placed,Not Placed,0.0
STU20263403,Male,2025,ECE,9.12,77.9,71.1,2,Yes,6,1,"MATLAB, SQL, C++",98.0,86.6,87.3,70.4,Placed,Tech Mahindra,Software Developer,8.43
STU20263404,Female,2026,Civil,7.33,81.4,71.4,1,No,2,0,"AutoCAD, Revit, MATLAB, Excel, Primavera, GIS",82.6,71.0,72.5,63.7,Placed,Adani,Site Engineer,4.93
STU20263405,Female,2024,Mechanical,7.22,83.7,85.0,1,No,2,0,"Excel, C, Python",69.4,85.2,55.8,72.8,Not Placed,Not Placed,Not Placed,0.0
STU20263406,Female,2026,Mechanical,7.11,73.9,69.7,3,No,2,0,"Excel, C++, AutoCAD",88.5,73.6,77.9,63.3,Not Placed,Not Placed,Not Placed,0.0
STU20263407,Male,2024,ECE,9.0,73.3,63.8,0,Yes,3,2,"IoT, Git, C++",85.0,92.4,81.1,64.0,Placed,HCLTech,Software Developer,5.3
STU20263408,Female,2026,CSE,8.59,69.3,80.8,0,Yes,4,0,"Java, DSA, Git, React, JavaScript",88.7,96.6,84.0,85.6,Placed,Cognizant,Web Developer,6.8
STU20263409,Female,2024,ECE,6.14,79.8,63.8,1,Yes,1,3,"Java, Embedded C, Python, Git, IoT, C",60.3,73.2,53.0,65.6,Placed,TCS,Embedded Engineer,2.5
STU20263410,Female,2024,CSE,6.35,65.9,77.8,1,No,1,1,"DSA, SQL, C++, Java, React",66.3,61.2,72.1,85.1,Placed,Wipro,QA Engineer,4.28
STU20263411,Female,2027,ECE,7.04,78.2,71.1,2,No,1,1,"Arduino, Java, Git, SQL, C",67.6,86.1,79.4,62.3,Not Placed,Not Placed,Not Placed,0.0
STU20263412,Male,2025,CSE,8.2,83.9,75.2,3,Yes,4,0,"Python, MongoDB, SQL, JavaScript, Node.js, DSA",69.4,81.2,55.2,82.0,Placed,Zoho,QA Engineer,7.72
STU20263413,Male,2026,ECE,7.72,73.8,84.2,0,No,3,1,"IoT, SQL, C++, Python, Git",88.7,98.0,62.9,72.1,Placed,TCS,Software Developer,6.2
STU20263414,Male,2025,CSE,8.44,77.9,82.1,1,No,2,0,"Node.js, Java, Python, Git, C++, DSA",84.2,93.3,54.0,75.7,Placed,Deloitte,Backend Developer,6.67
STU20263415,Male,2025,IT,7.75,84.4,67.2,1,Yes,1,1,"JavaScript, DSA, Python, Java, Git, MongoDB",85.8,85.5,60.4,76.5,Placed,Wipro,QA Engineer,4.87
STU20263416,Female,2025,CSE,9.19,75.3,72.1,0,No,3,2,"JavaScript, MongoDB, Java, React, SQL",80.0,94.7,75.4,77.6,Placed,Tech Mahindra,Software Developer,6.92
STU20263417,Female,2027,ECE,8.41,72.7,65.2,0,Yes,3,0,"C, Python, SQL, IoT, Arduino",93.0,95.8,54.8,90.5,Placed,HCLTech,QA Engineer,8.3
STU20263418,Female,2025,Mechanical,7.62,75.4,93.8,1,No,4,0,"SolidWorks, C++, Excel, Python, MATLAB, C",64.3,84.6,84.9,58.4,Not Placed,Not Placed,Not Placed,0.0
STU20263419,Male,2025,CSE,8.97,89.4,73.2,0,Yes,5,4,"Python, Node.js, Java, DSA, Git, MongoDB",98.0,76.6,90.5,90.9,Placed,Wipro,Backend Developer,7.51
STU20263420,Male,2026,Mechanical,6.15,84.7,79.8,2,Yes,2,2,"MATLAB, ANSYS, AutoCAD, Excel, SQL",78.9,74.7,62.9,69.4,Not Placed,Not Placed,Not Placed,0.0
STU20263421,Male,2025,Mechanical,7.48,76.0,71.5,4,No,1,1,"C, ANSYS, SQL, C++, Excel",62.4,84.6,61.4,47.3,Not Placed,Not Placed,Not Placed,0.0
STU20263422,Female,2027,IT,8.02,73.1,69.1,0,No,2,2,"MongoDB, SQL, Java, JavaScript",93.5,75.1,71.5,77.2,Placed,Wipro,QA Engineer,5.1
STU20263423,Male,2027,ECE,8.26,86.1,77.5,2,Yes,3,1,"Java, Arduino, MATLAB, IoT",98.0,98.0,92.0,83.0,Placed,Wipro,Embedded Engineer,5.5
STU20263424,Female,2026,IT,6.44,62.4,70.1,1,No,2,0,"MongoDB, React, Node.js, SQL",65.3,71.7,73.9,75.0,Not Placed,Not Placed,Not Placed,0.0
STU20263425,Male,2025,CSE,7.78,79.2,81.6,2,Yes,2,2,"React, Python, Git",96.3,89.5,47.7,68.9,Placed,Deloitte,Data Analyst,6.97
STU20263426,Male,2025,ECE,8.09,77.9,82.5,0,Yes,2,0,"C, IoT, Arduino, Git, Java, C++",60.0,93.2,43.1,61.7,Not Placed,Not Placed,Not Placed,0.0
STU20263427,Female,2027,CSE,8.41,88.1,73.6,1,Yes,5,0,"Git, SQL, Node.js, MongoDB",87.9,93.6,61.9,66.6,Placed,TCS,QA Engineer,8.15
STU20263428,Male,2026,Mechanical,8.56,89.2,68.0,0,No,3,3,"ANSYS, MATLAB, SolidWorks",53.9,90.2,73.7,71.0,Placed,Tata Motors,Mechanical Engineer,6.22
STU20263429,Female,2024,Civil,8.15,71.8,68.6,1,No,3,1,"SQL, C, AutoCAD",94.4,89.3,50.5,65.7,Placed,Afcons Infrastructure,Design Engineer,5.98
STU20263430,Male,2027,Mechanical,7.5,77.9,59.3,0,No,1,1,"Python, Excel, ANSYS, CATIA",56.6,77.1,67.3,56.5,Not Placed,Not Placed,Not Placed,0.0
STU20263431,Male,2027,ECE,8.32,74.8,75.5,0,No,4,2,"Embedded C, IoT, Arduino, SQL",63.2,88.7,51.5,65.9,Placed,Tech Mahindra,QA Engineer,5.92
STU20263432,Male,2025,ECE,7.58,74.9,75.4,0,No,3,0,"IoT, Python, C++, Arduino",83.5,68.9,70.4,59.0,Placed,Bosch,Software Developer,5.74
STU20263433,Female,2025,Civil,7.62,81.4,67.6,0,No,2,2,"AutoCAD, SQL, GIS, C, Python, STAAD Pro",90.5,80.5,73.3,60.9,Not Placed,Not Placed,Not Placed,0.0
STU20263434,Male,2026,CSE,8.68,77.4,69.6,0,Yes,3,1,"C++, SQL, MongoDB, Node.js",81.0,75.9,96.9,81.7,Placed,Infosys,Data Analyst,6.79
STU20263435,Female,2027,CSE,7.96,79.3,76.4,0,Yes,3,1,"React, Git, DSA, JavaScript, Java, Node.js",83.9,84.3,70.1,58.7,Placed,Wipro,Web Developer,5.27
STU20263436,Female,2026,ECE,8.06,84.9,72.3,2,No,2,1,"C++, Java, IoT, Embedded C",98.0,79.2,67.6,72.9,Not Placed,Not Placed,Not Placed,0.0
STU20263437,Male,2025,IT,8.72,90.4,77.1,1,No,3,2,"MongoDB, AWS, JavaScript, DSA, Node.js",74.7,95.1,92.2,62.5,Placed,TCS,Full Stack Developer,7.88
STU20263438,Female,2025,IT,8.51,81.3,75.4,1,Yes,3,2,"Git, Python, MongoDB, DSA, Node.js, AWS",73.3,74.1,82.5,76.2,Placed,Wipro,Data Analyst,6.69
STU20263439,Female,2025,CSE,9.05,81.4,81.2,0,Yes,3,5,"SQL, Node.js, Python, C++",98.0,88.5,76.8,61.9,Placed,Accenture,Backend Developer,8.15
STU20263440,Male,2024,ECE,9.73,74.6,77.3,0,No,2,2,"Embedded C, MATLAB, C++, Git",91.3,84.4,75.0,66.3,Placed,Wipro,QA Engineer,6.65
STU20263441,Female,2027,CSE,8.6,90.6,74.8,0,Yes,3,2,"MongoDB, JavaScript, React",98.0,89.4,96.5,62.7,Placed,TCS,Data Analyst,8.05
STU20263442,Male,2024,CSE,7.61,80.5,62.4,0,No,3,1,"Node.js, MongoDB, Python, React, DSA",65.0,80.1,60.9,72.5,Placed,Infosys,Backend Developer,7.76
STU20263443,Male,2025,CSE,8.44,80.1,77.4,0,Yes,4,1,"MongoDB, DSA, Python",65.7,98.0,54.6,51.1,Placed,TCS,Backend Developer,6.35
STU20263444,Male,2027,IT,8.3,79.3,78.0,1,Yes,4,3,"JavaScript, MongoDB, Python, React, Git",69.3,91.9,70.7,71.8,Placed,Capgemini,Software Developer,8.55
STU20263445,Female,2025,Mechanical,8.07,80.7,75.5,0,Yes,4,1,"C++, CATIA, SQL, Python",93.8,86.4,68.2,57.1,Placed,Tata Motors,Design Engineer,7.52
STU20263446,Male,2025,IT,9.17,86.3,93.1,0,No,4,0,"Java, SQL, MongoDB, Git, JavaScript, React",98.0,79.3,92.4,61.1,Placed,TCS,Software Developer,8.04
STU20263447,Male,2027,EEE,6.22,79.8,72.9,1,Yes,2,0,"IoT, C, Python, C++",83.9,69.2,66.9,68.9,Placed,Schneider Electric,Software Developer,5.85
STU20263448,Female,2024,EEE,8.94,91.6,78.0,0,Yes,4,2,"MATLAB, C, Arduino",96.4,79.4,87.7,81.5,Placed,HCLTech,Software Developer,7.44
STU20263449,Male,2027,IT,9.47,83.4,84.1,0,Yes,3,1,"Java, Node.js, DSA, React, Git, Python",98.0,96.8,44.6,52.6,Placed,Infosys,Software Developer,6.93
STU20263450,Female,2024,Mechanical,8.03,90.4,91.5,1,No,3,1,"C++, Excel, SolidWorks, ANSYS, AutoCAD",75.4,93.0,67.8,46.4,Not Placed,Not Placed,Not Placed,0.0
STU20263451,Female,2025,EEE,8.15,85.8,78.8,0,No,4,0,"Embedded C, Java, AutoCAD, Arduino",61.9,69.7,91.8,82.3,Placed,Wipro,Graduate Engineer Trainee,6.4
STU20263452,Male,2026,ECE,7.54,76.4,59.8,3,No,3,0,"C++, MATLAB, Arduino",60.8,80.6,56.1,64.7,Not Placed,Not Placed,Not Placed,0.0
STU20263453,Male,2025,CSE,8.01,66.4,79.7,2,No,3,3,"React, MongoDB, Python, SQL, Java",65.1,87.5,68.4,47.9,Placed,Accenture,QA Engineer,6.49
STU20263454,Female,2026,CSE,8.59,80.1,72.0,2,Yes,3,1,"Git, SQL, MongoDB, Java, Python",62.2,98.0,85.3,67.8,Placed,Infosys,Web Developer,7.68
STU20263455,Male,2024,Civil,8.04,89.0,63.3,0,Yes,2,5,"C, STAAD Pro, Excel, Python, AutoCAD",63.9,81.2,65.6,67.1,Placed,Tata Projects,Civil Engineer,4.79
STU20263456,Male,2026,Mechanical,8.16,73.0,88.9,5,Yes,3,1,"SolidWorks, AutoCAD, Python, SQL",72.2,77.7,82.8,65.9,Not Placed,Not Placed,Not Placed,0.0
STU20263457,Female,2024,Civil,8.03,78.7,87.1,2,Yes,2,2,"AutoCAD, Revit, STAAD Pro",87.4,87.8,64.3,75.5,Not Placed,Not Placed,Not Placed,0.0
STU20263458,Female,2027,Civil,8.26,79.8,71.0,1,No,3,0,"GIS, Revit, Primavera, AutoCAD",87.3,78.9,72.6,48.5,Not Placed,Not Placed,Not Placed,0.0
STU20263459,Male,2026,CSE,8.67,86.3,72.1,1,No,0,2,"Java, React, JavaScript",96.5,81.0,83.4,69.3,Placed,Capgemini,QA Engineer,5.85
STU20263460,Male,2026,Mechanical,6.68,72.0,74.2,3,No,1,1,"SolidWorks, C++, Excel, Python, MATLAB, AutoCAD",56.0,70.4,52.5,63.1,Not Placed,Not Placed,Not Placed,0.0
STU20263461,Female,2024,IT,8.61,73.4,72.1,0,Yes,3,1,"React, Node.js, MongoDB",90.0,92.8,63.9,72.0,Placed,Cognizant,QA Engineer,8.4
STU20263462,Male,2026,Mechanical,9.13,84.8,78.7,0,No,5,2,"ANSYS, Python, MATLAB",98.0,98.0,88.4,79.4,Placed,L&T,Mechanical Engineer,6.99
STU20263463,Male,2026,CSE,7.98,72.7,71.6,2,No,2,1,"Python, Git, JavaScript",73.8,82.1,61.7,80.8,Placed,Accenture,Software Developer,7.56
STU20263464,Female,2025,IT,9.17,68.1,77.0,0,Yes,3,2,"MongoDB, Node.js, Java",83.0,89.6,78.3,91.7,Placed,Infosys,Full Stack Developer,6.38
STU20263465,Male,2026,EEE,6.87,88.1,63.7,3,No,1,4,"IoT, MATLAB, AutoCAD, C++, SQL",88.4,88.5,80.1,45.8,Not Placed,Not Placed,Not Placed,0.0
STU20263466,Male,2024,Mechanical,7.52,83.3,81.1,0,No,4,1,"Python, Excel, CATIA, C",78.3,85.7,71.3,73.0,Placed,Tata Motors,Design Engineer,4.84
STU20263467,Male,2024,ECE,7.21,89.2,82.9,2,No,1,1,"Git, Java, C, MATLAB, Python, Arduino",90.7,79.1,72.4,77.9,Not Placed,Not Placed,Not Placed,0.0
STU20263468,Male,2026,IT,9.07,86.8,78.8,0,No,5,1,"Java, Git, Python, DSA, JavaScript",75.1,98.0,96.4,61.6,Placed,Wipro,Data Analyst,7.59
STU20263469,Male,2024,IT,9.29,86.0,79.8,1,Yes,3,2,"SQL, Python, Java",98.0,82.3,98.0,72.3,Placed,HCLTech,Data Analyst,8.35
STU20263470,Male,2025,Civil,7.42,79.1,79.4,0,No,3,0,"Revit, C, GIS, STAAD Pro, Python, Primavera",94.7,77.0,71.4,84.6,Not Placed,Not Placed,Not Placed,0.0
STU20263471,Male,2026,IT,8.9,78.9,79.0,0,Yes,3,5,"Python, Git, SQL, JavaScript",75.5,87.2,70.1,70.1,Placed,Cognizant,Software Developer,7.08
STU20263472,Female,2026,IT,9.3,84.8,92.2,0,No,2,2,"AWS, Node.js, Git, SQL, MongoDB, Java",82.8,86.1,88.0,84.2,Placed,Cognizant,Full Stack Developer,7.29
STU20263473,Male,2024,ECE,7.72,73.4,66.6,1,Yes,4,1,"Git, IoT, Python, C++, C, Java",68.7,71.9,60.8,72.0,Not Placed,Not Placed,Not Placed,0.0
STU20263474,Male,2024,IT,8.01,70.5,82.7,0,Yes,4,0,"React, Git, MongoDB, SQL",79.1,80.3,89.1,78.1,Placed,Zoho,Software Developer,7.43
STU20263475,Male,2025,ECE,8.37,76.6,76.8,1,Yes,3,1,"MATLAB, Arduino, Git, Embedded C",65.6,90.1,66.4,83.7,Placed,L&T Technology Services,QA Engineer,5.95
STU20263476,Male,2026,IT,7.18,85.0,66.5,2,No,2,4,"Git, Python, Java, MongoDB",54.5,58.6,63.2,55.5,Not Placed,Not Placed,Not Placed,0.0
STU20263477,Female,2025,Mechanical,7.64,68.5,91.4,0,Yes,2,1,"SQL, ANSYS, C, SolidWorks",63.2,77.9,57.2,77.7,Placed,Tata Motors,Graduate Engineer Trainee,3.68
STU20263478,Male,2026,Civil,9.32,72.8,96.9,0,Yes,4,3,"GIS, Python, Excel, MATLAB, SQL",98.0,95.7,66.2,66.8,Placed,L&T,Civil Engineer,7.74
STU20263479,Male,2026,Civil,7.07,79.8,72.6,0,No,1,1,"GIS, AutoCAD, MATLAB, Excel, C",50.5,74.1,83.6,83.2,Not Placed,Not Placed,Not Placed,0.0
STU20263480,Female,2027,ECE,8.48,76.3,81.0,0,No,0,1,"SQL, C, Git, Python, Embedded C, Arduino",93.9,65.6,78.4,64.9,Not Placed,Not Placed,Not Placed,0.0
STU20263481,Male,2025,IT,8.35,82.3,74.2,0,Yes,1,1,"Git, SQL, DSA, JavaScript",90.2,92.8,72.7,68.8,Placed,TCS,Full Stack Developer,7.19
STU20263482,Male,2024,EEE,7.51,83.7,73.1,0,No,2,0,"SQL, C++, Java, Arduino, MATLAB",93.4,88.0,96.7,58.6,Not Placed,Not Placed,Not Placed,0.0
STU20263483,Female,2025,Mechanical,7.74,80.6,68.0,1,No,1,4,"Python, MATLAB, SolidWorks, Excel",80.3,97.6,72.5,68.2,Not Placed,Not Placed,Not Placed,0.0
STU20263484,Male,2024,ECE,9.24,76.7,71.0,0,No,3,2,"SQL, Java, C, C++, Python",98.0,87.1,76.7,75.4,Placed,TCS,Software Developer,6.0
STU20263485,Female,2025,EEE,8.12,87.3,89.8,2,No,2,3,"C, AutoCAD, C++, Embedded C",63.4,89.3,58.0,69.7,Not Placed,Not Placed,Not Placed,0.0
STU20263486,Female,2027,EEE,8.25,83.8,77.0,0,No,2,1,"MATLAB, AutoCAD, IoT, Java, C",97.7,77.0,62.5,95.4,Placed,Siemens,Electrical Engineer,5.14
STU20263487,Female,2025,EEE,9.01,80.7,79.7,0,No,2,2,"Embedded C, IoT, SQL",98.0,79.3,63.9,63.5,Placed,HCLTech,Software Developer,5.58
STU20263488,Male,2024,EEE,7.4,76.3,69.3,2,No,3,3,,76.3,74.3,60.7,58.5,Not Placed,Not Placed,Not Placed,0.0
STU20263489,Female,2026,CSE,7.11,78.4,,0,Yes,2,0,"MongoDB, DSA, JavaScript",74.9,78.6,62.4,71.4,Placed,Infosys,Web Developer,7.36
STU20263490,Female,2027,ECE,9.25,78.9,69.4,0,Yes,5,1,"MATLAB, Embedded C, Arduino, Java, Python, SQL",82.7,98.0,73.3,77.1,Placed,L&T Technology Services,QA Engineer,7.94
STU20263491,Male,2024,ECE,7.87,66.3,70.8,2,No,2,0,"MATLAB, C, Git, SQL, Embedded C",80.1,93.2,80.6,53.7,Placed,L&T Technology Services,Embedded Engineer,5.87
STU20263492,Female,2027,CSE,8.76,85.2,70.3,1,No,1,3,"DSA, SQL, JavaScript, C++, Node.js",83.5,88.8,74.7,84.7,Placed,Capgemini,Data Analyst,6.2
STU20263493,Male,2027,Mechanical,6.9,80.1,82.7,1,Yes,1,0,"Python, ANSYS, C, CATIA, Excel, AutoCAD",43.6,67.2,90.8,69.9,Not Placed,Not Placed,Not Placed,0.0
STU20263494,Female,2025,ECE,8.08,62.1,65.3,0,No,2,2,"C++, Git, C, SQL, Arduino",87.7,84.4,80.5,89.4,Not Placed,Not Placed,Not Placed,0.0
STU20263495,Male,2026,CSE,7.07,79.2,65.8,1,Yes,2,0,"MongoDB, DSA, Python, C++",88.7,86.1,59.1,89.0,Placed,Cognizant,QA Engineer,7.01
STU20263496,Male,2025,Mechanical,7.6,89.3,61.2,2,No,2,3,"C++, CATIA, SolidWorks",67.4,98.0,76.3,76.9,Not Placed,Not Placed,Not Placed,0.0
STU20263497,Male,2025,EEE,7.1,67.9,67.9,3,No,1,2,"C++, Python, C",67.9,90.8,70.4,68.7,Not Placed,Not Placed,Not Placed,0.0
STU20263498,Female,2025,EEE,6.9,74.7,,2,No,1,0,"AutoCAD, Java, SQL",82.2,84.8,85.8,56.9,Not Placed,Not Placed,Not Placed,0.0
STU20263499,Male,2024,IT,7.64,75.8,82.5,1,No,2,1,"JavaScript, Python, SQL, Git",67.0,94.8,81.2,61.4,Placed,Deloitte,Software Developer,5.31
STU20263500,Male,2026,Mechanical,5.6,83.6,68.6,4,No,1,0,"C, SolidWorks, AutoCAD, Excel",74.4,68.2,63.3,56.1,Not Placed,Not Placed,Not Placed,0.0
STU20263501,Male,2027,IT,6.91,83.1,70.8,1,No,1,1,"AWS, Node.js, Java, DSA, React, Python",75.5,78.9,90.4,55.6,Not Placed,Not Placed,Not Placed,0.0
STU20263502,Female,2025,ECE,8.42,72.9,79.8,2,No,3,1,"Git, IoT, Embedded C, Arduino, SQL",98.0,97.2,80.9,72.4,Placed,TCS,Network Engineer,6.2
STU20263503,Male,2026,CSE,8.3,81.1,74.3,1,No,3,1,"MongoDB, Node.js, C++",82.5,91.1,81.0,72.9,Placed,Tech Mahindra,QA Engineer,9.39
STU20263504,Male,2025,ECE,6.84,91.2,90.3,2,No,2,3,"Arduino, Embedded C, C, C++",67.8,89.9,86.9,50.3,Placed,Infosys,Embedded Engineer,3.63
STU20263505,Female,2024,EEE,8.12,73.9,72.8,0,Yes,2,5,"AutoCAD, Java, C++, IoT",83.6,85.5,83.6,67.1,Placed,TCS,Graduate Engineer Trainee,3.76
STU20263506,Male,2026,ECE,7.0,75.4,76.8,3,Yes,3,0,"Java, Arduino, Python, C",78.9,91.5,70.8,63.3,Placed,Bosch,Embedded Engineer,4.8
STU20263507,Male,2024,ECE,8.36,82.5,83.4,1,Yes,4,1,"MATLAB, C++, C",98.0,82.8,72.4,90.5,Placed,TCS,Embedded Engineer,6.69
STU20263508,Male,2027,Mechanical,7.45,72.4,70.8,1,No,2,1,"Python, SolidWorks, C, CATIA, ANSYS",96.2,91.4,43.6,43.8,Placed,Mahindra,Mechanical Engineer,4.28
STU20263509,Female,2025,EEE,7.37,88.8,76.1,2,Yes,2,1,"Embedded C, Java, MATLAB, AutoCAD",68.1,79.0,45.5,96.0,Not Placed,Not Placed,Not Placed,0.0
STU20263510,Female,2027,CSE,7.92,74.5,72.9,0,No,3,1,"Python, C++, Node.js, Git",79.8,78.8,70.2,76.0,Placed,Wipro,Backend Developer,6.28
STU20263511,Male,2025,Civil,9.68,72.5,83.1,0,Yes,3,3,"Excel, C, AutoCAD, Revit, Python, SQL",82.6,77.0,71.5,42.3,Placed,Adani,Civil Engineer,6.29
STU20263512,Male,2025,EEE,7.01,71.9,74.6,1,No,1,0,"C, C++, Java",62.1,72.4,68.3,61.3,Not Placed,Not Placed,Not Placed,0.0
STU20263513,Male,2026,Civil,7.69,81.8,74.8,1,No,1,0,"Primavera, C, STAAD Pro, AutoCAD",36.8,65.5,84.0,74.4,Not Placed,Not Placed,Not Placed,0.0
STU20263514,Female,2026,Civil,8.16,72.8,68.9,0,No,3,0,"Primavera, Python, MATLAB, C",98.0,74.1,62.6,60.8,Placed,Afcons Infrastructure,Graduate Engineer Trainee,4.19
STU20263515,Male,2024,Civil,6.68,76.8,86.1,1,Yes,1,1,"SQL, Primavera, Revit, STAAD Pro",62.9,80.0,46.2,69.7,Not Placed,Not Placed,Not Placed,0.0
STU20263516,Male,2027,EEE,6.29,77.7,76.1,2,No,1,0,"C, SQL, IoT, Python, MATLAB",63.6,55.8,48.3,96.3,Not Placed,Not Placed,Not Placed,0.0
STU20263517,Female,2025,ECE,7.24,67.6,63.4,4,No,0,2,"Git, C, C++, Python, Embedded C",98.0,90.5,56.2,63.9,Placed,Infosys,Software Developer,5.42
STU20263518,Male,2024,CSE,8.65,75.7,75.4,0,Yes,4,3,"React, C++, Git, DSA, Node.js",80.6,98.0,59.8,60.0,Placed,Wipro,QA Engineer,7.9
STU20263519,Male,2025,ECE,7.46,79.1,64.2,2,Yes,4,1,"Git, Python, C++, Embedded C",80.1,78.5,70.4,84.0,Placed,Tech Mahindra,QA Engineer,5.82
STU20263520,Male,2026,EEE,7.45,81.5,80.4,1,No,1,0,"IoT, C, MATLAB, SQL",78.0,88.8,89.8,52.2,Not Placed,Not Placed,Not Placed,0.0
STU20263521,Male,2026,ECE,8.52,75.5,77.9,1,Yes,3,4,"IoT, C, SQL, Git, Python",89.2,79.1,82.1,81.4,Placed,TCS,Network Engineer,6.92
STU20263522,Male,2027,Mechanical,6.86,76.2,73.6,0,Yes,2,1,"AutoCAD, MATLAB, Python",66.9,81.3,76.4,80.0,Not Placed,Not Placed,Not Placed,0.0
STU20263523,Female,2026,CSE,7.92,75.8,70.5,0,No,2,3,"Git, MongoDB, Python, Java, JavaScript, Node.js",93.1,90.2,74.5,90.9,Placed,Accenture,QA Engineer,6.77
STU20263524,Male,2025,IT,6.61,79.6,70.6,4,No,1,1,"Java, MongoDB, DSA, Python",72.5,98.0,50.3,74.0,Not Placed,Not Placed,Not Placed,0.0
STU20263525,Male,2025,ECE,8.02,81.7,82.2,0,Yes,2,4,"IoT, C++, Arduino, Python",81.4,85.4,98.0,70.2,Placed,HCLTech,Network Engineer,5.27
STU20263526,Female,2024,IT,8.1,75.6,84.3,0,No,2,0,"AWS, SQL, JavaScript, MongoDB, Java, React",72.4,86.1,68.3,68.6,Placed,Accenture,QA Engineer,7.05
STU20263527,Female,2026,CSE,8.68,83.0,84.4,0,No,2,0,"DSA, Java, Python",81.8,82.6,84.8,94.7,Placed,Tech Mahindra,Software Developer,6.56
STU20263528,Female,2024,CSE,7.03,72.7,63.1,1,Yes,3,0,"Node.js, JavaScript, MongoDB, React",89.3,73.9,39.0,73.8,Placed,Wipro,Data Analyst,7.72
STU20263529,Female,2026,Mechanical,7.39,79.7,,0,No,0,1,"AutoCAD, MATLAB, CATIA, SolidWorks",83.7,75.6,68.4,66.4,Not Placed,Not Placed,Not Placed,0.0
STU20263530,Male,2026,ECE,6.66,77.9,74.8,1,No,1,0,"SQL, Python, C",65.7,70.9,64.4,68.2,Not Placed,Not Placed,Not Placed,0.0
STU20263531,Male,2027,CSE,7.79,94.1,70.9,1,No,2,0,"DSA, Node.js, Java, JavaScript, MongoDB, Python",69.7,73.6,67.7,74.7,Placed,Zoho,Data Analyst,5.11
STU20263532,Male,2024,CSE,9.26,78.8,68.4,0,Yes,3,0,"DSA, JavaScript, React",98.0,91.5,58.8,68.5,Placed,Accenture,Software Developer,6.73
STU20263533,Male,2024,IT,7.63,76.1,66.6,0,Yes,3,1,"DSA, SQL, JavaScript, Python, React, AWS",84.3,73.7,73.1,60.6,Placed,Deloitte,Full Stack Developer,8.36
STU20263534,Female,2027,CSE,6.84,70.6,84.0,3,Yes,2,1,"Node.js, Git, C++, SQL, Python, DSA",84.7,73.2,83.2,64.9,Placed,Zoho,Web Developer,5.09
STU20263535,Female,2026,EEE,7.07,68.4,65.7,3,No,2,0,"MATLAB, Python, AutoCAD, C++, C, Java",63.7,95.6,95.6,58.4,Not Placed,Not Placed,Not Placed,0.0
STU20263536,Male,2025,Mechanical,6.18,70.3,72.0,3,Yes,4,1,"Python, AutoCAD, ANSYS, C++, MATLAB",75.6,75.7,86.2,71.2,Not Placed,Not Placed,Not Placed,0.0
STU20263537,Male,2026,CSE,6.9,79.9,72.5,1,No,2,0,"MongoDB, C++, Python",85.1,84.4,84.0,61.6,Placed,Tech Mahindra,Data Analyst,4.78
STU20263538,Female,2027,ECE,8.32,84.0,76.4,0,Yes,1,1,"Python, SQL, Java, Arduino, MATLAB, C++",70.6,82.3,95.5,70.8,Placed,Bosch,QA Engineer,5.01
STU20263539,Male,2025,CSE,6.77,77.0,71.0,0,Yes,2,5,"Java, JavaScript, Python, Git",96.5,92.5,90.8,71.2,Placed,Cognizant,Backend Developer,6.64
STU20263540,Male,2027,IT,8.17,76.4,82.6,1,Yes,3,0,"SQL, Python, Git",98.0,81.6,60.7,76.2,Placed,Deloitte,Support Engineer,5.33
STU20263541,Male,2024,Mechanical,7.57,73.5,75.7,2,No,2,1,"Excel, C, Python, AutoCAD, CATIA, C++",75.4,55.0,73.6,57.4,Not Placed,Not Placed,Not Placed,0.0
STU20263542,Male,2027,ECE,7.3,69.8,70.3,0,No,0,1,"Embedded C, MATLAB, Java, IoT, C, Python",69.1,76.2,52.6,89.4,Not Placed,Not Placed,Not Placed,0.0
STU20263543,Male,2024,Mechanical,7.74,73.5,76.3,1,No,2,0,"MATLAB, SolidWorks, C++",82.6,69.7,78.0,83.9,Not Placed,Not Placed,Not Placed,0.0
STU20263544,Female,2025,CSE,7.2,66.9,65.5,0,No,1,2,"Git, SQL, Node.js, DSA, MongoDB",75.5,76.5,65.6,75.5,Placed,Capgemini,Data Analyst,4.72
STU20263545,Male,2024,IT,8.61,89.0,81.6,0,No,3,0,"SQL, JavaScript, Node.js, MongoDB, Python",98.0,92.4,72.4,77.8,Placed,Capgemini,QA Engineer,5.8
STU20263546,Male,2027,IT,7.31,89.1,70.0,0,No,1,2,"SQL, React, Node.js",63.5,98.0,65.7,55.4,Placed,Capgemini,QA Engineer,5.8
STU20263547,Female,2027,ECE,7.42,63.0,70.7,0,No,3,1,"SQL, Java, MATLAB",69.2,67.5,37.2,62.0,Not Placed,Not Placed,Not Placed,0.0
STU20263548,Male,2025,Civil,7.07,77.7,77.7,2,Yes,1,1,"Python, MATLAB, C, Revit, AutoCAD",76.1,74.5,43.5,67.3,Not Placed,Not Placed,Not Placed,0.0
STU20263549,Female,2025,CSE,8.59,81.4,75.3,0,No,3,1,"React, Java, DSA, C++, Node.js",91.4,87.6,85.5,51.9,Placed,Cognizant,Data Analyst,7.95
STU20263550,Male,2025,Mechanical,8.01,79.5,74.2,2,No,1,2,,77.1,84.0,63.3,64.5,Placed,Mahindra,Mechanical Engineer,5.23
STU20263551,Male,2024,Mechanical,5.32,67.2,77.5,2,No,0,0,"SolidWorks, ANSYS, SQL, C, Excel, MATLAB",72.3,65.2,74.6,96.3,Not Placed,Not Placed,Not Placed,0.0
STU20263552,Male,2027,ECE,7.97,85.1,69.7,1,Yes,5,3,"Arduino, MATLAB, SQL",98.0,97.0,69.8,74.3,Not Placed,Not Placed,Not Placed,0.0
STU20263553,Female,2024,IT,6.42,76.9,75.8,1,No,1,0,"Git, Node.js, AWS",78.6,67.2,45.1,87.4,Placed,Deloitte,Data Analyst,4.69
STU20263554,Female,2027,ECE,7.46,83.9,81.8,4,No,2,0,"C++, IoT, Java",81.8,76.3,51.6,86.6,Not Placed,Not Placed,Not Placed,0.0
STU20263555,Female,2027,IT,7.81,72.4,84.3,1,Yes,2,0,"Git, Node.js, Java, DSA, MongoDB, JavaScript",76.5,84.0,62.5,61.7,Placed,Cognizant,QA Engineer,4.88
STU20263556,Male,2024,Mechanical,7.25,66.4,89.8,1,Yes,2,4,"SQL, C++, ANSYS",77.2,78.3,56.9,73.4,Placed,Jindal Steel,Design Engineer,5.07
STU20263557,Male,2026,ECE,8.18,81.5,72.6,1,Yes,3,1,"Git, Java, C++",67.0,79.5,71.6,68.2,Placed,Bosch,Network Engineer,7.34
STU20263558,Female,2027,Civil,8.11,71.5,70.8,0,Yes,2,2,"Primavera, MATLAB, STAAD Pro",66.3,84.9,75.7,84.2,Placed,JLL,Site Engineer,6.24
STU20263559,Male,2027,ECE,7.09,83.1,79.9,1,No,3,1,"Git, Python, C++, SQL, Embedded C",93.1,74.0,72.8,74.6,Placed,Bosch,Embedded Engineer,4.45
STU20263560,Female,2026,ECE,7.06,60.8,80.6,1,No,3,1,"MATLAB, SQL, C++, Embedded C, Arduino, Python",98.0,70.0,71.2,89.0,Not Placed,Not Placed,Not Placed,0.0
STU20263561,Male,2024,EEE,7.62,73.8,70.0,1,No,1,1,"Java, Arduino, SQL, MATLAB",59.2,68.7,82.0,71.5,Not Placed,Not Placed,Not Placed,0.0
STU20263562,Male,2024,ECE,6.44,69.8,75.8,3,No,2,0,"Java, Git, C++, Python, SQL, IoT",78.8,72.8,78.8,78.9,Placed,Bosch,QA Engineer,4.22
STU20263563,Female,2027,Civil,7.09,73.4,93.2,0,Yes,2,1,"Excel, C, GIS, Python",57.2,92.2,56.3,65.3,Not Placed,Not Placed,Not Placed,0.0
STU20263564,Male,2025,CSE,9.15,82.7,80.4,0,No,2,3,"DSA, Git, Python, React, MongoDB",98.0,96.7,52.4,51.4,Placed,Accenture,Backend Developer,8.05
STU20263565,Male,2026,Civil,6.22,,78.3,3,No,1,1,"Excel, STAAD Pro, AutoCAD, SQL, GIS, C",68.4,63.1,56.1,77.1,Not Placed,Not Placed,Not Placed,0.0
STU20263566,Male,2026,Mechanical,7.26,80.6,85.6,4,No,1,0,"CATIA, Python, AutoCAD, ANSYS, Excel",98.0,91.3,70.1,70.8,Placed,Mahindra,Production Engineer,4.7
STU20263567,Female,2025,Mechanical,7.05,80.9,91.6,0,No,3,0,"ANSYS, SolidWorks, Python, C, AutoCAD",70.1,72.7,61.4,75.6,Placed,L&T,Mechanical Engineer,4.81
STU20263568,Male,2024,ECE,9.45,80.4,82.2,0,Yes,3,2,"SQL, Java, Embedded C, C",83.6,98.0,86.0,90.0,Placed,L&T Technology Services,Software Developer,8.16
STU20263569,Female,2025,Mechanical,7.09,90.5,82.9,1,No,3,0,"SQL, MATLAB, ANSYS, SolidWorks, AutoCAD, Python",82.7,77.2,51.0,73.0,Placed,Maruti Suzuki,Graduate Engineer Trainee,5.36
STU20263570,Female,2027,IT,7.49,86.4,69.7,1,No,2,2,"MongoDB, DSA, Java, SQL, Python",88.3,85.1,90.5,79.0,Placed,Accenture,QA Engineer,6.58
STU20263571,Male,2025,EEE,6.77,72.7,73.5,2,No,1,0,"AutoCAD, SQL, Java, C",81.1,69.7,77.3,81.3,Not Placed,Not Placed,Not Placed,0.0
STU20263572,Female,2024,CSE,8.01,77.1,73.5,2,Yes,2,0,"DSA, Git, Java, Node.js, React",91.7,78.1,67.0,71.2,Placed,Wipro,Backend Developer,8.05
STU20263573,Female,2027,IT,8.13,76.0,63.8,0,Yes,4,1,"Git, JavaScript, Python, Node.js, MongoDB, DSA",82.9,98.0,62.6,65.8,Placed,Capgemini,Software Developer,7.34
STU20263574,Male,2026,IT,7.15,78.4,63.1,0,No,2,0,"SQL, Git, MongoDB, JavaScript, DSA, Node.js",87.6,75.0,66.6,92.7,Not Placed,Not Placed,Not Placed,0.0
STU20263575,Female,2026,IT,8.74,73.0,81.6,0,Yes,3,1,"Git, DSA, MongoDB, Python, React",98.0,97.6,89.9,77.6,Placed,Zoho,Software Developer,8.03
STU20263576,Male,2027,IT,8.13,72.8,80.1,2,Yes,4,1,"MongoDB, JavaScript, AWS, Java",95.3,87.1,67.3,76.4,Placed,Capgemini,Software Developer,7.2
STU20263577,Male,2025,Mechanical,8.27,63.5,70.0,0,No,3,1,"CATIA, MATLAB, C",74.0,84.7,65.5,57.2,Placed,Mahindra,Mechanical Engineer,4.58
STU20263578,Male,2027,CSE,7.72,74.5,86.7,0,No,1,1,"C++, MongoDB, Git, SQL",81.2,86.3,70.8,72.0,Placed,TCS,Data Analyst,7.21
STU20263579,Male,2027,EEE,7.86,85.1,68.5,0,No,2,0,"C++, Python, Embedded C, IoT, MATLAB",55.8,79.1,55.1,72.9,Not Placed,Not Placed,Not Placed,0.0
STU20263580,Male,2025,CSE,7.82,76.5,77.9,2,No,1,2,"MongoDB, SQL, Java, C++",85.0,74.7,85.3,57.8,Placed,Deloitte,Web Developer,7.38
STU20263581,Male,2025,EEE,8.89,79.6,76.1,1,Yes,3,4,"AutoCAD, IoT, Arduino, MATLAB",66.9,87.4,83.6,81.9,Placed,HCLTech,Software Developer,7.02
STU20263582,Male,2025,Mechanical,7.65,79.1,76.4,3,Yes,3,2,"Python, SQL, ANSYS, Excel, C, MATLAB",89.4,90.5,82.4,69.9,Placed,Tata Motors,Graduate Engineer Trainee,4.97
STU20263583,Male,2026,IT,7.91,70.8,82.6,0,No,3,0,"Git, MongoDB, AWS",81.6,60.0,89.7,42.5,Placed,Zoho,QA Engineer,6.17
STU20263584,Male,2026,EEE,7.26,76.3,79.9,0,No,1,1,"C, Java, Python, Embedded C, SQL, IoT",85.9,81.6,58.8,62.7,Not Placed,Not Placed,Not Placed,0.0
STU20263585,Female,2026,Civil,7.06,81.9,79.0,1,No,1,1,,73.4,62.4,68.4,80.6,Not Placed,Not Placed,Not Placed,0.0
STU20263586,Male,2027,Mechanical,7.75,79.5,80.0,2,Yes,3,2,"SQL, C, MATLAB, Python, AutoCAD, Excel",98.0,87.0,69.8,62.2,Placed,Maruti Suzuki,Graduate Engineer Trainee,4.06
STU20263587,Male,2025,IT,8.6,86.3,69.3,0,Yes,4,0,"Git, React, AWS, Node.js, DSA, Java",94.9,98.0,95.0,98.0,Placed,Deloitte,Data Analyst,7.87
STU20263588,Male,2027,ECE,7.17,84.8,82.3,1,Yes,2,1,"Git, Python, Arduino, SQL",89.1,70.0,63.3,78.7,Not Placed,Not Placed,Not Placed,0.0
STU20263589,Male,2026,EEE,7.76,82.0,68.5,0,Yes,2,3,"SQL, Java, C++",74.2,91.0,47.8,98.0,Placed,Wipro,Embedded Engineer,4.59
STU20263590,Male,2026,IT,8.06,73.2,76.0,0,No,3,0,"DSA, Node.js, Python",77.6,94.0,66.3,55.8,Placed,Deloitte,Software Developer,6.98
STU20263591,Male,2024,Mechanical,7.85,75.2,73.7,1,No,2,1,"SolidWorks, C, Excel, C++",62.5,76.5,82.9,54.5,Not Placed,Not Placed,Not Placed,0.0
STU20263592,Male,2026,IT,6.45,87.6,74.9,5,No,2,4,"Git, React, JavaScript, AWS, DSA, Node.js",58.6,74.8,72.7,66.1,Not Placed,Not Placed,Not Placed,0.0
STU20263593,Female,2026,Mechanical,6.76,77.1,69.9,1,No,2,0,"SQL, CATIA, Excel, C, Python",75.0,78.6,65.8,53.8,Not Placed,Not Placed,Not Placed,0.0
STU20263594,Male,2024,CSE,6.84,76.4,72.4,1,No,2,1,"C++, DSA, JavaScript",75.0,89.7,62.4,63.5,Not Placed,Not Placed,Not Placed,0.0
STU20263595,Male,2027,CSE,8.03,72.1,88.0,1,Yes,2,2,"Node.js, C++, MongoDB, Java, DSA, Python",85.0,98.0,76.6,92.1,Placed,Capgemini,Data Analyst,7.04
STU20263596,Female,2025,Civil,6.73,74.2,64.1,4,No,1,0,"GIS, Revit, AutoCAD, Excel, MATLAB",62.9,65.7,74.3,65.3,Not Placed,Not Placed,Not Placed,0.0
STU20263597,Male,2025,Mechanical,7.13,80.8,74.2,0,Yes,3,2,"C, SQL, SolidWorks, CATIA, ANSYS",80.2,88.6,71.3,53.9,Placed,Mahindra,Design Engineer,5.31
STU20263598,Male,2027,Mechanical,6.53,74.4,64.8,2,No,3,0,,91.3,70.3,61.6,72.6,Not Placed,Not Placed,Not Placed,0.0
STU20263599,Male,2025,Civil,7.16,72.3,79.1,2,No,1,1,"Python, Excel, GIS, STAAD Pro",78.5,66.0,68.2,84.9,Not Placed,Not Placed,Not Placed,0.0
STU20263600,Male,2026,IT,6.94,73.3,68.7,2,No,3,0,"DSA, Node.js, MongoDB, AWS, Git, JavaScript",77.7,74.9,60.7,46.6,Not Placed,Not Placed,Not Placed,0.0
STU20263601,Male,2026,IT,8.54,87.7,78.3,1,Yes,3,5,"SQL, MongoDB, AWS, JavaScript, Node.js, React",88.6,92.9,87.6,56.8,Placed,Deloitte,Software Developer,6.8
STU20263602,Male,2024,CSE,8.41,83.7,68.4,0,Yes,3,3,"SQL, C++, Python",98.0,91.4,71.9,73.7,Placed,Tech Mahindra,QA Engineer,9.04
STU20263603,Male,2025,ECE,7.88,81.4,85.3,1,Yes,4,1,"Java, Arduino, MATLAB",86.5,89.6,59.4,58.6,Placed,TCS,Embedded Engineer,7.59
STU20263604,Female,2025,CSE,7.74,80.4,76.4,3,Yes,2,2,"Node.js, SQL, Java",72.5,86.0,98.0,71.0,Placed,Accenture,Data Analyst,6.48
STU20263605,Male,2024,Civil,5.77,64.1,71.5,2,No,1,0,"SQL, GIS, Excel, STAAD Pro, Revit, Primavera",60.2,80.5,53.6,86.3,Not Placed,Not Placed,Not Placed,0.0
STU20263606,Male,2026,CSE,7.61,78.9,81.4,0,Yes,2,1,"Java, JavaScript, React, C++, MongoDB, SQL",71.5,98.0,58.8,68.5,Placed,Infosys,Web Developer,7.07
STU20263607,Male,2024,CSE,7.35,83.9,66.1,0,No,2,0,"DSA, Java, SQL, React, Python, MongoDB",69.9,77.9,53.8,74.5,Not Placed,Not Placed,Not Placed,0.0
STU20263608,Female,2027,CSE,8.21,76.7,72.9,1,No,3,3,"Node.js, Java, DSA, Python",93.0,84.6,63.9,75.4,Placed,Wipro,Data Analyst,7.57
STU20263609,Male,2025,CSE,8.53,86.2,79.2,0,Yes,2,2,"Node.js, SQL, Git, Java, Python, JavaScript",98.0,85.7,83.8,63.5,Placed,Capgemini,Data Analyst,7.37
STU20263610,Male,2025,CSE,8.28,82.5,65.0,1,Yes,4,5,"React, C++, Java",81.5,93.1,52.6,60.3,Placed,Tech Mahindra,Data Analyst,8.36
STU20263611,Male,2027,ECE,8.82,85.8,67.2,0,Yes,3,0,"Python, Arduino, Java, C++, MATLAB",75.8,80.7,77.4,84.9,Placed,HCLTech,Software Developer,7.51
STU20263612,Female,2026,IT,7.42,76.9,69.3,0,No,2,1,"Git, JavaScript, AWS, SQL, Java, React",61.9,65.1,62.1,69.6,Placed,Zoho,Data Analyst,5.22
STU20263613,Male,2026,ECE,7.23,82.3,66.5,0,No,2,4,"Git, Arduino, Java",96.9,71.7,58.4,71.5,Placed,Wipro,Embedded Engineer,5.29
STU20263614,Male,2026,Mechanical,8.43,68.8,75.4,0,Yes,4,0,"Python, Excel, SolidWorks, C, SQL",98.0,93.0,51.1,72.6,Placed,Maruti Suzuki,Mechanical Engineer,6.52
STU20263615,Male,2027,ECE,7.89,78.0,80.0,0,Yes,2,0,"Python, SQL, Java, IoT, MATLAB",71.3,87.9,71.0,71.5,Placed,Infosys,QA Engineer,5.82
STU20263616,Male,2024,EEE,7.44,81.6,80.3,1,Yes,3,0,"Arduino, Embedded C, C++, AutoCAD, MATLAB",81.4,83.0,47.5,75.3,Placed,Wipro,Software Developer,5.05
STU20263617,Male,2024,IT,9.47,83.7,93.2,0,Yes,6,3,"Java, AWS, SQL, MongoDB",98.0,97.9,74.2,59.6,Placed,Capgemini,QA Engineer,7.98
STU20263618,Female,2027,CSE,8.49,86.9,77.8,1,No,1,0,"React, DSA, C++, Node.js, JavaScript",79.2,76.9,78.4,73.7,Placed,Wipro,Data Analyst,5.85
STU20263619,Male,2024,IT,7.74,76.3,77.0,2,No,1,2,"AWS, SQL, DSA, Git",86.6,68.5,41.6,57.0,Not Placed,Not Placed,Not Placed,0.0
STU20263620,Female,2026,Civil,6.92,71.5,73.5,2,Yes,4,0,"Python, STAAD Pro, Excel, MATLAB, C",77.7,72.1,76.7,98.0,Placed,Adani,Design Engineer,4.87
STU20263621,Female,2026,ECE,8.88,68.7,81.2,0,No,3,1,"C, Java, SQL",83.4,81.6,49.8,76.3,Placed,HCLTech,Embedded Engineer,4.5
STU20263622,Male,2026,CSE,8.18,76.5,79.9,3,Yes,3,2,"DSA, SQL, Java, React",51.6,73.3,96.3,76.4,Placed,Cognizant,Web Developer,7.51
STU20263623,Male,2027,IT,7.92,81.4,82.8,4,No,2,0,"React, JavaScript, SQL",74.7,82.8,69.2,56.2,Placed,Zoho,Data Analyst,6.05
STU20263624,Male,2027,Mechanical,8.12,83.6,83.4,0,No,4,1,"C++, Excel, ANSYS, Python",79.2,79.2,61.3,82.2,Placed,Tata Motors,Graduate Engineer Trainee,7.06
STU20263625,Male,2024,EEE,8.4,69.2,81.3,1,No,1,1,"Python, IoT, SQL",85.7,83.9,76.3,63.3,Placed,TCS,Graduate Engineer Trainee,5.1
STU20263626,Male,2026,ECE,8.22,86.8,87.8,3,Yes,4,0,"C, MATLAB, C++, SQL",89.1,70.3,61.2,80.3,Placed,HCLTech,Embedded Engineer,7.98
STU20263627,Male,2026,Mechanical,8.3,71.9,77.6,1,No,1,2,"Excel, ANSYS, C, AutoCAD, SolidWorks, C++",81.4,90.9,41.6,61.0,Not Placed,Not Placed,Not Placed,0.0
STU20263628,Female,2025,EEE,8.03,77.2,72.4,2,No,1,0,"AutoCAD, MATLAB, Java, Python",89.1,83.9,86.9,46.0,Placed,Schneider Electric,Graduate Engineer Trainee,4.94
STU20263629,Male,2027,ECE,8.22,74.6,74.1,1,Yes,2,1,"Java, SQL, IoT",53.1,79.0,68.4,91.5,Not Placed,Not Placed,Not Placed,0.0
STU20263630,Female,2025,CSE,7.38,79.4,74.2,1,Yes,2,0,"React, Python, MongoDB",76.3,91.6,70.5,79.9,Placed,Capgemini,Software Developer,5.95
STU20263631,Male,2024,CSE,9.54,82.5,73.2,0,No,2,5,"Git, DSA, MongoDB",73.7,97.9,76.0,64.3,Placed,Deloitte,Software Developer,6.79
STU20263632,Male,2027,Civil,6.45,78.9,68.1,2,No,1,3,"Excel, SQL, C, Python, MATLAB",54.7,79.1,55.0,92.6,Not Placed,Not Placed,Not Placed,0.0
STU20263633,Male,2027,ECE,8.01,90.9,68.6,0,No,1,3,"Java, IoT, C++, MATLAB",74.1,69.9,57.5,68.8,Placed,Bosch,Embedded Engineer,5.24
STU20263634,Male,2024,IT,6.76,77.7,75.7,1,Yes,1,1,"MongoDB, React, Node.js, Git, Python, SQL",71.6,67.5,76.5,87.5,Placed,TCS,Support Engineer,4.45
STU20263635,Male,2026,ECE,7.67,73.1,78.2,2,Yes,2,2,"C, SQL, MATLAB",84.4,76.8,77.3,53.4,Placed,Bosch,Embedded Engineer,5.51
STU20263636,Male,2024,CSE,7.51,80.0,62.9,1,No,2,0,"JavaScript, Node.js, DSA, C++, React",82.8,86.4,69.5,65.1,Not Placed,Not Placed,Not Placed,0.0
STU20263637,Male,2024,Mechanical,7.67,90.8,71.1,1,Yes,2,2,"ANSYS, MATLAB, C++",68.4,93.0,84.0,69.5,Not Placed,Not Placed,Not Placed,0.0
STU20263638,Male,2025,CSE,8.29,83.3,90.2,0,Yes,1,0,"Java, JavaScript, MongoDB, Git",76.6,75.2,72.2,61.2,Placed,Zoho,Data Analyst,5.18
STU20263639,Male,2027,Mechanical,6.74,81.5,77.6,0,Yes,2,0,"Python, AutoCAD, ANSYS",90.9,76.4,81.5,62.4,Placed,Maruti Suzuki,Graduate Engineer Trainee,3.75
STU20263640,Male,2024,ECE,7.72,66.1,79.0,1,No,3,0,"Java, IoT, Python",98.0,89.7,90.1,70.8,Placed,Wipro,QA Engineer,5.75
STU20263641,Male,2024,CSE,9.18,83.7,75.1,0,Yes,3,2,"SQL, Java, MongoDB, C++, DSA, Git",84.7,89.0,90.8,70.9,Placed,Deloitte,Web Developer,8.28
STU20263642,Female,2026,CSE,6.88,73.3,75.6,0,No,0,4,"Java, Python, DSA, C++, Git",70.5,65.8,72.9,66.6,Placed,Capgemini,Web Developer,6.61
STU20263643,Male,2025,Mechanical,6.82,70.3,73.3,3,No,2,1,"C, SQL, C++",63.3,84.2,54.2,62.9,Not Placed,Not Placed,Not Placed,0.0
STU20263644,Male,2024,CSE,8.73,79.7,73.0,1,Yes,2,4,"C++, MongoDB, Java, Node.js",96.0,96.9,80.7,85.2,Placed,Zoho,Data Analyst,7.8
STU20263645,Male,2025,CSE,8.07,78.9,73.3,1,Yes,2,1,"Python, React, MongoDB",98.0,86.3,66.1,58.1,Placed,Deloitte,Data Analyst,8.28
STU20263646,Male,2027,EEE,7.78,73.1,72.7,0,Yes,3,0,"Java, MATLAB, AutoCAD",75.0,91.0,80.5,73.6,Placed,Siemens,Embedded Engineer,6.36
STU20263647,Female,2026,IT,8.77,81.2,68.3,0,Yes,4,2,"MongoDB, React, Python, Java, SQL, Git",98.0,98.0,96.1,67.6,Placed,Infosys,Support Engineer,7.94
STU20263648,Male,2027,IT,7.23,74.9,65.3,3,No,2,0,"DSA, JavaScript, Python",85.0,83.4,67.7,62.6,Not Placed,Not Placed,Not Placed,0.0
STU20263649,Male,2024,CSE,7.56,81.8,74.0,0,No,2,1,"React, MongoDB, DSA, C++, SQL, Git",75.8,69.1,55.7,42.9,Placed,Zoho,Data Analyst,6.89
STU20263650,Male,2025,Mechanical,7.0,77.1,68.0,2,No,3,2,"SQL, SolidWorks, C, Excel",69.1,66.4,77.1,68.5,Not Placed,Not Placed,Not Placed,0.0
STU20263651,Male,2027,IT,7.6,79.6,73.4,1,No,1,0,"Python, React, AWS, DSA, Node.js",98.0,81.0,70.3,61.6,Not Placed,Not Placed,Not Placed,0.0
STU20263652,Female,2025,CSE,9.14,87.7,68.4,0,Yes,5,2,"JavaScript, SQL, C++, React",98.0,95.9,96.5,76.3,Placed,Deloitte,Software Developer,8.79
STU20263653,Female,2024,IT,6.45,78.0,78.0,3,No,0,1,"Node.js, SQL, AWS, JavaScript, DSA",78.8,73.7,66.5,98.0,Not Placed,Not Placed,Not Placed,0.0
STU20263654,Male,2025,CSE,6.98,75.4,88.4,3,No,3,2,"React, SQL, Node.js",74.9,98.0,67.0,71.1,Not Placed,Not Placed,Not Placed,0.0
STU20263655,Male,2025,IT,6.74,60.2,80.4,2,No,1,1,"Node.js, DSA, AWS",71.9,84.4,68.2,74.6,Placed,TCS,Data Analyst,4.49
STU20263656,Male,2024,CSE,9.19,84.6,,0,No,3,0,"JavaScript, C++, SQL",73.8,86.6,80.8,59.6,Placed,Capgemini,QA Engineer,7.9
STU20263657,Male,2027,CSE,7.48,70.3,79.6,1,Yes,4,1,"MongoDB, DSA, Python, Java",91.5,76.0,44.2,75.1,Placed,Infosys,Backend Developer,6.2
STU20263658,Male,2026,IT,7.62,76.4,77.4,1,No,3,1,"Java, Python, Node.js, Git",76.1,89.0,59.9,67.6,Placed,Zoho,Support Engineer,4.69
STU20263659,Male,2026,Mechanical,6.18,76.0,72.3,3,No,2,0,"MATLAB, SolidWorks, SQL, C, CATIA",58.6,76.5,79.1,59.1,Not Placed,Not Placed,Not Placed,0.0
STU20263660,Male,2024,CSE,7.78,86.8,69.6,0,No,3,1,"Git, Java, DSA, Python, Node.js",71.1,81.2,62.6,58.1,Placed,Deloitte,Software Developer,6.69
STU20263661,Male,2026,CSE,8.74,92.7,83.4,0,Yes,2,1,"DSA, Python, Git, Java",98.0,59.3,74.6,78.7,Placed,Capgemini,Backend Developer,8.52
STU20263662,Male,2026,Civil,7.72,70.9,80.3,0,Yes,1,2,"STAAD Pro, GIS, AutoCAD, SQL",72.5,72.5,67.9,64.9,Placed,L&T,Civil Engineer,6.29
STU20263663,Female,2027,Mechanical,7.46,67.4,71.9,0,No,2,1,"C, Python, C++, SolidWorks, SQL",81.7,88.8,60.9,57.7,Placed,Tata Motors,Design Engineer,4.07
STU20263664,Female,2025,EEE,6.32,76.1,75.7,2,Yes,2,0,"IoT, Python, AutoCAD",57.3,59.7,63.2,88.8,Not Placed,Not Placed,Not Placed,0.0
STU20263665,Male,2027,CSE,7.72,79.0,71.0,1,No,2,0,"SQL, Java, DSA, Python, JavaScript",76.3,85.4,57.6,87.4,Placed,Accenture,Backend Developer,5.8
STU20263666,Male,2025,IT,8.02,69.6,72.2,1,No,3,2,"MongoDB, DSA, Java, Git",66.2,91.0,52.8,57.8,Placed,HCLTech,Data Analyst,6.96
STU20263667,Male,2026,CSE,7.16,75.8,79.8,1,No,3,1,"JavaScript, C++, Python",82.8,70.4,71.3,81.7,Placed,Tech Mahindra,Software Developer,6.91
STU20263668,Female,2027,CSE,8.56,83.6,81.1,1,Yes,2,2,"DSA, MongoDB, JavaScript, C++, Git",71.9,96.8,95.2,53.3,Placed,Accenture,QA Engineer,7.98
STU20263669,Male,2026,IT,8.65,71.0,76.7,1,Yes,4,3,"DSA, SQL, Node.js, Git, React",97.8,92.5,84.3,61.6,Placed,Wipro,Software Developer,7.56
STU20263670,Female,2026,ECE,7.3,69.3,72.3,3,No,0,0,"C++, Java, SQL",50.0,73.0,79.2,54.4,Not Placed,Not Placed,Not Placed,0.0
STU20263671,Male,2027,IT,8.52,74.8,79.2,0,Yes,2,4,"Git, JavaScript, SQL, Python, Java, React",75.0,80.1,87.8,67.0,Placed,Zoho,Full Stack Developer,6.34
STU20263672,Male,2027,ECE,7.66,75.7,62.8,3,No,1,1,"MATLAB, IoT, Git",89.9,92.8,73.3,69.0,Not Placed,Not Placed,Not Placed,0.0
STU20263673,Female,2024,IT,8.88,85.1,73.7,1,No,3,3,"DSA, Git, JavaScript, Python, Java, React",98.0,81.0,75.8,53.9,Placed,Wipro,Support Engineer,6.66
STU20263674,Male,2024,IT,9.63,79.8,72.1,0,Yes,3,1,"MongoDB, Node.js, AWS",90.7,80.6,67.4,67.8,Placed,Wipro,QA Engineer,8.76
STU20263675,Male,2026,Mechanical,6.62,74.9,73.0,1,Yes,2,2,"C, MATLAB, SolidWorks, Python",68.4,79.5,76.7,61.6,Placed,Maruti Suzuki,Production Engineer,3.05
STU20263676,Female,2027,Mechanical,8.2,94.2,84.8,1,No,2,1,"Excel, C, AutoCAD",82.4,74.2,76.4,71.8,Not Placed,Not Placed,Not Placed,0.0
STU20263677,Female,2026,IT,9.01,73.8,82.7,0,Yes,4,2,"Node.js, Python, React, Java, JavaScript",98.0,98.0,67.1,74.4,Placed,Cognizant,Support Engineer,8.68
STU20263678,Male,2025,ECE,6.92,70.7,70.1,6,No,2,4,"SQL, Arduino, Python, Embedded C, C++",71.4,73.7,63.6,85.6,Not Placed,Not Placed,Not Placed,0.0
STU20263679,Female,2026,CSE,7.51,81.5,70.3,1,No,1,0,"Python, DSA, JavaScript, SQL",75.1,85.0,55.4,48.0,Placed,Deloitte,Backend Developer,7.37
STU20263680,Female,2024,CSE,7.5,83.7,70.0,1,No,3,0,"Node.js, Git, Java, Python",67.4,96.4,76.8,82.6,Placed,Wipro,Software Developer,6.12
STU20263681,Male,2024,EEE,7.54,79.8,89.4,1,Yes,2,0,"Python, IoT, C, SQL, Java",69.6,85.9,90.2,86.6,Placed,TCS,Embedded Engineer,7.02
STU20263682,Male,2024,CSE,7.7,89.9,76.3,2,Yes,3,2,"MongoDB, Node.js, Python, C++, SQL",86.3,77.4,56.1,66.5,Placed,Cognizant,Backend Developer,5.2
STU20263683,Female,2024,IT,7.73,79.5,77.3,0,No,2,2,"AWS, React, JavaScript, DSA",89.4,87.1,84.5,64.5,Placed,Capgemini,Full Stack Developer,6.58
STU20263684,Female,2026,ECE,8.46,65.3,63.1,1,Yes,4,3,"C++, Git, Python",90.9,98.0,89.6,76.9,Placed,Infosys,QA Engineer,6.37
STU20263685,Male,2025,CSE,6.39,74.7,64.0,3,No,2,1,"JavaScript, React, Git",81.9,60.0,50.4,81.0,Placed,TCS,QA Engineer,5.91
STU20263686,Male,2024,CSE,7.17,71.9,74.0,3,No,1,1,"SQL, Java, DSA, React",61.3,88.3,41.8,44.3,Placed,Wipro,Software Developer,4.66
STU20263687,Female,2026,IT,8.47,88.9,74.4,0,No,2,1,"JavaScript, SQL, Java",69.2,90.3,74.7,63.4,Placed,Accenture,Full Stack Developer,6.76
STU20263688,Male,2025,Civil,7.97,84.7,77.5,1,Yes,6,2,"Revit, Excel, MATLAB, Python, STAAD Pro, SQL",98.0,98.0,69.6,78.2,Placed,Afcons Infrastructure,Graduate Engineer Trainee,7.06
STU20263689,Male,2025,ECE,6.85,64.0,74.3,1,No,0,3,"Python, SQL, Java, MATLAB, C, C++",63.5,82.5,64.5,69.8,Not Placed,Not Placed,Not Placed,0.0
STU20263690,Female,2025,IT,8.38,88.4,81.8,2,No,2,3,"AWS, Java, SQL",67.8,90.4,88.2,69.3,Placed,Infosys,Data Analyst,7.28
STU20263691,Male,2024,CSE,9.13,87.4,66.6,0,Yes,3,0,"React, Java, MongoDB, DSA, SQL, Python",90.6,95.0,71.9,53.4,Placed,Zoho,Web Developer,7.95
STU20263692,Male,2026,ECE,7.71,75.0,68.1,1,No,1,2,"Java, MATLAB, Python, C, C++",77.1,69.7,98.0,63.0,Placed,Wipro,Embedded Engineer,4.95
STU20263693,Male,2024,CSE,7.14,75.3,73.6,3,No,1,1,"DSA, Python, React, C++, MongoDB",70.9,69.0,48.6,64.3,Placed,Wipro,Web Developer,4.08
STU20263694,Male,2024,ECE,8.49,89.0,73.4,1,No,2,1,"Arduino, IoT, Java, Git, MATLAB",98.0,86.1,62.7,58.3,Placed,Bosch,Embedded Engineer,4.38
STU20263695,Female,2024,EEE,9.11,67.0,77.4,0,No,3,2,"Embedded C, C, C++, Java, SQL",98.0,86.8,65.1,82.3,Placed,HCLTech,Graduate Engineer Trainee,6.98
STU20263696,Male,2025,IT,7.15,79.0,75.1,0,No,0,2,"MongoDB, DSA, Node.js",82.3,71.6,66.2,64.5,Placed,Infosys,Full Stack Developer,4.53
STU20263697,Male,2024,IT,7.93,85.5,71.2,1,No,2,0,"JavaScript, Java, MongoDB, React",84.8,98.0,90.2,58.7,Not Placed,Not Placed,Not Placed,0.0
STU20263698,Male,2025,CSE,8.93,79.7,80.5,0,Yes,3,1,"React, Git, C++, MongoDB",98.0,98.0,61.2,96.5,Placed,Infosys,Web Developer,5.55
STU20263699,Male,2025,CSE,8.1,82.8,80.7,2,No,1,2,"C++, MongoDB, Python, SQL",79.9,58.6,60.7,74.4,Placed,Accenture,Web Developer,6.26
STU20263700,Male,2024,IT,6.41,74.7,72.8,3,Yes,3,1,"SQL, React, Python, DSA, Java",72.2,77.0,57.4,74.9,Placed,Cognizant,QA Engineer,4.38
STU20263701,Male,2027,Mechanical,7.93,72.3,81.5,1,No,2,4,"Python, AutoCAD, SolidWorks, SQL, Excel",72.6,76.7,70.6,67.4,Not Placed,Not Placed,Not Placed,0.0
STU20263702,Male,2025,CSE,7.17,70.3,59.1,1,Yes,1,2,"Git, Java, Node.js, Python",64.0,90.9,70.8,64.9,Placed,Infosys,QA Engineer,5.4
STU20263703,Male,2024,ECE,6.67,79.7,68.9,1,Yes,3,2,"Arduino, C, C++, SQL, Embedded C, MATLAB",87.0,82.1,61.6,62.9,Not Placed,Not Placed,Not Placed,0.0
STU20263704,Male,2026,EEE,6.18,69.0,77.9,1,No,2,3,,52.9,92.6,48.0,54.9,Not Placed,Not Placed,Not Placed,0.0
STU20263705,Male,2024,CSE,9.01,69.9,73.3,0,Yes,4,4,"Git, MongoDB, JavaScript, SQL",82.9,88.4,74.8,69.0,Placed,Infosys,Backend Developer,8.98
STU20263706,Male,2027,CSE,7.29,77.1,67.7,2,Yes,2,3,"Git, Python, DSA, MongoDB, C++",72.2,73.9,87.8,54.8,Placed,Cognizant,Software Developer,6.19
STU20263707,Male,2024,IT,8.18,74.9,76.2,1,No,2,1,"Git, MongoDB, AWS, DSA, Python",64.0,81.7,84.6,79.8,Placed,Infosys,Full Stack Developer,6.4
STU20263708,Male,2025,EEE,8.14,70.0,76.9,0,No,2,2,"MATLAB, C, Java",76.0,79.7,66.6,60.9,Not Placed,Not Placed,Not Placed,0.0
STU20263709,Male,2027,IT,8.04,78.6,73.0,0,No,2,1,"Python, JavaScript, Node.js, Git, SQL, AWS",81.3,82.3,73.1,79.3,Placed,Cognizant,Full Stack Developer,5.93
STU20263710,Male,2024,EEE,7.9,83.1,89.2,1,No,3,3,"MATLAB, Java, C++",94.3,98.0,78.1,59.0,Placed,HCLTech,Embedded Engineer,6.35
STU20263711,Female,2024,Mechanical,7.87,77.8,78.3,2,No,2,4,"C, C++, AutoCAD, SQL, SolidWorks, ANSYS",73.3,93.0,83.0,73.6,Not Placed,Not Placed,Not Placed,0.0
STU20263712,Male,2026,EEE,7.77,70.0,69.7,3,No,2,1,"Python, MATLAB, SQL, Java, C++, IoT",80.1,78.9,91.0,52.1,Placed,Siemens,Embedded Engineer,5.67
STU20263713,Female,2027,Civil,6.85,78.5,63.4,1,Yes,2,1,,56.3,77.8,70.9,65.3,Not Placed,Not Placed,Not Placed,0.0
STU20263714,Female,2025,EEE,6.93,82.6,76.6,0,Yes,3,1,"AutoCAD, Embedded C, C++, Arduino, MATLAB, C",62.6,63.3,52.5,66.7,Placed,Siemens,Software Developer,5.0
STU20263715,Male,2026,Mechanical,7.46,92.1,68.7,2,Yes,3,0,"AutoCAD, C, SQL, ANSYS",57.0,60.3,49.9,76.0,Placed,Bosch,Graduate Engineer Trainee,5.26
STU20263716,Male,2024,Mechanical,7.44,86.7,90.2,0,No,0,3,"MATLAB, C, CATIA, C++, Excel, SolidWorks",83.9,93.3,77.6,53.9,Placed,Tata Motors,Mechanical Engineer,3.59
STU20263717,Male,2026,EEE,8.01,71.0,79.6,0,Yes,1,3,"IoT, Arduino, Java",73.6,77.9,53.2,90.4,Placed,Wipro,Graduate Engineer Trainee,4.76
STU20263718,Male,2025,Mechanical,8.49,85.2,81.8,1,No,2,1,"C++, C, ANSYS",85.1,98.0,84.6,68.7,Placed,Tata Motors,Production Engineer,7.46
STU20263719,Male,2026,Civil,7.79,79.3,77.8,2,No,3,2,"Excel, GIS, Python, MATLAB, AutoCAD, STAAD Pro",87.7,82.4,63.4,68.2,Not Placed,Not Placed,Not Placed,0.0
STU20263720,Male,2024,IT,7.21,68.0,82.3,1,No,3,1,"Python, Java, DSA, Git",88.3,81.9,53.0,51.5,Not Placed,Not Placed,Not Placed,0.0
STU20263721,Female,2026,ECE,5.9,74.7,54.2,1,No,2,1,"Java, IoT, C, MATLAB, SQL",93.6,80.8,70.3,72.6,Not Placed,Not Placed,Not Placed,0.0
STU20263722,Male,2025,ECE,7.1,89.2,65.7,1,Yes,2,0,"MATLAB, Git, Python",75.0,86.0,55.1,86.1,Placed,HCLTech,Software Developer,5.88
STU20263723,Female,2026,Mechanical,6.41,82.4,79.5,5,No,3,1,"SolidWorks, Excel, CATIA, Python, AutoCAD",66.0,71.4,71.8,57.8,Not Placed,Not Placed,Not Placed,0.0
STU20263724,Female,2026,IT,7.28,69.1,85.2,2,No,1,0,"MongoDB, Java, React, JavaScript",82.3,76.6,71.5,61.7,Not Placed,Not Placed,Not Placed,0.0
STU20263725,Male,2027,Mechanical,7.76,77.5,67.3,2,No,2,0,"SolidWorks, Python, C, AutoCAD, MATLAB",98.0,79.6,46.3,65.8,Not Placed,Not Placed,Not Placed,0.0
STU20263726,Female,2027,Mechanical,7.62,80.5,62.8,1,Yes,1,2,"Python, ANSYS, C++",69.1,85.4,88.9,69.1,Not Placed,Not Placed,Not Placed,0.0
STU20263727,Female,2025,Civil,9.08,68.6,80.7,0,No,3,0,"Python, C, Excel, Revit, AutoCAD, STAAD Pro",78.4,89.8,93.1,57.5,Placed,Adani,Civil Engineer,5.03
STU20263728,Male,2026,CSE,8.41,67.2,81.1,1,Yes,2,3,"Node.js, SQL, Git, C++, DSA",51.4,81.7,86.0,77.7,Placed,Deloitte,Data Analyst,7.18
STU20263729,Male,2024,EEE,9.27,82.3,81.1,0,Yes,5,2,"AutoCAD, IoT, Java",69.0,97.3,89.7,87.1,Placed,Wipro,Software Developer,7.96
STU20263730,Male,2027,EEE,8.26,79.8,76.9,1,Yes,4,2,"AutoCAD, C, MATLAB, C++, Embedded C, IoT",98.0,74.7,63.6,72.1,Placed,Schneider Electric,Electrical Engineer,4.91
STU20263731,Male,2026,Civil,8.42,66.2,64.8,0,No,3,0,"Python, GIS, C, SQL, STAAD Pro",82.5,84.6,88.7,58.1,Placed,Afcons Infrastructure,Graduate Engineer Trainee,6.51
STU20263732,Male,2025,Civil,7.19,78.7,71.8,1,No,2,2,,62.3,82.1,78.6,55.6,Not Placed,Not Placed,Not Placed,0.0
STU20263733,Male,2025,ECE,6.84,82.7,71.9,0,No,1,1,"SQL, Git, IoT, C++, Java, Embedded C",71.7,65.9,40.2,98.0,Not Placed,Not Placed,Not Placed,0.0
STU20263734,Male,2026,ECE,7.37,74.9,71.1,3,No,0,0,"MATLAB, Git, Arduino",98.0,72.0,56.9,63.7,Not Placed,Not Placed,Not Placed,0.0
STU20263735,Female,2027,CSE,7.99,78.4,63.1,1,Yes,2,5,"Java, Git, JavaScript, SQL, MongoDB, Node.js",80.0,85.8,62.1,79.0,Placed,Zoho,Software Developer,7.38
STU20263736,Male,2027,Civil,6.97,79.4,77.9,0,Yes,3,4,"Primavera, Python, AutoCAD, Revit, C",98.0,80.4,87.1,53.0,Not Placed,Not Placed,Not Placed,0.0
STU20263737,Male,2026,CSE,7.15,78.9,80.4,2,No,2,2,"DSA, MongoDB, Node.js",64.5,88.3,56.0,59.9,Placed,Deloitte,Data Analyst,6.99
STU20263738,Male,2025,EEE,8.0,66.3,71.0,0,Yes,2,4,"SQL, IoT, Java, C",97.5,93.6,64.4,85.9,Placed,L&T Technology Services,Electrical Engineer,7.3
STU20263739,Female,2027,Mechanical,6.7,68.4,71.8,2,No,2,1,"ANSYS, Python, Excel",66.8,86.1,50.1,58.4,Not Placed,Not Placed,Not Placed,0.0
STU20263740,Male,2026,IT,6.6,71.7,69.3,2,No,1,1,"SQL, AWS, React, Node.js",61.3,95.3,60.2,59.1,Placed,Zoho,Data Analyst,3.05
STU20263741,Male,2026,CSE,7.05,69.6,70.6,0,No,1,0,"Python, MongoDB, C++",61.5,85.7,81.6,73.3,Placed,Tech Mahindra,Data Analyst,3.78
STU20263742,Male,2026,CSE,7.8,87.8,79.5,2,No,3,1,"DSA, JavaScript, Java, React",77.6,68.1,52.7,61.1,Placed,TCS,Data Analyst,6.39
STU20263743,Male,2026,Mechanical,6.71,79.2,76.7,1,No,1,3,"C++, Excel, CATIA, SQL",82.8,72.5,73.0,75.5,Not Placed,Not Placed,Not Placed,0.0
STU20263744,Female,2026,ECE,7.56,69.1,82.9,2,Yes,3,0,"C++, Python, SQL, Git, C",74.5,93.7,58.8,65.0,Not Placed,Not Placed,Not Placed,0.0
STU20263745,Male,2026,CSE,8.51,77.8,85.4,1,No,1,0,"JavaScript, MongoDB, Node.js, React, SQL, DSA",92.9,78.1,98.0,67.8,Placed,Tech Mahindra,Data Analyst,4.85
STU20263746,Male,2027,EEE,8.14,86.3,75.8,0,Yes,2,1,"AutoCAD, C, Python",72.1,79.1,74.1,80.8,Placed,Schneider Electric,Embedded Engineer,5.34
STU20263747,Female,2027,CSE,7.44,72.1,95.0,0,No,2,3,"MongoDB, DSA, Git, Python, JavaScript",76.2,87.5,68.7,63.5,Placed,Tech Mahindra,Web Developer,5.21
STU20263748,Female,2025,Mechanical,6.44,80.1,83.2,0,No,2,0,"CATIA, ANSYS, MATLAB",65.8,70.4,58.2,53.9,Not Placed,Not Placed,Not Placed,0.0
STU20263749,Female,2024,IT,7.41,86.2,70.4,3,Yes,2,2,"Git, SQL, Java, React, MongoDB",98.0,98.0,72.4,67.7,Placed,Infosys,Software Developer,6.13
STU20263750,Male,2026,CSE,8.56,87.9,79.0,0,Yes,3,0,"React, DSA, JavaScript, Node.js, C++, MongoDB",91.5,83.7,55.1,61.1,Placed,TCS,Software Developer,7.24
STU20273751,Female,2026,CSE,8.76,81.2,64.8,0,No,3,4,"Java, C++, SQL, DSA, Git, React",89.7,98.0,76.3,63.0,Placed,Wipro,Web Developer,8.0
STU20273752,Male,2026,ECE,8.05,86.9,76.9,1,No,1,0,"MATLAB, Git, IoT, Python",74.4,74.1,64.6,69.1,Placed,Wipro,QA Engineer,6.62
STU20273753,Female,2027,IT,8.92,76.6,90.8,0,No,2,2,"MongoDB, AWS, SQL, Git",77.6,83.0,67.5,69.1,Placed,Capgemini,Full Stack Developer,6.29
STU20273754,Female,2024,EEE,9.12,98.0,98.0,1,Yes,4,5,"IoT, C, Arduino, C++",78.5,91.2,98.0,83.8,Placed,Wipro,Software Developer,6.92
STU20273755,Male,2025,IT,7.49,78.4,74.4,0,No,2,2,"Git, Python, DSA, SQL, Node.js",93.3,74.6,88.2,59.6,Not Placed,Not Placed,Not Placed,0.0
STU20273756,Male,2027,IT,9.16,88.9,82.1,0,No,3,0,"Git, AWS, MongoDB, Python, SQL, Node.js",68.9,95.5,95.6,68.7,Placed,Wipro,Full Stack Developer,7.09
STU20273757,Male,2027,CSE,7.78,74.9,80.2,1,No,2,0,"Python, Java, Node.js, Git, MongoDB, JavaScript",74.6,66.5,82.2,85.4,Placed,Capgemini,Data Analyst,6.32
STU20273758,Male,2025,CSE,8.87,83.7,92.8,1,Yes,2,1,,94.9,77.3,80.8,76.9,Placed,Zoho,Backend Developer,6.77
STU20273759,Male,2024,Civil,8.1,82.1,70.0,1,No,3,1,"GIS, Excel, MATLAB",62.9,90.2,91.5,80.3,Not Placed,Not Placed,Not Placed,0.0
STU20273760,Male,2025,CSE,6.32,67.3,90.7,2,Yes,2,1,"Java, React, C++, SQL, DSA, JavaScript",73.7,52.9,69.5,72.3,Placed,Zoho,Web Developer,6.33
STU20273761,Male,2025,Civil,6.68,68.0,70.8,0,No,2,1,"AutoCAD, C, GIS, Excel",63.0,61.7,74.8,78.6,Placed,Tata Projects,Civil Engineer,4.39
STU20273762,Male,2026,IT,6.86,73.7,65.3,0,Yes,1,1,"React, Java, AWS",72.1,75.3,85.5,70.8,Placed,Infosys,Software Developer,4.61
STU20273763,Male,2025,CSE,6.49,82.0,70.3,1,No,2,0,"Java, SQL, Git, Node.js, JavaScript, React",70.4,77.5,76.6,52.1,Placed,Wipro,Software Developer,3.87
STU20273764,Male,2025,CSE,8.75,67.1,73.0,0,No,2,2,"SQL, Git, DSA, Node.js",56.7,85.4,80.8,76.7,Placed,Wipro,QA Engineer,8.54
STU20273765,Male,2026,CSE,9.76,79.9,84.3,0,Yes,4,3,"Git, Java, DSA",98.0,98.0,89.4,77.4,Placed,Wipro,Backend Developer,9.54
STU20273766,Male,2026,Mechanical,7.33,85.5,63.2,3,Yes,5,0,"SolidWorks, ANSYS, Excel",72.3,73.5,70.8,73.5,Not Placed,Not Placed,Not Placed,0.0
STU20273767,Female,2026,ECE,8.48,70.6,78.9,0,Yes,4,2,"Git, C++, C, IoT",80.8,98.0,80.5,61.6,Placed,L&T Technology Services,Network Engineer,5.16
STU20273768,Female,2025,IT,9.16,89.7,84.4,0,No,2,2,"DSA, Java, MongoDB, SQL",86.4,98.0,84.5,87.7,Placed,Deloitte,Software Developer,9.26
STU20273769,Male,2025,EEE,7.83,69.7,86.5,2,Yes,2,0,"C++, Python, MATLAB, Arduino, IoT, Embedded C",83.7,72.0,55.3,82.5,Placed,L&T Technology Services,Software Developer,6.52
STU20273770,Male,2025,ECE,7.73,70.9,80.6,2,Yes,2,1,"Python, Java, C",84.0,79.8,61.3,65.4,Not Placed,Not Placed,Not Placed,0.0
STU20273771,Male,2027,Civil,7.29,75.2,84.6,1,No,2,2,"Primavera, GIS, Python, STAAD Pro",85.9,61.8,78.6,86.1,Not Placed,Not Placed,Not Placed,0.0
STU20273772,Female,2025,Civil,7.96,91.0,72.3,0,No,1,2,"Revit, SQL, MATLAB, Primavera",47.7,92.6,73.6,85.4,Not Placed,Not Placed,Not Placed,0.0
STU20273773,Male,2026,EEE,8.39,74.5,80.4,2,No,3,1,"IoT, Python, MATLAB, Java, C++",90.2,73.7,73.3,66.6,Placed,HCLTech,Graduate Engineer Trainee,6.44
STU20273774,Female,2026,Mechanical,7.94,65.7,60.8,0,Yes,1,0,"Python, MATLAB, AutoCAD",77.3,73.8,75.6,62.7,Placed,Maruti Suzuki,Mechanical Engineer,4.44
STU20273775,Male,2027,Mechanical,7.91,68.0,75.6,0,No,1,0,"SolidWorks, MATLAB, Python, C, SQL, ANSYS",70.4,76.1,45.9,74.7,Placed,Maruti Suzuki,Graduate Engineer Trainee,5.26
STU20273776,Male,2025,ECE,7.71,83.8,78.5,4,No,4,2,"Git, C++, SQL",86.7,72.8,68.6,66.7,Not Placed,Not Placed,Not Placed,0.0
STU20273777,Male,2025,EEE,6.3,64.3,75.4,5,No,1,0,"AutoCAD, Embedded C, Python, Java",80.0,62.7,63.1,98.0,Not Placed,Not Placed,Not Placed,0.0
STU20273778,Female,2027,CSE,8.76,88.2,67.6,0,No,4,2,"DSA, Node.js, C++, Java",78.3,95.5,77.4,56.6,Placed,Accenture,Web Developer,6.3
STU20273779,Female,2024,EEE,6.56,74.9,70.0,1,Yes,1,2,"IoT, AutoCAD, Arduino, MATLAB, C++, Java",87.1,71.3,77.4,91.8,Not Placed,Not Placed,Not Placed,0.0
STU20273780,Male,2026,Civil,8.03,77.8,74.9,0,No,0,4,"AutoCAD, C, SQL, Excel, Primavera",88.9,94.9,67.4,64.1,Not Placed,Not Placed,Not Placed,0.0
STU20273781,Male,2025,CSE,8.64,81.7,75.3,0,Yes,2,3,"Git, JavaScript, Java, SQL",87.6,97.6,92.0,70.2,Placed,Accenture,Software Developer,6.94
STU20273782,Male,2027,Mechanical,6.58,68.8,77.8,0,Yes,4,2,"AutoCAD, ANSYS, CATIA, C++, SolidWorks",63.2,72.4,53.7,62.9,Placed,Mahindra,Mechanical Engineer,6.1
STU20273783,Female,2026,Civil,6.98,76.4,72.3,1,No,0,3,"Excel, SQL, STAAD Pro, Primavera, Python",95.8,74.4,76.9,70.4,Not Placed,Not Placed,Not Placed,0.0
STU20273784,Male,2024,CSE,9.8,74.1,82.2,0,No,5,1,"React, DSA, C++, Python, Node.js",98.0,92.0,72.5,58.5,Placed,Deloitte,Software Developer,8.92
STU20273785,Female,2027,ECE,7.68,86.6,72.3,0,No,2,0,"Embedded C, C++, Git, IoT, Python, Java",80.2,75.4,85.9,66.2,Placed,L&T Technology Services,QA Engineer,6.04
STU20273786,Male,2026,Civil,6.46,67.0,79.9,2,No,2,0,"STAAD Pro, C, Revit, MATLAB, Excel",73.7,88.0,68.7,53.8,Not Placed,Not Placed,Not Placed,0.0
STU20273787,Male,2026,Civil,8.18,81.5,85.1,0,No,2,1,"SQL, C, Primavera",87.5,85.8,57.0,45.0,Placed,JLL,Design Engineer,4.06
STU20273788,Male,2025,CSE,7.34,69.1,72.7,2,Yes,2,3,"React, Node.js, JavaScript",87.8,67.1,70.7,70.3,Placed,Tech Mahindra,Software Developer,5.74
STU20273789,Male,2024,IT,6.27,69.9,91.9,1,No,2,0,"Git, AWS, Node.js, Python, DSA",71.0,65.8,70.3,84.6,Not Placed,Not Placed,Not Placed,0.0
STU20273790,Female,2026,EEE,8.09,75.6,71.5,0,No,3,0,"AutoCAD, Arduino, C++, MATLAB",68.0,78.3,75.3,71.9,Not Placed,Not Placed,Not Placed,0.0
STU20273791,Female,2025,CSE,7.22,96.9,81.5,1,No,2,1,"SQL, DSA, JavaScript, React, Node.js",88.5,83.3,73.2,66.9,Placed,Tech Mahindra,Web Developer,6.29
STU20273792,Female,2027,IT,8.17,78.3,70.4,1,Yes,4,0,"AWS, SQL, React, Python, MongoDB, Git",76.1,98.0,69.8,98.0,Placed,Wipro,Support Engineer,7.96
STU20273793,Male,2025,CSE,7.31,70.5,80.1,0,No,1,0,"JavaScript, Node.js, MongoDB, DSA",62.0,83.9,62.0,41.1,Not Placed,Not Placed,Not Placed,0.0
STU20273794,Female,2026,CSE,8.6,76.4,83.1,0,Yes,5,2,"JavaScript, Node.js, SQL, MongoDB, React, C++",89.7,91.5,53.0,76.3,Placed,Zoho,QA Engineer,8.35
STU20273795,Male,2025,ECE,7.91,67.2,69.3,1,No,2,0,"SQL, Embedded C, Java, Git",74.1,72.0,79.2,58.4,Placed,L&T Technology Services,QA Engineer,5.88
STU20273796,Male,2026,ECE,5.55,70.7,69.1,6,No,3,0,"Arduino, Embedded C, IoT, Python, Git",74.8,84.5,68.8,69.4,Not Placed,Not Placed,Not Placed,0.0
STU20273797,Male,2024,ECE,8.07,91.1,89.9,0,No,1,1,"C, Python, MATLAB, Java",84.7,78.9,97.1,59.5,Not Placed,Not Placed,Not Placed,0.0
STU20273798,Male,2025,EEE,7.4,78.9,69.3,3,No,2,0,"C, MATLAB, SQL, Python, Embedded C",71.4,63.8,69.1,60.8,Not Placed,Not Placed,Not Placed,0.0
STU20273799,Male,2024,IT,9.1,87.1,82.4,1,Yes,4,0,"AWS, Python, DSA",92.0,93.1,80.0,76.2,Placed,Wipro,QA Engineer,8.26
STU20273800,Male,2026,CSE,8.34,72.5,79.9,2,Yes,3,1,"MongoDB, Node.js, React",78.4,73.8,75.3,70.7,Placed,Wipro,Data Analyst,7.15
STU20273801,Male,2025,CSE,8.64,78.2,78.0,0,No,3,3,"JavaScript, React, SQL, C++, Java, MongoDB",94.9,98.0,85.8,60.1,Placed,Cognizant,Backend Developer,6.96
STU20273802,Male,2027,CSE,7.4,77.9,62.9,1,Yes,2,2,"Java, MongoDB, React, C++, Node.js",82.9,78.1,62.9,56.8,Placed,Infosys,Web Developer,6.54
STU20273803,Male,2024,IT,7.23,71.0,80.3,2,No,1,0,"Python, MongoDB, Git, SQL, JavaScript",82.3,72.6,70.9,78.0,Not Placed,Not Placed,Not Placed,0.0
STU20273804,Male,2026,CSE,7.98,80.8,76.6,1,No,1,3,"Python, C++, React, JavaScript, MongoDB, Git",74.0,57.9,72.3,66.0,Not Placed,Not Placed,Not Placed,0.0
STU20273805,Female,2026,CSE,7.69,81.5,83.5,2,No,2,1,"Git, JavaScript, SQL, MongoDB",81.5,92.2,80.4,54.1,Placed,TCS,QA Engineer,6.09
STU20273806,Male,2024,CSE,9.14,84.6,81.3,0,Yes,3,1,"SQL, Python, C++",94.3,78.4,98.0,52.5,Placed,TCS,Software Developer,8.81
STU20273807,Male,2024,EEE,7.52,75.7,75.8,2,No,2,1,"Arduino, IoT, C++, SQL, AutoCAD, Embedded C",86.6,73.4,74.4,72.2,Not Placed,Not Placed,Not Placed,0.0
STU20273808,Female,2025,ECE,6.71,82.4,75.7,1,No,2,0,"C, Python, Embedded C",81.5,76.5,48.1,65.1,Not Placed,Not Placed,Not Placed,0.0
STU20273809,Female,2026,Civil,6.8,73.2,66.4,0,No,1,0,"AutoCAD, STAAD Pro, SQL",70.0,72.0,52.0,70.9,Not Placed,Not Placed,Not Placed,0.0
STU20273810,Female,2027,Mechanical,8.37,76.5,88.5,1,Yes,1,2,"MATLAB, CATIA, SolidWorks, C++, Excel, C",65.6,98.0,87.2,98.0,Placed,Tata Motors,Graduate Engineer Trainee,6.17
STU20273811,Female,2024,ECE,7.61,87.1,72.9,6,Yes,2,2,"Embedded C, C, Python, Git",84.1,65.8,48.8,82.6,Not Placed,Not Placed,Not Placed,0.0
STU20273812,Female,2026,CSE,7.81,69.8,73.5,2,Yes,5,1,"SQL, React, JavaScript, DSA, Python, C++",92.0,82.7,75.4,72.4,Placed,Infosys,Software Developer,7.68
STU20273813,Male,2026,ECE,8.65,67.7,87.4,0,Yes,4,1,"SQL, Java, MATLAB, Arduino, IoT",75.1,97.1,65.1,52.7,Placed,Bosch,Software Developer,6.85
STU20273814,Female,2026,CSE,7.22,70.0,76.2,1,No,1,0,"DSA, Node.js, Git, Python",83.8,71.2,98.0,88.4,Placed,Zoho,Data Analyst,6.05
STU20273815,Female,2026,IT,6.0,75.7,69.5,2,Yes,2,0,"Python, JavaScript, SQL, AWS",71.9,71.0,48.2,73.8,Placed,Deloitte,Full Stack Developer,5.73
STU20273816,Male,2027,IT,7.18,84.9,77.3,0,No,2,0,"AWS, SQL, Node.js, Python, MongoDB, JavaScript",74.4,98.0,60.1,98.0,Placed,Zoho,QA Engineer,3.66
STU20273817,Female,2026,IT,8.11,73.7,81.3,1,Yes,3,4,"Git, MongoDB, Java",85.6,91.7,82.6,63.1,Placed,Accenture,Full Stack Developer,7.47
STU20273818,Female,2027,CSE,7.79,90.2,75.2,1,Yes,3,1,"DSA, SQL, Node.js",92.6,97.5,68.1,57.4,Not Placed,Not Placed,Not Placed,0.0
STU20273819,Female,2025,EEE,6.32,74.0,78.5,1,No,2,0,"SQL, Java, C++, Embedded C, AutoCAD, IoT",90.3,79.1,55.9,86.1,Not Placed,Not Placed,Not Placed,0.0
STU20273820,Female,2027,Mechanical,8.41,78.2,68.8,0,No,3,3,"C++, Excel, SQL, C, MATLAB, AutoCAD",83.9,97.9,61.1,71.9,Placed,L&T,Production Engineer,7.08
STU20273821,Male,2027,EEE,7.79,71.5,77.9,1,Yes,4,0,"Arduino, AutoCAD, Embedded C, C++, IoT, SQL",81.2,81.0,62.6,87.9,Placed,Wipro,Embedded Engineer,7.07
STU20273822,Male,2027,ECE,8.08,91.9,82.4,3,Yes,3,3,"C, SQL, Embedded C, MATLAB, Python, Arduino",90.2,72.6,60.5,58.3,Placed,Tech Mahindra,Software Developer,6.45
STU20273823,Male,2025,ECE,8.11,77.2,81.2,1,Yes,3,0,"SQL, IoT, Arduino",67.0,93.9,72.3,58.1,Not Placed,Not Placed,Not Placed,0.0
STU20273824,Female,2027,CSE,6.9,65.9,57.9,3,No,2,1,"React, JavaScript, DSA, Git, SQL",84.8,83.1,92.6,56.6,Not Placed,Not Placed,Not Placed,0.0
STU20273825,Female,2024,EEE,7.91,95.0,75.5,0,No,2,2,"Arduino, Java, C++",63.3,89.9,98.0,35.6,Placed,HCLTech,Embedded Engineer,7.15
STU20273826,Female,2026,ECE,8.52,82.1,69.5,0,No,1,1,"Arduino, Python, IoT, MATLAB, C++",63.6,82.6,98.0,62.7,Not Placed,Not Placed,Not Placed,0.0
STU20273827,Female,2025,CSE,8.97,86.0,88.2,0,No,3,1,"DSA, JavaScript, Python, SQL",98.0,82.9,74.2,46.5,Placed,Cognizant,QA Engineer,8.06
STU20273828,Female,2026,IT,8.51,91.0,75.2,1,No,4,2,"React, JavaScript, DSA",62.6,98.0,83.3,69.9,Placed,Infosys,Full Stack Developer,6.98
STU20273829,Male,2025,Civil,7.94,82.2,84.7,1,Yes,3,2,"GIS, SQL, C, Revit, Primavera, STAAD Pro",97.9,89.5,73.4,71.8,Placed,JLL,Civil Engineer,6.54
STU20273830,Female,2024,ECE,6.27,80.5,63.4,5,No,2,1,"Java, SQL, Git",90.1,56.1,54.4,58.2,Not Placed,Not Placed,Not Placed,0.0
STU20273831,Male,2025,IT,7.89,78.1,79.0,0,No,1,0,"React, SQL, MongoDB, JavaScript",81.0,78.4,48.1,75.1,Placed,Infosys,Support Engineer,5.72
STU20273832,Male,2024,ECE,6.94,80.5,73.8,1,No,1,0,"Git, IoT, SQL",79.5,71.2,44.9,70.9,Not Placed,Not Placed,Not Placed,0.0
STU20273833,Male,2025,IT,8.99,80.2,98.0,1,No,2,2,"AWS, Node.js, Python, SQL, Git",66.1,63.7,78.0,84.9,Placed,Capgemini,Software Developer,7.82
STU20273834,Male,2027,IT,8.86,80.0,87.2,0,Yes,3,2,"JavaScript, SQL, Java, Git, Node.js, AWS",80.9,83.3,57.7,95.2,Placed,Zoho,Software Developer,7.83
STU20273835,Male,2026,IT,7.09,76.6,81.9,2,No,3,0,"SQL, Node.js, AWS, Python, Java",82.3,98.0,58.0,70.6,Placed,Accenture,Software Developer,5.88
STU20273836,Male,2027,IT,7.86,74.9,90.4,1,No,2,3,"Git, MongoDB, Python, Java, AWS",83.3,62.7,76.2,74.2,Placed,Wipro,Full Stack Developer,6.34
STU20273837,Male,2027,EEE,7.86,81.2,78.2,0,No,2,0,"SQL, MATLAB, Java, IoT, Arduino, Embedded C",84.6,68.8,41.1,76.0,Not Placed,Not Placed,Not Placed,0.0
STU20273838,Female,2025,CSE,8.77,83.4,78.0,0,No,3,2,"C++, React, DSA",90.3,66.0,94.2,92.1,Placed,Accenture,Data Analyst,6.88
STU20273839,Male,2026,Mechanical,6.13,79.1,70.1,2,No,2,2,"AutoCAD, C, CATIA, ANSYS",70.9,59.8,65.2,52.1,Not Placed,Not Placed,Not Placed,0.0
STU20273840,Female,2026,IT,6.02,77.5,73.5,2,No,0,2,"React, Python, Java, JavaScript, MongoDB, Git",50.4,53.7,59.2,62.2,Not Placed,Not Placed,Not Placed,0.0
STU20273841,Male,2024,EEE,7.68,91.2,56.3,1,Yes,2,1,"Python, MATLAB, C, SQL, IoT, C++",82.6,69.6,62.4,56.4,Placed,Siemens,Electrical Engineer,5.08
STU20273842,Male,2026,ECE,5.6,79.4,70.1,2,No,0,0,"C, IoT, Arduino, Embedded C, Git",49.4,83.2,68.5,61.4,Not Placed,Not Placed,Not Placed,0.0
STU20273843,Male,2026,ECE,7.88,76.2,77.9,1,No,1,0,"Git, C, Python, MATLAB, Embedded C, C++",72.5,88.0,59.0,64.4,Not Placed,Not Placed,Not Placed,0.0
STU20273844,Male,2026,ECE,8.25,81.8,76.2,0,Yes,3,2,"SQL, Python, MATLAB, Git, C++",98.0,85.2,90.2,62.5,Placed,HCLTech,Software Developer,7.06
STU20273845,Female,2026,Civil,8.55,89.3,67.4,0,Yes,1,1,"Revit, Python, AutoCAD",61.5,98.0,85.5,78.0,Not Placed,Not Placed,Not Placed,0.0
STU20273846,Male,2024,ECE,7.22,69.4,73.4,3,Yes,2,2,"SQL, Embedded C, Git, C++, C, Python",74.6,76.3,59.5,79.0,Placed,TCS,Embedded Engineer,6.0
STU20273847,Female,2027,EEE,7.79,91.6,65.3,2,No,2,2,"Arduino, Embedded C, IoT, AutoCAD, Java, C",89.4,74.4,68.6,68.9,Not Placed,Not Placed,Not Placed,0.0
STU20273848,Male,2024,EEE,8.2,73.1,89.6,0,Yes,2,0,"C, Embedded C, C++, Arduino, AutoCAD, SQL",88.7,77.7,88.6,76.9,Placed,TCS,Embedded Engineer,7.21
STU20273849,Female,2027,CSE,7.0,81.8,72.1,3,No,1,2,"Node.js, JavaScript, Python, Java, C++",76.2,62.7,73.3,90.3,Placed,Infosys,Data Analyst,5.64
STU20273850,Female,2025,IT,8.68,79.7,64.0,0,No,3,2,"JavaScript, Git, Java, AWS, React, SQL",77.8,71.0,71.8,73.3,Placed,TCS,Full Stack Developer,7.55
STU20273851,Male,2026,IT,8.13,78.0,75.5,2,No,2,2,"Git, Node.js, SQL, AWS",96.4,92.2,62.8,53.0,Placed,Cognizant,QA Engineer,5.08
STU20273852,Male,2026,CSE,7.49,67.6,81.5,2,Yes,1,2,"Node.js, DSA, Git, C++",60.3,84.3,68.5,63.5,Placed,Infosys,Backend Developer,5.35
STU20273853,Male,2025,IT,8.02,84.4,77.9,2,Yes,3,2,"Git, SQL, MongoDB, Node.js, Java, AWS",90.9,73.7,66.7,62.6,Placed,Infosys,Support Engineer,4.83
STU20273854,Male,2025,IT,7.78,68.4,69.6,3,No,3,0,"AWS, SQL, Node.js, DSA, JavaScript, Python",83.2,86.1,75.1,86.0,Not Placed,Not Placed,Not Placed,0.0
STU20273855,Male,2024,ECE,8.41,68.9,73.0,1,No,2,0,"Embedded C, MATLAB, Git, C, C++, IoT",72.6,88.1,69.6,62.9,Placed,Tech Mahindra,QA Engineer,5.74
STU20273856,Male,2026,CSE,7.69,85.3,73.8,0,Yes,4,0,"Python, Java, C++, Git, JavaScript, MongoDB",78.8,76.4,58.2,60.6,Placed,Capgemini,Backend Developer,7.46
STU20273857,Female,2027,Mechanical,7.74,89.9,72.8,2,No,3,0,"SQL, Python, Excel, ANSYS, C",98.0,71.7,85.2,55.3,Not Placed,Not Placed,Not Placed,0.0
STU20273858,Female,2025,IT,7.37,71.8,66.1,1,Yes,3,2,"SQL, Git, Python, AWS, Node.js, MongoDB",65.4,91.3,76.5,66.1,Placed,Cognizant,QA Engineer,5.81
STU20273859,Male,2026,EEE,6.85,82.1,73.0,2,Yes,3,1,"AutoCAD, Embedded C, Python, SQL, Arduino",55.6,83.2,54.4,65.6,Placed,Schneider Electric,Embedded Engineer,5.91
STU20273860,Male,2027,CSE,8.15,84.0,67.7,0,No,1,0,"JavaScript, Python, SQL, C++, Git, Java",70.6,97.7,64.9,59.8,Placed,Cognizant,Web Developer,6.25
STU20273861,Male,2025,IT,7.14,75.2,80.9,1,No,1,2,"Node.js, SQL, React, Java, Python, DSA",78.2,83.6,77.8,79.5,Placed,Deloitte,QA Engineer,5.06
STU20273862,Male,2027,CSE,8.68,89.1,85.9,0,No,3,4,"DSA, Java, Node.js, Git, C++",98.0,76.2,63.8,65.5,Placed,TCS,Software Developer,7.81
STU20273863,Female,2025,EEE,8.15,77.2,70.0,0,Yes,2,1,"C, IoT, Python, C++",81.1,68.4,70.4,72.0,Not Placed,Not Placed,Not Placed,0.0
STU20273864,Male,2025,IT,7.25,79.7,69.6,3,Yes,2,2,"JavaScript, Python, AWS, Node.js, Java",56.7,79.1,65.2,82.0,Not Placed,Not Placed,Not Placed,0.0
STU20273865,Male,2024,Civil,7.68,68.4,72.8,1,Yes,3,0,"STAAD Pro, Excel, SQL, Primavera",82.0,89.0,61.3,82.9,Placed,Adani,Civil Engineer,5.78
STU20273866,Male,2024,IT,7.25,67.6,74.4,2,Yes,3,0,"Node.js, AWS, SQL, React, DSA, Java",89.0,82.0,55.2,65.7,Placed,HCLTech,Full Stack Developer,6.07
STU20273867,Male,2026,ECE,6.39,82.2,74.1,2,Yes,2,1,"Python, Arduino, MATLAB",75.8,68.8,64.8,87.5,Placed,Infosys,Software Developer,5.21
STU20273868,Male,2027,CSE,7.49,80.6,78.5,0,No,2,1,"MongoDB, Java, SQL",83.4,63.6,57.9,68.7,Placed,Capgemini,QA Engineer,6.0
STU20273869,Male,2024,ECE,7.71,76.3,78.9,1,No,2,1,"SQL, Arduino, C, Git, Embedded C, Java",56.1,96.2,63.1,61.9,Placed,Tech Mahindra,QA Engineer,5.47
STU20273870,Male,2027,IT,8.34,92.2,88.4,2,No,3,3,"JavaScript, Python, SQL, DSA",68.1,98.0,84.4,79.9,Placed,TCS,Software Developer,7.61
STU20273871,Male,2025,IT,8.03,91.4,77.1,2,No,4,4,"DSA, Node.js, SQL, React",83.5,78.1,62.8,73.7,Placed,Cognizant,Support Engineer,7.8
STU20273872,Female,2025,CSE,8.77,83.0,69.6,0,Yes,3,5,"DSA, React, SQL",98.0,98.0,81.0,76.5,Placed,Deloitte,Backend Developer,8.18
STU20273873,Male,2027,CSE,7.17,65.7,63.1,1,No,3,1,"Node.js, DSA, SQL, Git, C++",68.9,82.9,81.1,64.7,Placed,Wipro,Data Analyst,6.49
STU20273874,Female,2027,CSE,7.68,76.4,87.2,0,No,2,0,"JavaScript, React, MongoDB",80.9,86.2,69.3,69.0,Placed,Zoho,Software Developer,6.17
STU20273875,Male,2026,Civil,8.9,74.4,82.6,0,Yes,3,1,"Excel, Revit, AutoCAD, STAAD Pro, MATLAB, GIS",89.0,98.0,82.2,64.2,Placed,Tata Projects,Site Engineer,6.0
STU20273876,Male,2025,IT,6.26,74.3,73.3,1,Yes,1,0,"AWS, DSA, JavaScript, Node.js",56.3,85.1,53.9,70.5,Not Placed,Not Placed,Not Placed,0.0
STU20273877,Female,2024,CSE,7.62,70.5,78.7,2,Yes,2,3,"Java, Python, React, SQL, JavaScript",69.3,90.2,80.1,68.0,Placed,Capgemini,Web Developer,8.49
STU20273878,Female,2025,Civil,6.59,66.1,73.9,1,No,1,0,"C, GIS, AutoCAD, STAAD Pro, Revit, SQL",70.1,70.0,74.7,71.9,Not Placed,Not Placed,Not Placed,0.0
STU20273879,Male,2027,CSE,7.83,61.7,79.2,1,No,3,0,"React, DSA, Python, MongoDB",77.3,78.7,90.2,87.5,Placed,Deloitte,Backend Developer,8.02
STU20273880,Male,2025,IT,7.53,78.0,72.7,0,No,3,2,"Python, Git, JavaScript, React, AWS, DSA",90.0,82.0,85.4,66.9,Placed,Wipro,Full Stack Developer,5.99
STU20273881,Female,2026,EEE,8.16,62.3,84.4,1,No,2,2,"C++, IoT, Arduino, Embedded C, AutoCAD",75.8,98.0,76.1,78.4,Placed,Siemens,Embedded Engineer,6.01
STU20273882,Female,2024,Civil,7.72,75.1,72.2,0,No,2,1,"AutoCAD, Python, Revit, SQL, Excel",89.2,82.1,98.0,70.6,Not Placed,Not Placed,Not Placed,0.0
STU20273883,Male,2025,EEE,6.54,79.2,66.3,1,No,1,1,"Arduino, MATLAB, AutoCAD, Embedded C",65.9,82.0,77.6,82.8,Not Placed,Not Placed,Not Placed,0.0
STU20273884,Male,2025,IT,7.4,71.4,63.1,1,Yes,3,2,"Node.js, JavaScript, MongoDB",79.8,87.7,86.1,93.4,Placed,Infosys,Full Stack Developer,7.26
STU20273885,Male,2026,Civil,7.5,69.2,73.6,0,No,3,2,"Revit, STAAD Pro, Python",89.6,74.1,64.0,62.9,Placed,Afcons Infrastructure,Design Engineer,4.16
STU20273886,Male,2026,CSE,8.63,79.1,87.2,1,No,2,0,"Python, DSA, Node.js",81.9,88.9,69.7,48.5,Placed,Cognizant,Backend Developer,7.07
STU20273887,Male,2027,Civil,9.57,76.1,77.6,0,No,3,4,"STAAD Pro, GIS, MATLAB, Revit",85.2,91.7,79.2,54.0,Placed,L&T,Design Engineer,6.83
STU20273888,Male,2027,Mechanical,8.15,79.7,67.4,0,Yes,4,0,"AutoCAD, C++, SolidWorks, ANSYS, Python, Excel",84.9,75.3,59.6,84.8,Placed,L&T,Design Engineer,7.85
STU20273889,Female,2026,Civil,6.64,67.4,74.9,4,Yes,2,0,"Revit, C, SQL, Excel",83.9,80.1,67.1,76.8,Not Placed,Not Placed,Not Placed,0.0
STU20273890,Male,2024,CSE,7.92,77.1,71.8,3,No,2,1,"Python, DSA, Java, SQL",83.6,70.0,71.2,57.3,Placed,Infosys,Backend Developer,6.64
STU20273891,Female,2027,CSE,8.15,76.0,87.8,0,No,2,2,"Node.js, DSA, SQL, React, Git",55.0,94.5,86.8,88.2,Placed,Wipro,Web Developer,5.55
STU20273892,Female,2027,EEE,7.21,75.9,82.0,2,Yes,2,0,"Java, AutoCAD, Python, C, MATLAB, C++",67.4,82.8,84.0,69.2,Not Placed,Not Placed,Not Placed,0.0
STU20273893,Female,2027,ECE,8.15,89.8,68.1,0,Yes,1,2,"Arduino, IoT, SQL, Git",69.7,96.9,74.2,68.7,Placed,L&T Technology Services,QA Engineer,6.62
STU20273894,Male,2025,ECE,5.82,73.9,69.5,1,No,1,0,"C++, Python, Embedded C",73.6,73.4,58.4,65.5,Not Placed,Not Placed,Not Placed,0.0
STU20273895,Male,2024,Civil,7.97,81.5,71.2,1,No,3,1,"GIS, MATLAB, Primavera, SQL, Excel, AutoCAD",59.4,74.8,95.2,84.2,Not Placed,Not Placed,Not Placed,0.0
STU20273896,Male,2026,ECE,7.35,72.0,66.7,1,Yes,4,2,"SQL, Java, C++, Arduino",85.1,95.9,49.6,63.8,Placed,Tech Mahindra,Software Developer,6.99
STU20273897,Male,2025,IT,7.81,79.1,75.7,1,Yes,2,0,"AWS, MongoDB, SQL, Java, React",86.7,91.7,51.1,88.4,Placed,Deloitte,Data Analyst,6.49
STU20273898,Male,2025,IT,9.15,79.0,85.4,0,No,4,2,"React, Git, Node.js, JavaScript",98.0,98.0,82.8,75.8,Placed,TCS,Support Engineer,7.4
STU20273899,Male,2025,CSE,6.93,75.5,73.1,1,Yes,2,0,"Git, Java, JavaScript, C++, DSA",73.6,83.0,66.8,89.4,Placed,Zoho,Web Developer,6.29
STU20273900,Male,2026,CSE,8.23,83.1,73.6,0,No,3,1,"C++, JavaScript, Node.js, Git, MongoDB",64.3,70.9,68.9,78.2,Placed,Wipro,Software Developer,7.33
STU20273901,Male,2025,CSE,8.67,76.2,63.0,1,Yes,3,3,"MongoDB, Node.js, JavaScript",82.8,98.0,50.9,77.2,Placed,Deloitte,Web Developer,8.61
STU20273902,Female,2026,Mechanical,7.69,74.4,71.1,1,No,3,1,"ANSYS, SQL, C, MATLAB, Python",98.0,70.5,59.3,77.4,Not Placed,Not Placed,Not Placed,0.0
STU20273903,Female,2026,EEE,6.28,70.3,75.8,3,No,3,0,"Java, IoT, C++",66.7,67.7,84.3,70.1,Not Placed,Not Placed,Not Placed,0.0
STU20273904,Male,2026,ECE,8.9,76.7,69.6,0,Yes,5,0,"Java, C++, SQL, IoT",98.0,81.7,92.6,64.5,Placed,Bosch,Network Engineer,7.65
STU20273905,Female,2024,IT,7.72,78.5,84.8,1,Yes,4,3,"SQL, AWS, React, Git",93.3,72.9,81.2,80.9,Placed,TCS,Data Analyst,8.2
STU20273906,Male,2027,EEE,7.2,73.5,70.4,0,No,2,1,"Python, C++, Embedded C, AutoCAD",74.3,80.8,58.2,68.1,Not Placed,Not Placed,Not Placed,0.0
STU20273907,Male,2025,Mechanical,7.29,86.7,76.0,3,No,2,4,"C++, C, MATLAB",79.2,85.1,64.8,84.2,Not Placed,Not Placed,Not Placed,0.0
STU20273908,Female,2025,Mechanical,7.23,94.8,71.7,2,No,1,2,"ANSYS, SolidWorks, CATIA",78.1,92.9,63.7,83.7,Not Placed,Not Placed,Not Placed,0.0
STU20273909,Male,2025,ECE,6.74,70.9,65.0,1,No,0,0,"IoT, Arduino, Python, Java, Embedded C, C++",61.8,83.8,58.2,76.0,Placed,Wipro,Embedded Engineer,3.57
STU20273910,Male,2025,Mechanical,7.69,79.3,78.8,1,No,2,2,"AutoCAD, SQL, ANSYS, CATIA, C",73.5,85.2,63.7,80.9,Not Placed,Not Placed,Not Placed,0.0
STU20273911,Male,2026,ECE,7.24,83.4,70.4,1,Yes,2,0,"Embedded C, Java, Git, Python, MATLAB, C",98.0,85.1,67.6,78.9,Placed,Infosys,Embedded Engineer,5.93
STU20273912,Male,2024,IT,8.47,77.3,72.0,0,Yes,4,2,"DSA, Python, JavaScript, MongoDB",98.0,89.3,54.7,79.0,Placed,Accenture,Data Analyst,6.78
STU20273913,Male,2027,Mechanical,7.99,71.0,59.9,0,No,3,2,"SolidWorks, CATIA, C, ANSYS",77.9,85.3,87.3,61.4,Placed,Mahindra,Production Engineer,5.81
STU20273914,Male,2024,IT,9.28,93.4,89.2,0,No,2,2,,77.1,92.7,75.4,72.0,Placed,Wipro,QA Engineer,6.64
STU20273915,Male,2027,IT,7.72,82.1,75.9,1,Yes,5,2,"Git, Python, React, Java",67.0,86.6,64.4,78.3,Placed,Capgemini,Full Stack Developer,7.07
STU20273916,Male,2026,IT,7.22,78.3,82.2,0,Yes,3,1,"Node.js, JavaScript, DSA",98.0,82.7,48.4,77.4,Placed,Accenture,QA Engineer,5.63
STU20273917,Male,2024,ECE,6.5,84.4,76.9,3,Yes,1,1,"C, Git, IoT, C++, Java",82.3,80.6,76.2,76.3,Placed,Tech Mahindra,Network Engineer,4.92
STU20273918,Male,2026,ECE,9.61,,88.7,1,No,2,2,"Python, Java, MATLAB, Git, Arduino",98.0,80.9,64.9,71.5,Placed,TCS,Network Engineer,6.44
STU20273919,Female,2025,EEE,8.21,78.2,73.2,0,Yes,1,1,"AutoCAD, Java, Arduino, SQL, C",72.0,78.5,79.1,98.0,Not Placed,Not Placed,Not Placed,0.0
STU20273920,Female,2027,IT,7.31,69.4,65.1,1,No,3,0,"DSA, JavaScript, Node.js, Python",71.7,86.8,57.8,70.6,Placed,HCLTech,Software Developer,4.83
STU20273921,Male,2026,CSE,9.44,78.1,85.8,0,Yes,3,3,"DSA, JavaScript, MongoDB, Git, React, Node.js",78.6,90.2,79.2,81.9,Placed,Tech Mahindra,QA Engineer,7.17
STU20273922,Female,2026,Mechanical,8.7,88.2,79.4,0,No,2,3,"Python, C, CATIA",45.6,85.2,58.1,69.4,Placed,L&T,Graduate Engineer Trainee,6.99
STU20273923,Male,2025,IT,6.75,79.6,70.0,2,No,1,1,"SQL, Python, MongoDB, DSA",60.8,85.4,64.8,73.1,Not Placed,Not Placed,Not Placed,0.0
STU20273924,Male,2027,Civil,6.86,73.8,78.7,1,No,1,0,"GIS, Revit, AutoCAD",75.6,66.4,66.4,58.9,Not Placed,Not Placed,Not Placed,0.0
STU20273925,Male,2026,CSE,7.89,90.1,78.5,1,Yes,3,3,"C++, Python, JavaScript, SQL, Java",84.9,92.3,73.7,66.2,Placed,Capgemini,Data Analyst,7.77
STU20273926,Male,2026,ECE,6.84,74.0,77.9,2,Yes,1,0,"Python, SQL, Java",64.3,75.2,78.8,67.3,Placed,HCLTech,Network Engineer,4.15
STU20273927,Female,2025,ECE,7.67,,68.6,5,Yes,2,0,"Python, Java, SQL",86.2,88.2,77.4,56.4,Placed,Bosch,Embedded Engineer,3.94
STU20273928,Female,2025,Mechanical,8.16,79.9,83.9,0,No,3,1,"Excel, SQL, CATIA",75.2,84.6,93.0,70.7,Placed,Jindal Steel,Production Engineer,4.8
STU20273929,Male,2026,CSE,6.83,88.6,73.4,1,No,1,1,"React, MongoDB, C++, JavaScript, DSA",80.9,67.7,48.7,58.5,Not Placed,Not Placed,Not Placed,0.0
STU20273930,Male,2026,Civil,7.75,82.6,83.5,1,Yes,3,2,"Revit, AutoCAD, SQL, GIS",90.3,78.7,98.0,60.3,Not Placed,Not Placed,Not Placed,0.0
STU20273931,Male,2027,ECE,8.74,80.2,85.4,1,Yes,3,3,"Embedded C, Arduino, C++, IoT, C",96.0,98.0,87.2,98.0,Placed,TCS,Network Engineer,7.31
STU20273932,Male,2026,ECE,8.09,77.0,81.6,2,No,4,1,"C, IoT, Arduino, C++, Java",86.3,81.1,66.6,83.1,Not Placed,Not Placed,Not Placed,0.0
STU20273933,Male,2026,ECE,7.69,77.1,75.0,1,Yes,3,0,"Embedded C, MATLAB, SQL, Java",71.2,75.0,83.6,98.0,Placed,Bosch,Embedded Engineer,7.03
STU20273934,Female,2025,CSE,7.43,71.5,80.0,2,No,3,1,"JavaScript, SQL, DSA",65.3,77.0,92.7,68.6,Placed,Cognizant,Web Developer,8.02
STU20273935,Female,2027,ECE,8.46,69.6,85.6,0,Yes,3,1,"Java, SQL, IoT, C",58.8,84.1,88.3,69.9,Placed,Bosch,Software Developer,6.83
STU20273936,Female,2025,CSE,7.0,77.7,78.1,1,No,2,2,"Node.js, MongoDB, Git, Java, Python",84.1,75.9,55.2,74.3,Placed,Tech Mahindra,Backend Developer,5.17
STU20273937,Male,2027,IT,8.11,74.5,78.3,3,No,2,3,"React, SQL, JavaScript",60.3,93.2,73.0,74.2,Not Placed,Not Placed,Not Placed,0.0
STU20273938,Male,2025,ECE,7.77,73.7,81.0,0,No,3,0,"MATLAB, IoT, Arduino, Git, C++",79.7,82.4,80.9,65.6,Placed,Tech Mahindra,Network Engineer,4.8
STU20273939,Male,2026,ECE,8.71,79.2,74.8,0,No,3,1,"SQL, Java, Embedded C, IoT",88.7,82.1,74.4,60.6,Placed,Tech Mahindra,Software Developer,6.47
STU20273940,Female,2027,CSE,7.5,77.1,85.8,0,Yes,2,4,"Java, JavaScript, SQL",64.7,93.7,75.7,80.9,Placed,Cognizant,Web Developer,4.88
STU20273941,Male,2027,CSE,7.58,77.0,63.7,0,Yes,1,1,"Git, DSA, React, JavaScript, SQL",73.9,82.2,76.9,54.7,Placed,Zoho,Web Developer,5.87
STU20273942,Male,2025,CSE,6.94,87.5,74.0,0,No,2,1,"SQL, MongoDB, Java, DSA",78.5,91.0,54.9,76.7,Placed,Cognizant,Backend Developer,6.6
STU20273943,Male,2026,CSE,8.37,83.6,74.8,1,Yes,4,4,"SQL, Python, Node.js, DSA, Git",83.6,97.0,89.8,70.1,Placed,Accenture,Backend Developer,8.69
STU20273944,Female,2024,ECE,7.39,91.2,70.5,2,No,1,0,"Embedded C, Python, Git",80.0,75.2,70.8,79.1,Not Placed,Not Placed,Not Placed,0.0
STU20273945,Female,2024,CSE,7.27,73.1,76.8,1,No,1,1,"JavaScript, DSA, Node.js, Python",68.5,75.8,68.5,82.6,Placed,Capgemini,Web Developer,5.05
STU20273946,Female,2027,Mechanical,6.9,80.7,65.8,2,Yes,2,1,"SolidWorks, MATLAB, Python",71.2,79.0,55.9,80.6,Not Placed,Not Placed,Not Placed,0.0
STU20273947,Male,2027,CSE,8.46,76.5,92.9,1,No,3,1,"Java, MongoDB, SQL",74.1,90.5,70.7,55.7,Placed,Tech Mahindra,Software Developer,7.63
STU20273948,Female,2024,CSE,7.06,71.7,64.6,0,Yes,1,1,"SQL, Java, Git, Python, JavaScript, React",71.2,76.8,80.4,55.7,Not Placed,Not Placed,Not Placed,0.0
STU20273949,Male,2027,Mechanical,6.69,89.7,66.4,0,Yes,1,2,"Excel, SQL, Python, C",71.0,72.5,69.9,54.7,Not Placed,Not Placed,Not Placed,0.0
STU20273950,Male,2025,IT,8.66,74.3,71.1,0,Yes,2,1,"Python, SQL, AWS",72.2,92.6,83.8,67.6,Placed,Infosys,Data Analyst,7.41
STU20273951,Male,2027,IT,7.76,61.8,77.3,3,Yes,3,1,"MongoDB, AWS, Node.js, JavaScript, Java",86.4,87.6,70.6,55.8,Placed,Infosys,Full Stack Developer,6.07
STU20273952,Male,2027,Civil,8.31,73.8,84.5,0,Yes,3,1,"GIS, Excel, C",54.5,86.2,74.4,72.8,Placed,Shapoorji Pallonji,Site Engineer,6.15
STU20273953,Male,2027,Civil,7.19,61.9,78.1,1,No,1,1,"GIS, C, Excel, Primavera, SQL",86.4,84.1,47.4,58.6,Not Placed,Not Placed,Not Placed,0.0
STU20273954,Female,2027,EEE,7.65,70.5,86.0,1,No,2,3,"Embedded C, IoT, Java, AutoCAD",61.2,84.5,75.7,62.4,Placed,Schneider Electric,Software Developer,3.73
STU20273955,Male,2027,CSE,8.13,72.3,71.2,0,Yes,4,0,"Node.js, React, JavaScript, MongoDB, DSA",98.0,84.8,70.0,73.1,Placed,Deloitte,Backend Developer,6.68
STU20273956,Male,2026,ECE,8.93,80.6,83.7,0,Yes,4,1,"C++, IoT, Embedded C, MATLAB, Arduino, Python",97.1,97.0,79.8,77.9,Placed,Wipro,Embedded Engineer,7.68
STU20273957,Male,2025,Civil,8.61,65.2,76.1,0,No,4,1,"Python, C, STAAD Pro, Revit, Excel",98.0,97.1,46.5,59.6,Not Placed,Not Placed,Not Placed,0.0
STU20273958,Male,2025,Civil,8.48,87.6,79.5,1,Yes,4,3,"GIS, STAAD Pro, Revit, Excel, AutoCAD",73.9,98.0,98.0,68.0,Placed,Tata Projects,Design Engineer,5.0
STU20273959,Male,2026,CSE,7.47,63.5,82.9,4,Yes,4,2,"JavaScript, DSA, SQL, Node.js, MongoDB, React",79.9,77.7,70.8,77.4,Placed,Deloitte,QA Engineer,5.46
STU20273960,Male,2024,IT,7.06,74.8,62.2,2,No,1,1,"Java, SQL, MongoDB",76.3,80.6,74.2,67.6,Placed,Accenture,Data Analyst,5.77
STU20273961,Male,2027,IT,8.55,77.1,92.0,0,No,3,0,"Python, Java, React, DSA, JavaScript, MongoDB",90.4,85.7,79.2,67.3,Placed,Accenture,QA Engineer,5.39
STU20273962,Male,2024,CSE,9.17,86.7,78.7,0,Yes,6,2,"Node.js, Java, DSA, SQL, MongoDB, Python",98.0,98.0,72.6,81.3,Placed,Cognizant,QA Engineer,8.45
STU20273963,Female,2027,EEE,8.64,82.1,67.1,0,No,1,1,"C, SQL, Arduino",88.5,98.0,80.0,58.3,Placed,Siemens,Electrical Engineer,6.87
STU20273964,Male,2026,CSE,8.01,86.3,71.8,2,Yes,2,2,"Git, MongoDB, Node.js, JavaScript, C++, Java",85.8,82.9,87.5,83.0,Placed,Capgemini,Backend Developer,5.8
STU20273965,Male,2027,IT,8.52,76.8,78.7,0,No,2,0,"MongoDB, AWS, React",88.5,83.8,76.4,96.5,Placed,Zoho,QA Engineer,7.11
STU20273966,Male,2027,CSE,8.63,76.3,73.4,2,Yes,3,1,"MongoDB, DSA, JavaScript",93.9,82.0,85.7,76.4,Placed,Tech Mahindra,Backend Developer,7.23
STU20273967,Male,2025,ECE,7.88,80.6,61.9,0,No,3,0,"C, SQL, Python, Embedded C, Git",82.1,80.0,81.5,63.7,Placed,Bosch,QA Engineer,5.87
STU20273968,Male,2026,CSE,8.16,85.6,77.7,4,No,3,2,"MongoDB, Git, SQL, JavaScript, Node.js",97.1,80.5,81.8,51.7,Placed,Zoho,QA Engineer,6.32
STU20273969,Female,2025,IT,7.98,83.7,71.5,1,Yes,3,2,"AWS, JavaScript, React",81.5,75.7,96.0,67.1,Placed,Zoho,Full Stack Developer,7.6
STU20273970,Male,2027,CSE,7.33,78.6,79.3,0,No,2,0,"Node.js, MongoDB, Python, Java, C++",56.4,58.1,73.9,73.4,Placed,Infosys,Backend Developer,6.3
STU20273971,Female,2027,Civil,6.92,76.9,66.2,3,No,1,1,"GIS, STAAD Pro, SQL, C",87.0,69.1,66.7,67.6,Not Placed,Not Placed,Not Placed,0.0
STU20273972,Male,2025,CSE,7.4,76.2,90.8,0,No,2,0,"C++, Java, Node.js, DSA, Python, JavaScript",82.6,71.7,69.0,68.4,Placed,Zoho,Backend Developer,6.66
STU20273973,Female,2024,ECE,6.39,76.8,75.8,3,Yes,2,0,"C, Embedded C, Java, Python",70.2,72.4,70.9,71.7,Not Placed,Not Placed,Not Placed,0.0
STU20273974,Male,2025,CSE,8.12,92.5,78.3,0,Yes,4,1,,87.0,81.2,54.9,67.1,Placed,Infosys,Software Developer,8.38
STU20273975,Male,2024,CSE,7.97,76.2,80.9,0,No,3,2,"JavaScript, DSA, Git, Node.js, MongoDB, React",98.0,96.7,90.1,68.3,Placed,Infosys,Backend Developer,7.39
STU20273976,Male,2027,CSE,8.65,77.1,65.6,1,Yes,3,5,"SQL, C++, Git, Python, MongoDB",87.0,98.0,71.4,63.3,Placed,Wipro,Data Analyst,7.74
STU20273977,Male,2025,CSE,9.07,77.6,76.0,0,Yes,5,3,"Node.js, DSA, SQL",98.0,98.0,75.1,74.2,Placed,TCS,Backend Developer,8.8
STU20273978,Female,2027,CSE,9.13,83.6,92.1,0,No,1,1,"JavaScript, Java, Node.js, C++, Git, DSA",88.8,97.0,59.6,70.9,Placed,Deloitte,Backend Developer,6.32
STU20273979,Female,2027,ECE,8.96,65.5,77.0,1,No,3,1,"MATLAB, Embedded C, Arduino, C, Java",82.9,98.0,77.3,85.8,Placed,Bosch,QA Engineer,6.55
STU20273980,Male,2027,ECE,7.11,74.8,73.8,1,No,1,1,"C++, Java, IoT, Arduino",57.3,86.8,50.8,59.8,Not Placed,Not Placed,Not Placed,0.0
STU20273981,Male,2026,CSE,6.78,81.1,70.0,3,No,1,1,"React, DSA, C++, Java",72.5,66.6,45.2,77.8,Not Placed,Not Placed,Not Placed,0.0
STU20273982,Male,2025,IT,8.69,76.0,88.7,0,No,3,0,"JavaScript, Java, Git",98.0,94.5,65.3,79.2,Placed,Capgemini,Data Analyst,7.49
STU20273983,Male,2027,ECE,8.92,81.6,77.4,0,No,4,1,"Embedded C, MATLAB, SQL, C++, Git, Arduino",82.8,93.8,72.5,66.0,Placed,Infosys,Network Engineer,6.6
STU20273984,Female,2026,CSE,9.32,,71.4,0,No,3,4,"React, Java, MongoDB, Node.js",93.5,98.0,66.1,61.0,Placed,Cognizant,Software Developer,7.7
STU20273985,Male,2027,IT,8.31,81.1,95.5,0,No,3,2,"Node.js, SQL, React, MongoDB",98.0,88.3,77.0,85.0,Placed,Wipro,QA Engineer,5.32
STU20273986,Female,2025,CSE,6.3,58.1,62.4,1,No,1,2,"DSA, C++, JavaScript",47.7,86.4,81.1,53.4,Not Placed,Not Placed,Not Placed,0.0
STU20273987,Male,2024,CSE,8.31,68.9,76.8,0,Yes,2,3,"SQL, Java, Python, C++, JavaScript",86.3,89.5,76.1,63.2,Placed,TCS,Software Developer,6.33
STU20273988,Female,2027,IT,8.37,77.2,71.7,1,Yes,3,3,"Node.js, AWS, SQL, React, DSA, Java",91.0,91.7,44.7,60.1,Placed,Accenture,Full Stack Developer,7.33
STU20273989,Male,2027,Civil,8.56,73.8,73.2,0,No,2,1,"SQL, Excel, GIS, STAAD Pro",87.1,92.5,74.0,60.9,Placed,Adani,Design Engineer,5.48
STU20273990,Male,2025,Civil,8.72,80.5,71.1,0,Yes,4,1,"Excel, SQL, Revit, Python, C, Primavera",68.2,86.5,82.4,70.2,Placed,Adani,Graduate Engineer Trainee,6.86
STU20273991,Female,2026,Civil,8.27,76.6,73.5,0,No,4,1,"Revit, MATLAB, GIS",77.2,92.9,68.3,86.8,Placed,Tata Projects,Graduate Engineer Trainee,7.45
STU20273992,Male,2024,IT,7.4,84.7,81.9,2,Yes,2,2,"JavaScript, React, DSA, Node.js",52.0,66.8,73.7,67.9,Placed,Accenture,Software Developer,6.17
STU20273993,Male,2026,CSE,7.13,68.2,60.9,1,No,0,1,"SQL, Node.js, React, Git, JavaScript",54.8,80.5,72.0,94.2,Not Placed,Not Placed,Not Placed,0.0
STU20273994,Male,2025,IT,8.35,77.4,86.4,0,No,1,1,"SQL, React, MongoDB, Git",89.4,70.5,59.1,79.8,Placed,Wipro,Software Developer,5.59
STU20273995,Male,2025,CSE,7.33,77.8,82.4,0,No,1,2,"MongoDB, SQL, React",70.2,85.7,85.0,63.0,Placed,Tech Mahindra,Web Developer,5.66
STU20273996,Female,2025,CSE,9.25,83.5,83.5,0,Yes,4,2,"C++, JavaScript, DSA",98.0,63.0,73.2,67.1,Placed,Zoho,Data Analyst,10.7
STU20273997,Female,2025,CSE,6.55,75.4,73.6,3,No,1,0,"C++, JavaScript, SQL, Node.js",79.4,54.1,61.9,71.4,Placed,Deloitte,QA Engineer,4.97
STU20273998,Male,2025,IT,8.38,62.1,79.6,0,Yes,2,0,"JavaScript, Node.js, Git, AWS, SQL, React",68.4,83.4,79.4,73.9,Placed,Cognizant,Full Stack Developer,5.08
STU20273999,Female,2025,IT,8.17,79.0,87.0,3,No,4,2,"Python, React, DSA, AWS, Java, SQL",87.9,89.6,51.8,55.0,Placed,HCLTech,Data Analyst,8.95
STU20274000,Male,2025,CSE,7.82,76.5,63.9,0,No,3,2,"Git, Node.js, SQL, Java, DSA, Python",62.6,83.1,87.7,60.2,Placed,Wipro,QA Engineer,6.96
STU20274001,Female,2026,EEE,6.86,81.2,78.6,1,No,3,0,"MATLAB, Arduino, SQL, IoT",80.1,84.0,54.7,50.4,Not Placed,Not Placed,Not Placed,0.0
STU20274002,Male,2026,IT,6.15,78.4,66.4,1,No,0,0,"JavaScript, DSA, SQL, React, Java",70.8,78.1,88.1,90.1,Not Placed,Not Placed,Not Placed,0.0
STU20274003,Male,2026,Mechanical,7.1,77.4,80.0,2,No,3,1,"C, SolidWorks, Python, CATIA, MATLAB, Excel",75.3,98.0,83.0,70.7,Not Placed,Not Placed,Not Placed,0.0
STU20274004,Male,2025,CSE,7.56,79.1,71.1,1,Yes,2,1,"React, Node.js, Java, MongoDB, Git",57.6,81.2,57.1,69.3,Placed,Zoho,Backend Developer,5.94
STU20274005,Male,2024,ECE,8.69,89.2,83.4,2,No,2,0,"Python, Arduino, MATLAB, Git, SQL, Embedded C",65.6,94.8,79.1,61.0,Placed,HCLTech,Network Engineer,5.75
STU20274006,Female,2027,CSE,7.33,84.4,64.0,0,No,2,1,"JavaScript, Node.js, DSA, React, Java",98.0,71.4,56.9,62.3,Placed,Tech Mahindra,Software Developer,5.3
STU20274007,Male,2027,ECE,8.13,80.3,65.1,3,No,2,1,"SQL, IoT, Java, MATLAB, Arduino, C",88.1,78.2,58.3,51.4,Not Placed,Not Placed,Not Placed,0.0
STU20274008,Male,2027,CSE,6.9,90.3,72.8,0,Yes,2,0,"JavaScript, Java, C++, Python",71.2,67.3,35.1,75.0,Placed,Deloitte,Backend Developer,4.72
STU20274009,Female,2027,CSE,8.41,74.6,87.8,1,Yes,4,3,"React, MongoDB, Python",98.0,90.9,81.9,82.3,Placed,Cognizant,QA Engineer,8.86
STU20274010,Male,2026,ECE,5.85,64.3,74.5,3,No,0,1,"Python, Embedded C, SQL, C++, Git, IoT",81.9,71.5,57.5,87.8,Not Placed,Not Placed,Not Placed,0.0
STU20274011,Male,2027,CSE,9.78,82.4,85.1,1,Yes,5,2,"React, Node.js, Python, Java, JavaScript, MongoDB",98.0,98.0,89.3,82.5,Placed,Deloitte,Web Developer,10.62
STU20274012,Female,2025,CSE,7.88,75.1,82.3,0,No,3,1,"SQL, Git, Python",79.6,87.4,74.5,78.0,Placed,Capgemini,Web Developer,7.47
STU20274013,Female,2027,Civil,5.2,53.7,66.3,0,No,1,0,"STAAD Pro, AutoCAD, Python, C, MATLAB, Revit",59.5,78.9,45.0,83.0,Not Placed,Not Placed,Not Placed,0.0
STU20274014,Male,2027,CSE,7.39,71.9,79.2,2,Yes,3,1,"React, Python, C++, Node.js, MongoDB",89.0,95.0,80.5,71.1,Placed,Deloitte,Backend Developer,5.83
STU20274015,Female,2027,ECE,7.01,77.9,69.9,2,No,2,1,"C, IoT, Embedded C, Java",72.2,78.5,74.8,52.9,Not Placed,Not Placed,Not Placed,0.0
STU20274016,Female,2025,ECE,7.19,75.6,72.2,3,No,1,1,"Python, Arduino, MATLAB, SQL, Java, IoT",87.8,76.4,62.5,78.3,Not Placed,Not Placed,Not Placed,0.0
STU20274017,Male,2025,CSE,7.69,71.8,,0,Yes,2,2,"JavaScript, Git, C++",79.8,68.2,83.4,64.4,Placed,Tech Mahindra,QA Engineer,6.27
STU20274018,Male,2025,IT,7.34,76.6,71.0,0,No,3,2,"React, Node.js, SQL, AWS",88.7,77.8,65.8,67.9,Placed,Infosys,Software Developer,7.24
STU20274019,Female,2025,CSE,7.31,77.1,74.3,1,No,1,2,"Java, MongoDB, Python",86.5,72.0,59.0,56.9,Not Placed,Not Placed,Not Placed,0.0
STU20274020,Female,2027,EEE,6.67,79.7,71.2,1,Yes,2,0,"MATLAB, Arduino, AutoCAD",57.8,66.7,64.2,86.8,Not Placed,Not Placed,Not Placed,0.0
STU20274021,Male,2026,CSE,8.7,75.3,73.5,1,No,1,3,"Node.js, SQL, Python",82.7,84.8,70.0,79.2,Placed,Accenture,QA Engineer,5.82
STU20274022,Female,2025,CSE,9.02,86.7,78.4,0,Yes,4,1,"C++, Java, Node.js, Python, JavaScript, React",98.0,96.4,56.8,56.2,Placed,Accenture,Web Developer,7.4
STU20274023,Female,2026,IT,7.68,69.6,76.8,4,Yes,2,5,"SQL, React, Node.js",68.7,92.3,36.4,74.2,Placed,Capgemini,Software Developer,7.22
STU20274024,Male,2025,Civil,7.49,73.2,67.5,0,No,1,0,"Excel, Revit, Primavera, STAAD Pro, SQL, Python",68.4,86.8,91.4,81.5,Not Placed,Not Placed,Not Placed,0.0
STU20274025,Female,2026,Mechanical,6.59,86.4,75.7,0,Yes,1,0,"SQL, C, C++, Excel",84.9,76.3,81.1,71.5,Not Placed,Not Placed,Not Placed,0.0
STU20274026,Male,2025,Civil,7.56,69.7,72.0,3,No,2,2,"Revit, Excel, MATLAB",96.1,76.9,89.5,68.8,Not Placed,Not Placed,Not Placed,0.0
STU20274027,Female,2026,ECE,7.95,73.3,77.9,1,No,2,2,"C++, Java, Python",37.5,92.3,83.5,80.6,Placed,Bosch,QA Engineer,5.66
STU20274028,Female,2026,EEE,7.46,67.9,70.5,1,Yes,1,2,"IoT, SQL, C++, Arduino, AutoCAD",89.2,67.1,64.5,69.8,Placed,L&T Technology Services,Embedded Engineer,6.46
STU20274029,Male,2026,ECE,8.09,72.4,84.2,0,Yes,2,2,"MATLAB, Git, Embedded C",52.6,95.2,70.1,72.0,Placed,Bosch,QA Engineer,6.7
STU20274030,Male,2026,Civil,7.76,78.4,82.6,0,No,2,2,"Primavera, MATLAB, GIS, Excel, AutoCAD, C",78.0,76.1,63.0,78.4,Not Placed,Not Placed,Not Placed,0.0
STU20274031,Male,2025,ECE,6.85,80.1,66.1,3,No,3,0,"Python, MATLAB, Git, C",60.1,53.8,74.4,56.9,Not Placed,Not Placed,Not Placed,0.0
STU20274032,Female,2026,IT,8.91,80.1,82.7,1,Yes,4,2,"MongoDB, JavaScript, SQL, Git, Node.js, Python",83.0,98.0,81.8,64.8,Placed,Cognizant,Support Engineer,8.12
STU20274033,Male,2025,ECE,7.57,74.7,85.6,0,Yes,2,2,"Python, C, Git",79.1,79.8,65.8,52.5,Not Placed,Not Placed,Not Placed,0.0
STU20274034,Female,2025,ECE,9.17,72.2,73.1,0,No,4,0,"Arduino, Git, Python",97.2,98.0,82.4,93.1,Placed,Infosys,Embedded Engineer,6.1
STU20274035,Male,2026,CSE,8.36,73.8,71.5,0,Yes,3,3,"Python, Java, C++",98.0,98.0,88.5,74.4,Placed,Wipro,Web Developer,9.02
STU20274036,Male,2026,IT,9.58,71.1,86.0,0,No,0,1,"AWS, SQL, JavaScript, Git, MongoDB",66.8,78.0,78.3,81.6,Placed,Wipro,QA Engineer,7.73
STU20274037,Female,2027,IT,8.9,85.4,69.9,0,Yes,5,0,"SQL, DSA, AWS",98.0,98.0,60.5,58.7,Placed,HCLTech,QA Engineer,8.83
STU20274038,Male,2025,Mechanical,7.74,83.0,70.5,2,Yes,3,2,"C, ANSYS, Python, SQL, MATLAB, SolidWorks",77.9,66.4,76.9,87.9,Placed,Bosch,Production Engineer,6.59
STU20274039,Male,2027,IT,7.29,75.9,67.6,3,No,2,1,"Java, Python, MongoDB, SQL, Node.js, React",73.4,84.1,53.3,65.5,Not Placed,Not Placed,Not Placed,0.0
STU20274040,Male,2025,Mechanical,6.95,78.5,79.0,2,Yes,2,1,"AutoCAD, SQL, MATLAB, C, C++",95.2,92.0,57.3,89.5,Placed,Maruti Suzuki,Mechanical Engineer,4.18
STU20274041,Male,2026,IT,8.35,85.0,72.7,0,No,3,4,"SQL, DSA, Node.js, Java, React, Python",94.4,82.1,77.0,66.6,Placed,TCS,Full Stack Developer,6.56
STU20274042,Male,2027,EEE,7.77,78.1,74.0,1,No,2,1,"C, Embedded C, C++, Python, SQL",58.7,98.0,79.1,56.0,Not Placed,Not Placed,Not Placed,0.0
STU20274043,Male,2026,CSE,7.5,86.5,70.0,1,No,2,1,"React, DSA, Node.js",76.6,82.1,71.2,82.0,Not Placed,Not Placed,Not Placed,0.0
STU20274044,Male,2027,Civil,8.21,71.4,85.2,1,No,2,1,"Revit, AutoCAD, Python, Primavera, MATLAB, SQL",72.1,87.8,59.7,69.7,Placed,Adani,Design Engineer,3.67
STU20274045,Male,2027,ECE,7.78,75.0,70.0,2,No,2,1,"C, C++, Arduino, SQL, Embedded C, IoT",73.7,93.6,98.0,54.9,Not Placed,Not Placed,Not Placed,0.0
STU20274046,Male,2025,CSE,8.71,76.5,68.7,0,Yes,2,1,"SQL, MongoDB, Node.js, React, Git",82.0,90.7,68.1,53.3,Placed,Zoho,Data Analyst,7.6
STU20274047,Male,2027,CSE,7.17,80.5,64.2,4,Yes,1,4,"JavaScript, DSA, C++",78.9,70.1,74.6,78.0,Placed,Deloitte,Data Analyst,4.98
STU20274048,Male,2027,CSE,8.85,70.1,83.8,0,No,3,1,"Node.js, MongoDB, Java, React, JavaScript",71.7,56.6,67.8,68.7,Placed,Cognizant,Backend Developer,7.0
STU20274049,Female,2025,IT,8.33,89.0,82.9,1,No,3,2,"Python, MongoDB, Java, Node.js, DSA, JavaScript",81.5,78.4,61.1,71.5,Placed,Wipro,Data Analyst,4.89
STU20274050,Male,2024,EEE,8.67,83.6,87.1,0,No,2,2,"C, Embedded C, AutoCAD, Python",78.6,79.5,75.4,71.8,Placed,TCS,Embedded Engineer,7.12
STU20274051,Male,2025,Civil,8.33,91.1,68.7,2,No,2,1,"Primavera, Excel, C, AutoCAD",86.3,75.2,67.6,67.3,Not Placed,Not Placed,Not Placed,0.0
STU20274052,Male,2027,EEE,7.58,,73.8,2,Yes,1,2,"Java, Arduino, Python",74.8,75.1,71.6,77.6,Placed,Siemens,Embedded Engineer,5.8
STU20274053,Female,2027,ECE,7.61,73.2,92.5,2,No,1,2,"SQL, C, MATLAB, IoT, Python",86.8,53.1,61.9,77.7,Not Placed,Not Placed,Not Placed,0.0
STU20274054,Female,2027,IT,9.42,86.1,78.3,0,No,2,2,"MongoDB, Git, Python, JavaScript, Java",90.2,80.2,79.4,67.2,Placed,Capgemini,QA Engineer,5.75
STU20274055,Female,2025,Mechanical,7.3,83.5,70.8,1,No,3,1,"SolidWorks, C, Python, Excel, MATLAB",86.2,86.5,59.4,75.2,Not Placed,Not Placed,Not Placed,0.0
STU20274056,Female,2024,Mechanical,8.19,73.5,77.0,0,No,1,1,"C, CATIA, MATLAB, C++, AutoCAD",81.2,92.9,86.8,75.9,Not Placed,Not Placed,Not Placed,0.0
STU20274057,Male,2026,IT,7.58,63.0,79.2,0,Yes,3,1,"Git, SQL, Node.js, Java, Python",66.6,75.1,74.2,85.8,Placed,Accenture,Software Developer,7.47
STU20274058,Female,2025,Civil,5.92,60.0,74.6,1,No,1,0,"Python, Primavera, Revit, C, Excel, SQL",62.6,76.0,62.0,42.2,Not Placed,Not Placed,Not Placed,0.0
STU20274059,Male,2024,IT,6.86,77.0,69.2,2,No,2,0,"Node.js, JavaScript, Java, Git, SQL, React",66.3,49.4,67.2,63.8,Placed,Zoho,QA Engineer,4.87
STU20274060,Female,2024,Mechanical,7.9,88.5,72.2,3,No,3,0,"AutoCAD, C++, MATLAB, SolidWorks, C, Excel",91.1,84.7,66.7,75.6,Not Placed,Not Placed,Not Placed,0.0
STU20274061,Female,2024,Civil,8.1,69.1,74.8,3,No,2,0,"GIS, Revit, SQL, Primavera, Excel",90.7,93.3,74.0,94.1,Not Placed,Not Placed,Not Placed,0.0
STU20274062,Female,2024,EEE,8.0,76.1,71.5,1,No,3,1,"SQL, IoT, Arduino, MATLAB, C",81.5,89.7,91.5,83.2,Placed,Siemens,Electrical Engineer,4.68
STU20274063,Male,2026,CSE,8.97,78.0,70.6,1,No,4,1,"Java, SQL, Git, DSA, MongoDB, C++",91.6,90.6,68.5,83.4,Placed,Zoho,Data Analyst,7.06
STU20274064,Female,2025,ECE,8.08,91.6,89.5,0,Yes,4,0,"C++, Java, IoT, SQL",66.4,58.9,74.4,98.0,Placed,Tech Mahindra,Embedded Engineer,6.95
STU20274065,Male,2025,CSE,7.34,92.2,72.0,1,Yes,2,1,"DSA, SQL, Python, React, C++, Java",72.0,98.0,59.4,72.0,Placed,TCS,Web Developer,7.53
STU20274066,Male,2026,Mechanical,8.06,81.1,74.3,1,Yes,1,1,"Python, AutoCAD, CATIA, Excel, SolidWorks",47.8,98.0,40.0,97.9,Placed,Tata Motors,Graduate Engineer Trainee,3.63
STU20274067,Male,2027,IT,8.04,84.4,74.5,1,No,2,2,"SQL, AWS, React, Git, Java, Node.js",89.9,92.2,80.1,77.2,Not Placed,Not Placed,Not Placed,0.0
STU20274068,Male,2026,EEE,7.16,82.0,73.8,2,No,2,1,"C, AutoCAD, SQL, MATLAB",98.0,92.1,82.7,57.2,Not Placed,Not Placed,Not Placed,0.0
STU20274069,Male,2026,Civil,7.9,68.8,79.4,0,No,0,1,"STAAD Pro, Primavera, Revit",68.1,79.5,77.3,48.5,Not Placed,Not Placed,Not Placed,0.0
STU20274070,Male,2026,CSE,8.07,,73.5,2,Yes,3,1,"JavaScript, SQL, Git, Python",85.6,92.5,98.0,70.3,Placed,Zoho,Software Developer,8.2
STU20274071,Male,2026,IT,7.39,69.3,82.9,1,No,0,0,"JavaScript, MongoDB, React, SQL",77.0,83.3,64.9,76.9,Placed,HCLTech,QA Engineer,4.65
STU20274072,Male,2026,ECE,7.6,75.8,79.7,1,Yes,4,1,"Java, IoT, C++",69.4,83.4,58.8,69.8,Placed,Wipro,Embedded Engineer,6.85
STU20274073,Male,2026,IT,9.1,88.7,78.2,0,No,3,1,"Python, JavaScript, AWS, MongoDB, Git, React",86.4,81.7,91.8,70.4,Placed,Zoho,Support Engineer,6.12
STU20274074,Male,2026,CSE,9.17,81.5,75.1,0,No,2,0,"JavaScript, DSA, SQL, MongoDB",91.5,95.6,92.9,92.0,Placed,Accenture,QA Engineer,6.64
STU20274075,Female,2025,CSE,8.16,86.1,84.6,1,Yes,3,0,,85.3,98.0,86.9,73.5,Placed,Deloitte,Data Analyst,6.91
STU20274076,Male,2025,IT,7.95,87.0,75.3,2,Yes,3,3,"React, DSA, Node.js, AWS, Python",83.0,98.0,57.7,96.6,Placed,TCS,Software Developer,6.14
STU20274077,Female,2025,ECE,6.53,62.0,63.9,2,No,2,0,"IoT, Python, C",69.1,77.1,57.0,78.3,Not Placed,Not Placed,Not Placed,0.0
STU20274078,Female,2025,ECE,9.21,65.8,87.0,0,Yes,3,0,"SQL, Embedded C, Arduino, Java, MATLAB",78.8,91.2,55.5,85.8,Placed,TCS,Software Developer,7.82
STU20274079,Male,2025,CSE,8.88,88.3,73.9,0,Yes,4,3,"MongoDB, DSA, SQL, Git",97.5,97.6,98.0,70.3,Placed,Accenture,Data Analyst,7.98
STU20274080,Male,2026,IT,8.54,87.8,84.1,2,No,1,2,"JavaScript, DSA, Node.js, AWS",98.0,63.4,62.2,68.1,Placed,Deloitte,QA Engineer,5.77
STU20274081,Male,2026,IT,5.97,74.7,53.5,3,Yes,2,1,"MongoDB, Git, DSA, React",45.8,71.8,48.2,73.2,Not Placed,Not Placed,Not Placed,0.0
STU20274082,Male,2024,CSE,8.03,80.8,74.1,1,No,4,0,"MongoDB, Git, DSA, React",59.3,82.0,70.8,67.9,Not Placed,Not Placed,Not Placed,0.0
STU20274083,Male,2025,EEE,7.54,83.1,83.5,3,Yes,2,0,"MATLAB, Embedded C, Java, AutoCAD, SQL",63.1,66.6,71.7,80.8,Not Placed,Not Placed,Not Placed,0.0
STU20274084,Male,2025,IT,8.48,85.3,77.9,0,Yes,3,1,"JavaScript, AWS, Git",79.6,97.4,82.6,88.5,Placed,Accenture,QA Engineer,7.43
STU20274085,Male,2026,ECE,7.37,74.3,79.1,2,Yes,2,5,"IoT, MATLAB, Java, SQL, C, Git",73.7,90.7,67.8,98.0,Placed,L&T Technology Services,Embedded Engineer,5.6
STU20274086,Male,2025,Civil,7.3,82.9,68.4,2,No,4,2,"GIS, SQL, Excel, Revit",83.0,58.3,60.4,60.6,Not Placed,Not Placed,Not Placed,0.0
STU20274087,Male,2024,ECE,8.28,76.3,79.8,1,No,3,1,"MATLAB, Java, C++, Embedded C, Python",84.8,88.2,68.0,69.0,Placed,L&T Technology Services,Embedded Engineer,6.28
STU20274088,Female,2024,ECE,7.09,77.4,74.2,0,Yes,1,2,"Embedded C, C++, SQL, Java, Git, IoT",71.3,91.7,60.5,84.9,Placed,HCLTech,Network Engineer,5.22
STU20274089,Male,2026,CSE,7.51,78.2,77.0,0,No,3,1,"JavaScript, MongoDB, Java, SQL, DSA, C++",95.3,76.1,88.2,69.7,Placed,Tech Mahindra,QA Engineer,8.53
STU20274090,Male,2024,CSE,8.16,72.4,91.3,2,No,1,3,,67.2,76.1,72.6,53.5,Placed,Deloitte,Backend Developer,5.33
STU20274091,Male,2026,CSE,9.14,75.6,88.8,0,No,3,3,"Node.js, MongoDB, C++, Python, SQL",98.0,81.3,84.8,78.5,Placed,Zoho,Data Analyst,7.29
STU20274092,Male,2026,EEE,8.34,94.5,83.1,0,No,3,1,"AutoCAD, SQL, C++",98.0,87.2,70.6,59.4,Placed,Siemens,Embedded Engineer,6.23
STU20274093,Male,2027,Mechanical,8.46,72.9,83.5,0,No,4,1,"Excel, ANSYS, AutoCAD",69.7,81.0,50.1,71.4,Not Placed,Not Placed,Not Placed,0.0
STU20274094,Male,2026,CSE,8.05,80.7,70.4,1,No,2,1,"JavaScript, SQL, Git, Node.js",56.9,68.5,93.6,89.6,Placed,Infosys,Data Analyst,6.85
STU20274095,Male,2024,CSE,9.27,85.2,76.7,0,No,3,2,"SQL, Git, C++, Java",91.1,98.0,84.6,77.5,Placed,Infosys,Backend Developer,7.06
STU20274096,Male,2025,IT,6.42,73.7,61.6,5,No,0,1,"Java, MongoDB, React, SQL, DSA",74.9,74.1,70.7,76.6,Not Placed,Not Placed,Not Placed,0.0
STU20274097,Male,2027,ECE,9.47,86.4,71.7,0,Yes,3,1,"SQL, Arduino, C",90.3,86.6,50.3,90.9,Placed,Tech Mahindra,Network Engineer,6.88
STU20274098,Male,2025,ECE,9.58,84.3,74.7,0,Yes,3,2,"MATLAB, Java, Embedded C",64.9,98.0,76.5,71.5,Placed,TCS,Embedded Engineer,7.84
STU20274099,Male,2027,EEE,8.04,72.0,76.5,1,No,2,2,"C++, MATLAB, SQL, IoT",60.0,87.9,92.2,73.1,Placed,TCS,Embedded Engineer,5.28
STU20274100,Female,2026,Civil,8.21,82.3,68.6,0,Yes,2,1,"AutoCAD, SQL, STAAD Pro",75.0,82.7,89.7,70.9,Placed,JLL,Graduate Engineer Trainee,4.83
STU20274101,Male,2024,IT,7.87,73.9,76.0,1,Yes,3,1,"Python, Node.js, AWS, MongoDB",86.8,86.0,68.7,82.4,Placed,Deloitte,Support Engineer,7.51
STU20274102,Male,2025,ECE,7.57,89.1,74.4,1,No,2,3,"IoT, MATLAB, Embedded C, SQL, C++",73.6,79.6,86.1,53.0,Placed,Tech Mahindra,QA Engineer,4.85
STU20274103,Male,2027,ECE,7.23,79.1,66.6,1,No,2,4,"SQL, IoT, Python, Arduino, Java, MATLAB",78.7,83.8,89.3,58.4,Placed,L&T Technology Services,Network Engineer,5.31
STU20274104,Female,2027,IT,7.86,72.7,86.9,1,No,2,1,"Node.js, JavaScript, AWS",81.5,88.1,69.4,69.4,Placed,Capgemini,QA Engineer,5.8
STU20274105,Female,2027,Civil,7.97,80.3,67.2,0,Yes,2,1,"AutoCAD, GIS, STAAD Pro",91.0,98.0,89.0,80.2,Placed,Adani,Civil Engineer,5.99
STU20274106,Female,2025,CSE,8.36,72.4,85.4,0,Yes,2,1,"SQL, DSA, Git, Java, Node.js, C++",67.9,79.3,90.0,95.8,Placed,Infosys,QA Engineer,6.2
STU20274107,Male,2027,EEE,9.34,83.2,64.4,0,Yes,4,0,"SQL, IoT, MATLAB",92.8,97.0,88.3,62.3,Placed,Wipro,Graduate Engineer Trainee,8.65
STU20274108,Male,2025,EEE,7.74,75.8,74.9,1,No,3,2,"MATLAB, C++, Python",98.0,70.5,83.1,68.2,Not Placed,Not Placed,Not Placed,0.0
STU20274109,Female,2025,Civil,6.23,67.8,63.4,3,No,1,2,"C, SQL, GIS",59.2,79.7,53.6,72.1,Not Placed,Not Placed,Not Placed,0.0
STU20274110,Male,2026,ECE,9.15,75.0,75.1,0,No,3,2,"C++, SQL, C, Java, Embedded C",80.7,98.0,86.8,55.2,Placed,Tech Mahindra,Software Developer,8.33
STU20274111,Female,2027,IT,6.86,92.2,86.2,0,Yes,3,0,"Git, Node.js, Java, SQL",77.8,77.0,65.8,64.0,Placed,Wipro,Support Engineer,4.87
STU20274112,Male,2025,Mechanical,7.07,76.3,71.7,2,Yes,2,0,"Excel, SQL, C, ANSYS, Python",62.7,70.6,56.5,51.5,Not Placed,Not Placed,Not Placed,0.0
STU20274113,Male,2026,EEE,7.88,74.7,68.5,0,No,1,3,"AutoCAD, Embedded C, SQL, Python",62.9,79.6,91.3,75.6,Not Placed,Not Placed,Not Placed,0.0
STU20274114,Male,2025,ECE,8.1,74.0,80.3,1,No,3,2,"Git, Java, IoT, C++",78.8,91.8,70.9,59.3,Placed,Wipro,Network Engineer,7.16
STU20274115,Male,2025,EEE,6.42,77.3,69.8,2,No,0,1,"Java, Python, Arduino",64.2,72.7,68.7,83.7,Not Placed,Not Placed,Not Placed,0.0
STU20274116,Female,2024,CSE,7.37,72.0,76.0,1,No,1,2,"JavaScript, Git, MongoDB, DSA, C++",83.4,76.3,71.3,74.0,Placed,TCS,Web Developer,6.37
STU20274117,Male,2027,ECE,6.49,66.6,66.1,4,No,0,3,"Java, Embedded C, C, SQL",56.7,83.0,45.7,66.7,Not Placed,Not Placed,Not Placed,0.0
STU20274118,Male,2024,Mechanical,8.08,78.0,70.8,2,No,2,1,"AutoCAD, Excel, ANSYS, C++",80.8,74.6,68.5,60.0,Not Placed,Not Placed,Not Placed,0.0
STU20274119,Male,2026,IT,8.91,80.0,73.5,0,Yes,2,0,"React, DSA, SQL, Node.js, AWS",98.0,94.2,85.7,77.6,Placed,Capgemini,Support Engineer,7.31
STU20274120,Female,2025,ECE,6.71,71.9,78.7,0,Yes,1,3,"Arduino, IoT, Git, Python",85.1,75.9,67.0,69.9,Not Placed,Not Placed,Not Placed,0.0
STU20274121,Male,2025,Civil,8.35,72.6,76.0,1,Yes,3,0,"MATLAB, AutoCAD, STAAD Pro, Excel",82.9,90.8,68.8,79.5,Placed,Afcons Infrastructure,Design Engineer,5.28
STU20274122,Female,2025,Mechanical,8.34,76.1,70.2,0,No,2,2,"C++, AutoCAD, Excel, Python, ANSYS, CATIA",84.0,95.1,77.7,82.9,Placed,Tata Motors,Mechanical Engineer,4.45
STU20274123,Female,2025,Mechanical,6.99,72.2,75.0,4,No,2,1,"AutoCAD, SQL, CATIA, MATLAB, SolidWorks, C",64.1,58.5,81.9,59.9,Not Placed,Not Placed,Not Placed,0.0
STU20274124,Male,2026,IT,6.21,69.3,72.3,5,No,1,0,"SQL, Python, JavaScript, MongoDB, Java",72.0,69.8,43.6,63.8,Not Placed,Not Placed,Not Placed,0.0
STU20274125,Female,2026,Civil,6.59,76.4,76.8,1,No,1,0,"SQL, Excel, C, Primavera, MATLAB, AutoCAD",88.8,57.2,65.0,84.4,Not Placed,Not Placed,Not Placed,0.0
STU20274126,Female,2027,CSE,7.49,92.3,71.9,1,No,3,0,"DSA, React, JavaScript, Node.js, MongoDB, SQL",95.5,62.6,70.2,85.7,Not Placed,Not Placed,Not Placed,0.0
STU20274127,Male,2025,ECE,9.06,90.0,78.9,0,No,2,3,"Python, Arduino, C, MATLAB",85.0,90.0,98.0,57.4,Placed,Wipro,QA Engineer,5.81
STU20274128,Male,2026,IT,7.8,91.1,79.0,1,No,2,0,"MongoDB, SQL, Git, JavaScript, DSA",83.2,83.1,86.9,58.9,Placed,Zoho,Software Developer,4.83
STU20274129,Male,2027,Mechanical,6.69,70.8,66.0,2,No,2,1,"Excel, CATIA, SQL, MATLAB, C, Python",64.6,61.0,48.8,58.8,Not Placed,Not Placed,Not Placed,0.0
STU20274130,Male,2025,Civil,7.63,88.8,81.8,1,Yes,3,1,"AutoCAD, SQL, Primavera",69.5,85.4,87.9,75.9,Placed,JLL,Civil Engineer,5.14
STU20274131,Male,2027,EEE,6.55,76.0,72.8,1,No,1,0,"Python, SQL, MATLAB, IoT, Java",65.9,63.5,64.2,52.3,Not Placed,Not Placed,Not Placed,0.0
STU20274132,Female,2027,ECE,8.19,85.4,69.4,0,Yes,3,0,"Arduino, Python, Git, MATLAB",86.7,84.1,51.8,73.4,Placed,Tech Mahindra,QA Engineer,6.1
STU20274133,Male,2027,IT,7.07,78.9,66.3,1,No,3,1,"MongoDB, SQL, Node.js, JavaScript, React",86.5,98.0,50.8,68.5,Placed,Wipro,QA Engineer,5.59
STU20274134,Male,2026,ECE,7.04,73.2,73.3,1,Yes,2,0,"Embedded C, Java, SQL",74.2,73.0,85.9,65.6,Placed,Infosys,Embedded Engineer,6.0
STU20274135,Male,2026,ECE,8.07,83.2,72.9,0,Yes,3,2,"C++, C, Java, Embedded C",88.1,75.5,78.2,74.1,Placed,L&T Technology Services,QA Engineer,5.81
STU20274136,Female,2026,CSE,9.49,85.1,85.9,0,No,3,4,"Python, C++, Node.js",59.3,97.8,65.2,70.1,Placed,Capgemini,Backend Developer,8.13
STU20274137,Male,2026,ECE,9.62,69.7,79.0,0,No,2,1,"Embedded C, IoT, Python, MATLAB",90.1,89.2,98.0,64.7,Placed,Infosys,Software Developer,6.2
STU20274138,Male,2027,Mechanical,6.67,73.8,75.1,2,No,2,1,"AutoCAD, SolidWorks, C++, MATLAB, ANSYS",65.9,72.9,75.9,89.2,Not Placed,Not Placed,Not Placed,0.0
STU20274139,Male,2025,EEE,7.14,82.0,68.3,3,No,1,1,"Embedded C, SQL, Arduino, Python, Java, C",58.2,77.5,65.2,64.1,Not Placed,Not Placed,Not Placed,0.0
STU20274140,Male,2027,Mechanical,7.99,79.9,76.4,0,No,1,0,"Python, C, CATIA, C++, SQL",82.9,77.6,75.8,69.5,Not Placed,Not Placed,Not Placed,0.0
STU20274141,Male,2026,IT,8.89,83.5,88.2,0,Yes,2,3,"React, Node.js, Python, MongoDB, Git, JavaScript",98.0,79.1,64.2,65.8,Placed,Deloitte,Software Developer,5.92
STU20274142,Female,2024,ECE,5.91,67.5,69.9,4,No,0,0,"Arduino, MATLAB, Embedded C, C, SQL, IoT",64.4,75.8,89.6,80.6,Not Placed,Not Placed,Not Placed,0.0
STU20274143,Male,2026,CSE,8.07,80.0,72.9,2,Yes,1,0,"React, C++, Git, MongoDB, Python",88.4,93.0,56.9,59.4,Placed,Accenture,QA Engineer,6.02
STU20274144,Male,2027,IT,7.49,76.1,69.2,0,No,1,0,"Node.js, AWS, React, Python, JavaScript, MongoDB",69.9,73.2,53.2,70.8,Not Placed,Not Placed,Not Placed,0.0
STU20274145,Male,2026,IT,6.26,72.2,71.8,1,No,1,0,"DSA, MongoDB, AWS, Node.js",93.4,74.3,67.6,58.1,Not Placed,Not Placed,Not Placed,0.0
STU20274146,Female,2027,CSE,6.86,70.4,83.4,2,No,3,0,"Python, DSA, C++, SQL, MongoDB",57.9,56.3,98.0,48.4,Placed,Tech Mahindra,QA Engineer,4.92
STU20274147,Male,2025,CSE,7.52,83.2,65.8,0,Yes,3,5,"Java, JavaScript, SQL",78.9,89.9,51.8,65.0,Placed,Capgemini,Data Analyst,7.53
STU20274148,Male,2027,EEE,7.7,79.7,75.4,3,Yes,3,0,"C++, MATLAB, IoT, Python, Java",90.0,98.0,81.4,65.4,Placed,Schneider Electric,Software Developer,6.5
STU20274149,Male,2026,IT,8.76,81.6,66.7,0,No,4,0,"Git, Java, JavaScript, AWS",88.4,95.8,75.9,75.4,Placed,Accenture,Software Developer,8.1
STU20274150,Male,2027,IT,8.2,92.9,74.3,0,Yes,0,2,"Python, DSA, MongoDB, Node.js",92.5,84.5,78.0,62.8,Placed,Deloitte,QA Engineer,6.42
STU20274151,Male,2025,CSE,8.81,83.3,80.6,0,Yes,4,2,"MongoDB, JavaScript, Python, Java",64.2,91.6,90.1,48.1,Placed,Infosys,Web Developer,7.3
STU20274152,Male,2025,ECE,7.77,85.8,64.9,1,No,2,0,"IoT, Git, SQL, Java, Arduino",77.5,76.9,62.2,45.1,Not Placed,Not Placed,Not Placed,0.0
STU20274153,Male,2027,IT,7.3,78.2,71.6,2,No,3,1,"Python, React, AWS",76.0,85.2,65.9,71.0,Placed,Wipro,Support Engineer,5.5
STU20274154,Female,2024,IT,7.74,74.9,77.9,1,No,0,0,"MongoDB, Git, Python, JavaScript",72.4,87.0,62.0,74.6,Placed,Capgemini,Software Developer,6.33
STU20274155,Male,2025,ECE,8.34,71.4,78.4,1,No,2,2,"IoT, C++, Python",62.7,81.7,91.6,71.1,Not Placed,Not Placed,Not Placed,0.0
STU20274156,Female,2027,CSE,8.88,81.9,81.3,1,No,2,1,"React, DSA, MongoDB",80.9,94.9,92.1,63.9,Placed,Deloitte,Web Developer,5.59
STU20274157,Male,2026,Civil,7.37,57.8,68.1,2,No,1,3,"SQL, C, MATLAB, STAAD Pro",70.3,74.3,54.9,72.8,Not Placed,Not Placed,Not Placed,0.0
STU20274158,Male,2027,CSE,7.21,77.9,76.5,2,Yes,4,1,"JavaScript, MongoDB, Git, Python",84.0,77.7,73.8,50.8,Placed,Cognizant,Web Developer,8.25
STU20274159,Male,2026,IT,8.19,80.7,72.9,0,No,2,2,,94.1,74.8,86.4,44.8,Placed,Cognizant,Full Stack Developer,5.51
STU20274160,Male,2027,CSE,8.41,77.5,82.7,2,No,3,2,"JavaScript, MongoDB, SQL, Node.js",85.9,90.2,53.0,51.5,Placed,TCS,Backend Developer,6.01
STU20274161,Male,2026,ECE,8.8,79.4,62.6,2,No,3,0,"IoT, Java, SQL, Git, Arduino, C",91.5,87.3,93.2,66.8,Placed,Wipro,QA Engineer,5.77
STU20274162,Female,2026,IT,7.32,67.5,72.7,1,No,1,1,"MongoDB, Node.js, Java",89.2,82.1,68.4,78.4,Not Placed,Not Placed,Not Placed,0.0
STU20274163,Male,2027,Mechanical,6.98,85.1,74.5,3,No,1,0,"Python, SolidWorks, SQL, AutoCAD, ANSYS",86.7,77.5,62.0,56.9,Not Placed,Not Placed,Not Placed,0.0
STU20274164,Male,2026,IT,8.54,77.0,87.5,1,Yes,3,2,"DSA, Git, SQL, Python, AWS",56.6,96.4,92.3,62.3,Placed,Deloitte,Support Engineer,8.02
STU20274165,Male,2024,ECE,7.4,69.7,75.6,0,No,2,1,"Embedded C, IoT, Python, Arduino, C++",86.6,98.0,84.3,76.6,Placed,Tech Mahindra,QA Engineer,4.74
STU20274166,Male,2025,CSE,7.62,80.9,76.9,0,No,2,0,"C++, Python, JavaScript, React, Java",87.6,86.4,52.7,64.0,Placed,Deloitte,Web Developer,6.23
STU20274167,Male,2026,CSE,9.07,81.5,82.1,0,Yes,5,1,"Git, JavaScript, DSA, Node.js, Python, C++",89.7,73.1,85.7,75.2,Placed,Cognizant,QA Engineer,7.75
STU20274168,Male,2026,IT,6.73,72.3,81.9,1,No,2,1,"Git, Java, Python, Node.js, DSA, AWS",68.1,74.2,75.8,70.2,Not Placed,Not Placed,Not Placed,0.0
STU20274169,Male,2026,ECE,9.5,78.5,78.0,0,No,4,3,"Arduino, Git, C++, Java, Python",79.0,97.1,49.7,54.0,Placed,Wipro,Embedded Engineer,7.43
STU20274170,Male,2027,IT,7.38,76.4,,2,No,3,0,"MongoDB, SQL, Java, AWS",56.1,63.6,76.8,90.5,Placed,Deloitte,Software Developer,5.78
STU20274171,Male,2027,Civil,8.24,88.0,66.1,1,Yes,4,3,"Revit, SQL, C, Python",96.4,98.0,67.6,62.4,Placed,L&T,Site Engineer,6.77
STU20274172,Male,2025,EEE,7.56,80.2,80.1,1,No,1,2,"C++, Arduino, Java, IoT, MATLAB, AutoCAD",84.5,98.0,84.9,91.8,Not Placed,Not Placed,Not Placed,0.0
STU20274173,Male,2026,Civil,7.73,77.1,77.4,1,No,1,1,"Revit, Python, GIS, Primavera, C",75.0,71.5,59.8,75.6,Placed,JLL,Design Engineer,6.42
STU20274174,Male,2026,IT,7.68,83.2,73.9,6,No,2,2,"MongoDB, JavaScript, Python, AWS",86.9,96.0,72.3,72.3,Placed,Zoho,Software Developer,6.34
STU20274175,Female,2025,Mechanical,8.28,78.9,73.3,1,No,1,2,"ANSYS, Excel, SQL, MATLAB, AutoCAD, CATIA",91.2,95.6,66.2,51.1,Placed,Tata Motors,Design Engineer,3.32
STU20274176,Female,2026,ECE,7.45,79.4,76.4,1,Yes,2,0,"MATLAB, Embedded C, Java, Python",55.7,81.0,61.5,77.1,Not Placed,Not Placed,Not Placed,0.0
STU20274177,Male,2026,ECE,7.26,77.2,76.1,2,No,2,1,"Java, Arduino, SQL",79.3,87.6,40.6,68.0,Not Placed,Not Placed,Not Placed,0.0
STU20274178,Male,2027,Civil,9.04,84.7,82.8,0,Yes,3,0,"GIS, Excel, MATLAB, SQL, Python",84.8,80.1,90.0,70.3,Placed,Tata Projects,Civil Engineer,6.28
STU20274179,Female,2025,ECE,7.77,74.3,68.2,1,No,3,1,"SQL, MATLAB, IoT, Git",86.5,94.9,86.2,53.4,Placed,TCS,Embedded Engineer,5.96
STU20274180,Male,2024,Mechanical,6.98,67.5,61.5,4,Yes,2,2,"AutoCAD, C, SolidWorks",77.1,92.6,68.9,83.5,Placed,Mahindra,Graduate Engineer Trainee,7.06
STU20274181,Male,2026,EEE,6.38,80.3,65.8,2,No,2,2,"Java, Arduino, AutoCAD",81.1,81.7,70.3,80.1,Placed,Siemens,Embedded Engineer,3.29
STU20274182,Male,2027,CSE,9.59,92.5,71.4,0,Yes,2,3,"Git, MongoDB, C++, Python, Node.js, SQL",69.0,98.0,68.8,52.5,Placed,Wipro,Backend Developer,8.99
STU20274183,Male,2026,EEE,7.18,68.3,64.6,1,No,1,0,"Arduino, Embedded C, Python",89.2,67.5,82.7,61.8,Not Placed,Not Placed,Not Placed,0.0
STU20274184,Female,2025,ECE,9.5,83.0,91.6,1,Yes,2,1,"SQL, IoT, Arduino",81.2,98.0,81.2,69.6,Placed,HCLTech,Network Engineer,7.37
STU20274185,Female,2027,Civil,7.84,74.5,60.3,2,Yes,3,4,"MATLAB, GIS, Primavera, Excel, STAAD Pro, Python",80.1,89.8,72.2,77.1,Not Placed,Not Placed,Not Placed,0.0
STU20274186,Female,2024,Mechanical,7.67,83.4,79.0,0,Yes,4,1,"C++, Excel, SolidWorks, ANSYS, Python, SQL",62.2,83.0,89.8,74.7,Placed,Jindal Steel,Production Engineer,5.61
STU20274187,Female,2025,CSE,8.14,80.1,83.3,1,Yes,3,3,"MongoDB, JavaScript, React",82.0,98.0,55.6,72.1,Placed,Capgemini,Web Developer,9.12
STU20274188,Male,2025,CSE,9.8,98.0,88.4,0,No,3,2,"SQL, C++, React, JavaScript, Java",91.3,92.6,54.0,74.8,Placed,Accenture,Backend Developer,9.67
STU20274189,Female,2026,CSE,6.14,71.2,73.5,3,No,1,1,"Java, React, Node.js, C++, SQL, JavaScript",67.2,65.1,70.3,91.4,Not Placed,Not Placed,Not Placed,0.0
STU20274190,Male,2027,ECE,7.93,88.6,85.7,1,No,2,2,"MATLAB, Arduino, IoT, C++, Java, Git",70.8,95.5,69.0,65.5,Placed,TCS,Network Engineer,5.0
STU20274191,Male,2024,CSE,7.77,88.9,88.5,1,Yes,4,3,"Git, Python, Java",69.2,73.8,56.3,85.4,Placed,Capgemini,Software Developer,9.09
STU20274192,Male,2027,EEE,7.47,80.4,73.1,2,No,2,1,"C++, Arduino, MATLAB, Java",85.0,87.6,72.1,90.0,Placed,L&T Technology Services,Graduate Engineer Trainee,4.87
STU20274193,Male,2026,ECE,7.88,78.0,79.4,0,Yes,3,2,"IoT, SQL, Git, Arduino",61.1,73.6,76.2,91.3,Placed,Bosch,Software Developer,5.65
STU20274194,Male,2027,Mechanical,7.32,77.0,83.7,1,No,3,0,"C, ANSYS, Python",88.8,61.0,80.7,76.9,Not Placed,Not Placed,Not Placed,0.0
STU20274195,Male,2027,CSE,8.16,78.5,71.0,3,Yes,4,1,"Python, C++, Java",98.0,93.4,58.3,80.9,Placed,Cognizant,Software Developer,8.81
STU20274196,Male,2027,ECE,7.73,85.3,74.2,1,No,2,1,"MATLAB, C++, C, Java, Arduino",98.0,84.9,65.6,74.2,Placed,TCS,Software Developer,5.12
STU20274197,Male,2024,CSE,6.88,69.1,69.2,2,No,2,0,"React, Node.js, DSA, Java",61.4,69.1,71.4,89.3,Placed,TCS,Data Analyst,6.27
STU20274198,Male,2025,Mechanical,7.87,76.5,79.5,0,No,2,3,"AutoCAD, SolidWorks, MATLAB, C++",86.4,74.8,85.9,64.4,Placed,Maruti Suzuki,Mechanical Engineer,6.89
STU20274199,Male,2027,CSE,8.61,77.5,65.0,0,Yes,4,0,"React, C++, DSA, Python, SQL",81.3,90.4,86.3,68.5,Placed,Zoho,QA Engineer,8.84
STU20274200,Male,2026,CSE,7.54,64.8,85.4,1,No,2,1,"Python, Java, MongoDB, JavaScript, React",92.4,76.0,63.8,61.1,Placed,Infosys,Web Developer,5.16
STU20274201,Male,2026,CSE,9.59,88.0,84.6,0,Yes,4,2,"Python, C++, JavaScript, Node.js",97.7,98.0,85.1,98.0,Placed,Infosys,Backend Developer,9.59
STU20274202,Female,2027,Mechanical,8.69,87.2,82.6,0,No,4,3,"MATLAB, ANSYS, Python, CATIA, SolidWorks",84.9,87.7,68.0,87.4,Placed,Bosch,Design Engineer,5.54
STU20274203,Male,2027,CSE,8.72,75.4,62.0,0,No,1,1,"SQL, JavaScript, DSA",70.2,80.8,69.5,61.8,Placed,Infosys,QA Engineer,5.84
STU20274204,Male,2026,ECE,8.46,86.4,70.6,3,Yes,1,1,"Arduino, MATLAB, Git, C",75.4,94.9,69.8,58.5,Placed,HCLTech,QA Engineer,5.8
STU20274205,Male,2027,EEE,7.68,66.1,86.2,2,Yes,3,0,"Java, SQL, Python",72.8,70.6,62.4,70.6,Not Placed,Not Placed,Not Placed,0.0
STU20274206,Female,2024,EEE,8.62,79.7,77.0,0,Yes,4,0,"IoT, Java, Embedded C, MATLAB, Python",87.8,72.5,84.0,73.8,Placed,TCS,Software Developer,6.44
STU20274207,Male,2026,CSE,9.34,80.5,68.1,0,Yes,4,2,"C++, MongoDB, React, JavaScript, SQL, Node.js",92.0,85.4,89.5,76.1,Placed,TCS,Web Developer,9.52
STU20274208,Male,2027,CSE,8.69,80.3,80.0,0,Yes,2,3,"C++, Node.js, DSA, React, MongoDB, SQL",76.8,92.9,69.6,54.5,Placed,Tech Mahindra,Software Developer,7.03
STU20274209,Male,2024,IT,7.42,77.1,79.8,3,Yes,3,1,"Git, DSA, Java, JavaScript, Node.js",71.9,98.0,71.9,64.1,Not Placed,Not Placed,Not Placed,0.0
STU20274210,Female,2025,CSE,7.97,77.4,80.2,1,Yes,4,3,"C++, Python, Git, SQL, MongoDB, Node.js",92.4,91.4,66.9,87.6,Placed,Capgemini,Backend Developer,7.38
STU20274211,Female,2027,EEE,8.14,75.6,75.9,1,Yes,2,1,"Arduino, AutoCAD, Java, C++, Python, MATLAB",89.1,75.0,60.4,80.3,Not Placed,Not Placed,Not Placed,0.0
STU20274212,Male,2026,IT,8.61,78.8,86.2,1,No,2,0,"SQL, Python, MongoDB, Node.js",73.3,75.8,60.3,60.6,Not Placed,Not Placed,Not Placed,0.0
STU20274213,Male,2024,IT,7.83,87.1,71.2,0,No,2,1,"JavaScript, AWS, Java, SQL",78.5,86.3,94.0,80.6,Placed,Zoho,Full Stack Developer,5.15
STU20274214,Male,2025,CSE,7.52,72.7,79.1,1,Yes,2,0,"Java, React, DSA, SQL",67.2,61.3,60.4,84.7,Placed,Capgemini,Web Developer,6.66
STU20274215,Male,2025,ECE,9.1,96.5,80.5,0,Yes,4,2,"Embedded C, Python, Git",98.0,74.7,84.7,98.0,Placed,L&T Technology Services,Software Developer,7.24
STU20274216,Female,2025,CSE,7.09,71.3,73.2,1,No,2,0,"Node.js, React, SQL, Python, JavaScript, MongoDB",64.2,78.4,73.4,66.4,Placed,Wipro,Web Developer,6.64
STU20274217,Female,2027,EEE,6.85,76.8,70.8,2,No,1,2,"IoT, Java, C++, MATLAB",74.8,86.6,51.9,60.9,Not Placed,Not Placed,Not Placed,0.0
STU20274218,Female,2026,CSE,6.87,,71.1,2,No,1,0,"JavaScript, React, MongoDB, Java",77.2,82.9,73.0,67.2,Placed,Wipro,Web Developer,6.61
STU20274219,Female,2026,Civil,6.7,72.7,73.3,3,No,0,2,"Revit, GIS, AutoCAD, C, Primavera",60.5,79.0,70.6,80.1,Not Placed,Not Placed,Not Placed,0.0
STU20274220,Male,2024,EEE,8.71,89.5,76.5,0,No,4,1,"AutoCAD, MATLAB, C",78.2,98.0,74.5,54.0,Placed,Wipro,Embedded Engineer,7.37
STU20274221,Female,2025,CSE,9.09,84.5,84.7,1,Yes,4,1,"Java, Node.js, JavaScript, MongoDB, DSA",87.1,89.6,70.7,73.0,Placed,Tech Mahindra,Backend Developer,7.94
STU20274222,Male,2025,CSE,7.94,76.4,72.7,0,No,2,1,"Node.js, DSA, JavaScript",69.3,78.9,71.7,69.5,Not Placed,Not Placed,Not Placed,0.0
STU20274223,Male,2027,IT,8.32,88.4,88.4,2,Yes,3,1,"JavaScript, Node.js, Git, SQL",86.4,85.6,79.4,88.9,Placed,HCLTech,Data Analyst,7.35
STU20274224,Female,2027,CSE,7.99,70.9,72.5,0,Yes,3,0,"Java, JavaScript, Python",72.3,85.4,60.8,66.6,Placed,Capgemini,Backend Developer,7.72
STU20274225,Male,2025,CSE,6.99,71.5,80.3,2,No,0,0,"React, C++, SQL, Python, Java, Git",71.7,98.0,86.6,67.2,Not Placed,Not Placed,Not Placed,0.0
STU20274226,Female,2027,Mechanical,9.44,85.5,87.2,0,No,2,1,"AutoCAD, C++, MATLAB, CATIA, ANSYS",62.4,88.2,86.7,75.3,Placed,Mahindra,Production Engineer,5.72
STU20274227,Female,2024,ECE,8.92,85.9,80.2,1,No,3,4,"Embedded C, C++, Arduino",77.4,96.9,44.4,61.6,Placed,L&T Technology Services,Embedded Engineer,6.51
STU20274228,Female,2025,CSE,8.3,81.0,77.9,0,Yes,3,3,"React, JavaScript, Git, DSA, Python",79.0,98.0,70.3,63.4,Placed,Tech Mahindra,Web Developer,7.3
STU20274229,Female,2027,ECE,7.02,74.7,68.9,3,No,2,0,"C++, Embedded C, SQL, Python, C, Java",87.1,81.6,95.8,91.5,Placed,Tech Mahindra,QA Engineer,5.12
STU20274230,Male,2025,CSE,7.81,75.8,72.5,1,No,4,2,"React, C++, Python, Node.js",61.9,70.3,75.9,75.7,Placed,Tech Mahindra,QA Engineer,7.52
STU20274231,Male,2027,Civil,6.91,83.2,75.2,1,No,1,3,"Excel, Python, MATLAB, GIS, Primavera, STAAD Pro",84.2,97.2,58.2,83.6,Not Placed,Not Placed,Not Placed,0.0
STU20274232,Female,2024,CSE,8.08,79.9,76.5,1,No,2,0,"DSA, MongoDB, SQL",88.3,84.6,80.6,77.7,Placed,Capgemini,Software Developer,6.16
STU20274233,Male,2027,EEE,7.91,71.7,84.6,0,No,2,2,"Python, SQL, Arduino, C++, Java",58.1,56.2,44.1,67.6,Placed,TCS,Embedded Engineer,4.33
STU20274234,Female,2024,EEE,7.36,69.9,71.7,2,No,1,1,"IoT, MATLAB, AutoCAD, Arduino",80.8,74.2,72.9,61.7,Not Placed,Not Placed,Not Placed,0.0
STU20274235,Male,2024,CSE,6.76,85.5,70.5,1,No,2,1,"React, JavaScript, DSA, SQL, Node.js, Python",62.6,69.6,60.5,62.2,Not Placed,Not Placed,Not Placed,0.0
STU20274236,Male,2025,CSE,9.8,77.5,69.8,0,No,3,2,"C++, React, SQL, Python, Git",98.0,90.8,79.8,60.2,Placed,Tech Mahindra,Data Analyst,6.98
STU20274237,Male,2027,IT,8.1,80.2,81.4,2,No,3,0,"Java, DSA, Node.js",90.6,82.6,55.1,60.2,Not Placed,Not Placed,Not Placed,0.0
STU20274238,Female,2026,Mechanical,7.94,87.3,80.3,1,No,2,4,"MATLAB, CATIA, Excel",89.2,95.9,66.2,59.6,Not Placed,Not Placed,Not Placed,0.0
STU20274239,Female,2026,ECE,7.39,80.3,81.8,1,Yes,2,1,"C, Git, Embedded C, MATLAB, C++, Python",70.1,92.6,35.6,82.4,Placed,Tech Mahindra,Embedded Engineer,5.66
STU20274240,Female,2024,ECE,6.42,68.7,79.6,1,No,2,0,"MATLAB, Java, C++, Arduino, C",80.3,86.1,57.6,57.5,Placed,L&T Technology Services,Embedded Engineer,5.61
STU20274241,Male,2024,Mechanical,7.48,69.6,80.7,0,Yes,3,1,"C, MATLAB, CATIA, SolidWorks",98.0,97.9,71.5,89.7,Placed,Maruti Suzuki,Design Engineer,4.15
STU20274242,Male,2024,Mechanical,7.28,89.3,80.5,4,Yes,4,1,"ANSYS, AutoCAD, SQL, Python, MATLAB, C",77.9,80.4,83.6,82.0,Not Placed,Not Placed,Not Placed,0.0
STU20274243,Male,2027,IT,8.5,72.0,82.2,0,Yes,4,3,"MongoDB, Java, Python, JavaScript, DSA, SQL",85.5,71.6,98.0,81.1,Placed,TCS,Data Analyst,7.01
STU20274244,Male,2025,ECE,8.52,75.4,83.4,0,Yes,3,1,"Embedded C, Arduino, MATLAB",93.6,62.1,63.4,75.9,Placed,HCLTech,Embedded Engineer,6.99
STU20274245,Male,2025,EEE,8.3,81.4,64.5,1,Yes,2,1,"C++, Java, MATLAB, Arduino",47.3,92.2,79.8,78.0,Placed,TCS,Software Developer,7.31
STU20274246,Male,2026,CSE,8.84,78.6,71.2,0,Yes,4,3,"Java, React, Python, SQL, Node.js, JavaScript",77.4,93.6,71.0,67.9,Placed,Wipro,Data Analyst,8.37
STU20274247,Male,2026,Mechanical,9.08,84.7,70.7,0,No,4,0,"ANSYS, CATIA, MATLAB, SolidWorks, C++, Excel",98.0,98.0,72.4,58.9,Placed,Maruti Suzuki,Design Engineer,4.82
STU20274248,Male,2025,CSE,8.33,68.6,86.4,0,No,3,2,"React, Git, DSA, Node.js",86.0,92.8,74.5,63.7,Placed,Tech Mahindra,Backend Developer,7.19
STU20274249,Male,2024,CSE,8.93,78.9,73.6,0,No,2,2,"C++, DSA, Git, MongoDB",82.1,72.1,73.7,53.3,Placed,Capgemini,Data Analyst,7.17
STU20274250,Female,2025,Mechanical,7.97,82.7,72.2,2,No,3,3,"ANSYS, AutoCAD, CATIA",71.1,82.3,96.2,74.5,Not Placed,Not Placed,Not Placed,0.0
STU20274251,Male,2026,IT,6.28,78.5,72.0,0,No,2,1,"Git, React, Java, MongoDB, SQL",71.7,78.7,61.2,57.0,Not Placed,Not Placed,Not Placed,0.0
STU20274252,Male,2025,CSE,7.87,73.7,67.5,2,Yes,4,0,"Node.js, Python, React, Git, C++",78.0,72.2,56.6,80.8,Placed,Accenture,Data Analyst,5.73
STU20274253,Female,2026,CSE,7.26,69.0,77.3,2,Yes,3,2,"Git, DSA, MongoDB, C++, Python, Java",57.8,97.9,71.4,81.2,Placed,Infosys,Data Analyst,8.11
STU20274254,Female,2024,ECE,7.95,79.4,61.6,1,No,2,0,"SQL, IoT, C, Python, MATLAB",95.4,76.3,57.8,72.1,Not Placed,Not Placed,Not Placed,0.0
STU20274255,Female,2027,Mechanical,6.88,66.0,65.3,1,No,1,0,"CATIA, SolidWorks, Excel, C++, AutoCAD",63.6,70.7,62.7,62.9,Not Placed,Not Placed,Not Placed,0.0
STU20274256,Male,2027,CSE,8.51,88.3,79.4,0,No,3,1,"JavaScript, Java, SQL, Git, C++, MongoDB",81.8,71.0,87.8,58.9,Placed,Tech Mahindra,Software Developer,5.45
STU20274257,Male,2024,CSE,8.83,81.2,70.1,0,No,1,2,"SQL, Git, DSA, React, JavaScript, MongoDB",60.3,98.0,72.1,60.3,Placed,Infosys,Software Developer,7.56
STU20274258,Female,2025,IT,8.92,75.4,88.2,0,Yes,3,3,"DSA, Git, SQL, React, JavaScript, Node.js",80.7,91.1,82.4,61.9,Placed,Cognizant,Full Stack Developer,7.04
STU20274259,Male,2025,Civil,8.88,72.8,79.3,0,No,2,1,"STAAD Pro, Revit, Primavera, MATLAB",96.5,90.3,72.8,68.9,Not Placed,Not Placed,Not Placed,0.0
STU20274260,Male,2027,CSE,6.58,70.0,80.7,3,No,1,0,"Python, MongoDB, DSA, JavaScript",81.6,64.7,69.7,67.7,Not Placed,Not Placed,Not Placed,0.0
STU20274261,Female,2026,Civil,6.48,63.3,75.0,2,No,2,0,"AutoCAD, Python, STAAD Pro, Primavera, SQL",72.7,69.5,56.9,91.9,Not Placed,Not Placed,Not Placed,0.0
STU20274262,Male,2026,Mechanical,9.8,86.0,81.4,0,No,3,2,"C, ANSYS, SQL, Excel",84.0,98.0,89.7,91.3,Placed,Bosch,Graduate Engineer Trainee,6.46
STU20274263,Female,2024,IT,8.76,74.3,71.7,0,No,1,2,"React, JavaScript, Java, AWS, Git",81.6,91.6,57.9,87.3,Placed,HCLTech,QA Engineer,4.98
STU20274264,Female,2024,Mechanical,7.74,80.1,82.4,1,No,2,1,"SolidWorks, ANSYS, CATIA, SQL",84.8,87.5,60.6,66.6,Placed,L&T,Design Engineer,4.25
STU20274265,Male,2026,EEE,7.68,81.0,78.8,1,Yes,2,2,"Embedded C, SQL, C++, Python, AutoCAD, Arduino",60.4,93.5,71.8,56.0,Placed,Wipro,Embedded Engineer,7.25
STU20274266,Female,2026,ECE,7.7,84.0,90.4,1,No,3,1,"C++, IoT, Git, C",84.0,89.9,81.5,71.2,Placed,Wipro,Network Engineer,6.59
STU20274267,Male,2027,IT,6.26,75.4,77.7,4,No,0,1,"React, Java, Node.js, SQL, MongoDB, Git",75.5,76.8,67.8,66.0,Not Placed,Not Placed,Not Placed,0.0
STU20274268,Female,2027,Mechanical,6.89,83.1,70.8,3,Yes,4,2,"SolidWorks, C, AutoCAD, CATIA, Excel, MATLAB",78.7,75.9,74.2,73.5,Placed,Maruti Suzuki,Graduate Engineer Trainee,4.7
STU20274269,Female,2026,Mechanical,7.45,86.3,77.1,1,No,3,2,"SolidWorks, CATIA, AutoCAD, C",79.5,81.5,54.0,74.2,Not Placed,Not Placed,Not Placed,0.0
STU20274270,Female,2026,EEE,7.04,77.4,77.0,2,Yes,2,3,"Embedded C, C++, Java, MATLAB",66.5,69.9,64.0,81.4,Placed,Schneider Electric,Electrical Engineer,5.92
STU20274271,Male,2027,Civil,7.0,77.7,82.0,2,No,1,0,"C, Primavera, Revit, AutoCAD, MATLAB, Python",76.1,69.5,71.1,47.7,Not Placed,Not Placed,Not Placed,0.0
STU20274272,Female,2027,IT,9.8,78.6,90.7,0,Yes,3,3,"SQL, DSA, Node.js, Java, Python",98.0,98.0,79.9,88.5,Placed,Zoho,Full Stack Developer,7.51
STU20274273,Female,2027,Mechanical,7.34,69.4,73.7,3,No,2,2,"SolidWorks, Python, C++, CATIA",93.6,85.7,55.3,80.5,Not Placed,Not Placed,Not Placed,0.0
STU20274274,Male,2027,Mechanical,7.79,86.4,67.5,1,Yes,2,0,"CATIA, C, Python, SQL",72.0,86.6,60.2,66.1,Placed,Tata Motors,Graduate Engineer Trainee,4.92
STU20274275,Male,2025,CSE,8.21,82.8,64.2,1,Yes,3,2,"React, C++, MongoDB, Java",79.1,98.0,71.1,83.7,Placed,Wipro,Backend Developer,7.45
STU20274276,Male,2026,CSE,8.5,84.1,70.0,1,Yes,2,2,"MongoDB, Python, JavaScript, C++",98.0,74.4,83.7,70.0,Placed,Deloitte,Software Developer,6.96
STU20274277,Female,2026,IT,7.49,72.6,71.1,3,No,3,1,"AWS, MongoDB, Java",87.1,63.3,97.3,69.4,Not Placed,Not Placed,Not Placed,0.0
STU20274278,Male,2024,Mechanical,8.61,90.9,88.8,1,No,3,0,"ANSYS, C, CATIA, MATLAB",92.4,82.9,60.3,67.2,Placed,Mahindra,Design Engineer,6.47
STU20274279,Male,2026,IT,8.28,77.1,88.0,0,Yes,2,3,"Java, DSA, AWS, React, MongoDB",59.7,98.0,73.8,64.3,Placed,Accenture,Support Engineer,5.13
STU20274280,Female,2025,EEE,6.56,68.8,79.4,1,Yes,2,1,"C++, MATLAB, SQL",83.8,90.2,53.0,57.9,Not Placed,Not Placed,Not Placed,0.0
STU20274281,Female,2025,CSE,7.91,73.8,85.0,0,Yes,2,0,"Python, React, MongoDB, Java, SQL",76.2,82.5,71.3,98.0,Placed,Deloitte,Backend Developer,5.27
STU20274282,Female,2024,IT,7.75,88.4,71.0,1,No,2,0,"Git, MongoDB, React, Node.js, SQL, Java",81.6,76.9,66.0,76.5,Placed,TCS,Software Developer,5.43
STU20274283,Male,2026,ECE,7.56,69.1,64.8,1,No,1,1,"C, Java, SQL, MATLAB, Python, Embedded C",66.8,81.9,75.5,70.7,Placed,TCS,QA Engineer,4.45
STU20274284,Male,2026,CSE,8.43,73.8,70.7,0,No,3,1,"JavaScript, Python, Java, DSA",98.0,97.9,47.9,90.8,Placed,Infosys,Data Analyst,6.86
STU20274285,Male,2026,Mechanical,8.09,98.0,62.6,1,Yes,3,0,"MATLAB, C, C++, AutoCAD, ANSYS",71.3,75.2,68.0,52.8,Not Placed,Not Placed,Not Placed,0.0
STU20274286,Male,2024,CSE,8.44,85.7,70.0,0,Yes,3,1,"MongoDB, Git, React, C++",98.0,81.0,75.2,70.1,Placed,TCS,Data Analyst,6.25
STU20274287,Female,2026,Civil,7.79,72.3,72.5,0,No,3,1,"Revit, Python, STAAD Pro, SQL",81.8,84.4,73.8,61.6,Not Placed,Not Placed,Not Placed,0.0
STU20274288,Male,2024,CSE,8.07,70.6,78.0,0,Yes,3,3,"SQL, DSA, Python, Java",80.8,98.0,76.5,67.1,Placed,Tech Mahindra,Data Analyst,7.14
STU20274289,Male,2025,Civil,5.67,60.5,71.3,1,No,0,1,"SQL, Primavera, Revit",52.8,76.7,64.7,69.4,Not Placed,Not Placed,Not Placed,0.0
STU20274290,Male,2025,ECE,8.41,79.7,72.9,0,Yes,4,0,"Embedded C, SQL, Git, MATLAB, C",80.8,66.3,90.0,67.7,Placed,L&T Technology Services,Embedded Engineer,6.65
STU20274291,Male,2027,CSE,8.42,84.1,81.7,2,No,0,3,"React, DSA, C++, Python",74.7,94.5,91.0,47.6,Placed,TCS,Software Developer,6.31
STU20274292,Female,2025,CSE,7.16,86.5,69.6,4,No,3,2,"DSA, Java, Git, SQL, MongoDB",79.9,82.2,65.9,56.8,Placed,TCS,QA Engineer,5.55
STU20274293,Female,2026,CSE,8.24,65.3,77.3,0,Yes,3,0,"SQL, DSA, Git",90.2,90.1,66.2,62.0,Placed,Capgemini,Data Analyst,8.04
STU20274294,Male,2027,ECE,8.3,69.5,69.6,2,No,3,1,"SQL, MATLAB, C",81.5,83.8,75.8,63.7,Placed,Infosys,QA Engineer,6.27
STU20274295,Male,2025,Mechanical,8.55,78.5,85.7,0,Yes,4,1,"ANSYS, C, CATIA, AutoCAD, SQL",94.2,93.7,84.7,61.6,Placed,Mahindra,Production Engineer,5.78
STU20274296,Male,2027,IT,8.33,98.0,77.6,0,No,2,1,"Node.js, Python, AWS, MongoDB, DSA, JavaScript",95.8,85.1,73.9,66.9,Not Placed,Not Placed,Not Placed,0.0
STU20274297,Male,2024,IT,8.17,84.6,81.8,2,No,2,1,"DSA, JavaScript, Java, MongoDB",93.6,78.4,58.5,67.2,Placed,HCLTech,Support Engineer,5.9
STU20274298,Female,2025,ECE,8.55,82.0,69.6,1,Yes,3,2,"C++, Java, Git, SQL, Embedded C",92.8,81.7,86.7,47.1,Placed,TCS,Embedded Engineer,6.75
STU20274299,Male,2024,ECE,7.49,68.2,76.4,1,No,1,1,"SQL, C, Python, MATLAB, IoT",81.0,77.0,75.1,56.1,Not Placed,Not Placed,Not Placed,0.0
STU20274300,Male,2026,EEE,8.0,63.2,80.6,1,Yes,2,1,"MATLAB, AutoCAD, SQL, C++, Embedded C",67.3,70.1,94.9,75.6,Placed,HCLTech,Software Developer,6.74
STU20274301,Female,2027,IT,7.37,76.7,60.6,1,No,2,2,"SQL, Git, Java, React",79.4,77.4,59.8,67.7,Not Placed,Not Placed,Not Placed,0.0
STU20274302,Male,2026,EEE,8.59,78.8,86.4,1,No,2,1,"SQL, Java, Python",69.9,82.7,77.5,47.9,Not Placed,Not Placed,Not Placed,0.0
STU20274303,Male,2026,Civil,6.13,,62.8,5,No,1,2,"C, MATLAB, AutoCAD, Excel, GIS, SQL",80.4,84.5,70.1,78.7,Not Placed,Not Placed,Not Placed,0.0
STU20274304,Male,2025,IT,8.59,76.8,79.7,0,Yes,4,3,"Java, SQL, Node.js, MongoDB, JavaScript, Git",91.4,98.0,71.5,80.3,Placed,Capgemini,Data Analyst,7.82
STU20274305,Male,2027,CSE,8.02,72.8,89.2,2,Yes,3,2,"Git, JavaScript, SQL",96.2,98.0,59.8,98.0,Placed,Wipro,Data Analyst,7.08
STU20274306,Male,2025,CSE,8.82,73.2,85.5,0,No,3,4,"Python, C++, Git, React, MongoDB, SQL",98.0,77.8,78.9,90.2,Placed,Wipro,QA Engineer,7.94
STU20274307,Female,2025,ECE,7.09,85.5,63.7,0,No,2,2,"Arduino, SQL, Git, C, IoT, Python",80.7,77.9,62.8,58.8,Placed,L&T Technology Services,Embedded Engineer,4.94
STU20274308,Female,2027,IT,7.98,71.7,75.3,0,No,2,0,"AWS, JavaScript, SQL, React, Python, DSA",71.8,93.2,72.3,67.5,Placed,Deloitte,Data Analyst,6.91
STU20274309,Male,2025,Civil,7.55,74.9,84.0,0,Yes,1,1,"Excel, SQL, C",48.3,82.0,70.7,73.4,Not Placed,Not Placed,Not Placed,0.0
STU20274310,Male,2025,ECE,8.12,78.0,71.2,1,No,1,2,"IoT, Arduino, MATLAB, C++, Embedded C",84.6,81.9,58.7,84.3,Placed,HCLTech,Network Engineer,5.26
STU20274311,Male,2024,ECE,6.86,80.1,71.0,1,No,2,1,"Git, Arduino, MATLAB, Embedded C",72.3,68.0,61.8,65.6,Not Placed,Not Placed,Not Placed,0.0
STU20274312,Male,2024,Mechanical,8.09,72.3,74.1,1,Yes,4,1,"MATLAB, SolidWorks, AutoCAD, ANSYS",95.1,93.4,67.0,89.1,Placed,L&T,Design Engineer,7.82
STU20274313,Male,2027,CSE,6.43,80.9,76.4,2,Yes,1,0,"DSA, MongoDB, JavaScript, React, SQL",78.0,73.5,66.6,76.4,Placed,Capgemini,Software Developer,7.1
STU20274314,Male,2026,Mechanical,6.98,71.4,63.1,0,No,3,0,"C, SolidWorks, Excel",84.6,74.0,74.1,59.4,Placed,Mahindra,Production Engineer,4.99
STU20274315,Male,2027,CSE,6.67,73.5,77.4,0,Yes,1,1,"SQL, Java, React, MongoDB, C++, Python",73.8,84.9,70.9,58.9,Placed,Infosys,Software Developer,6.97
STU20274316,Female,2024,ECE,8.45,90.6,73.5,0,Yes,3,0,"IoT, Arduino, Java",64.8,98.0,85.1,85.2,Placed,TCS,Software Developer,4.79
STU20274317,Female,2026,Civil,7.84,70.8,76.1,1,Yes,3,1,"MATLAB, Primavera, Revit, STAAD Pro",96.9,74.8,73.4,84.6,Placed,Adani,Civil Engineer,4.66
STU20274318,Male,2026,Mechanical,7.94,82.9,74.9,1,No,2,1,"CATIA, C++, Python, C, SolidWorks, SQL",64.6,88.5,97.7,82.1,Placed,Bosch,Production Engineer,4.89
STU20274319,Female,2026,Mechanical,8.8,87.0,83.0,0,No,2,3,"C, Python, AutoCAD",76.2,92.4,80.3,38.0,Placed,Bosch,Graduate Engineer Trainee,6.42
STU20274320,Male,2026,IT,7.63,79.2,75.5,2,Yes,3,2,"Node.js, React, SQL, Java",76.7,91.1,53.2,71.4,Not Placed,Not Placed,Not Placed,0.0
STU20274321,Female,2026,Mechanical,8.07,77.4,86.9,0,No,3,1,"Python, C++, SQL, MATLAB",83.1,98.0,67.2,84.0,Not Placed,Not Placed,Not Placed,0.0
STU20274322,Male,2026,ECE,7.81,92.4,83.0,0,Yes,1,1,"Arduino, MATLAB, Java",72.7,94.8,98.0,55.8,Placed,Infosys,Network Engineer,5.35
STU20274323,Male,2027,ECE,7.68,77.1,70.2,0,Yes,3,3,"C, C++, Python, Git",74.2,81.9,53.3,79.8,Placed,L&T Technology Services,Network Engineer,5.68
STU20274324,Male,2025,CSE,9.11,82.2,89.2,0,Yes,4,3,"Java, C++, SQL",98.0,79.0,82.7,66.4,Placed,Accenture,Backend Developer,7.04
STU20274325,Male,2025,CSE,9.77,80.1,83.6,0,Yes,3,0,"SQL, Java, DSA, Python",75.4,90.4,98.0,61.7,Placed,Deloitte,Backend Developer,8.28
STU20274326,Male,2026,ECE,7.38,77.5,76.1,3,No,1,2,"C, Embedded C, Java",69.4,79.5,53.6,60.3,Not Placed,Not Placed,Not Placed,0.0
STU20274327,Male,2025,CSE,8.71,86.5,84.5,1,No,2,1,"MongoDB, Java, JavaScript",58.4,59.0,95.5,88.0,Placed,Infosys,Backend Developer,6.76
STU20274328,Male,2024,EEE,7.92,75.9,69.1,1,Yes,5,2,"Embedded C, Python, C, MATLAB, C++",74.7,98.0,92.3,83.7,Placed,HCLTech,Embedded Engineer,7.85
STU20274329,Male,2027,Mechanical,7.83,62.8,66.5,1,No,4,2,"Excel, MATLAB, C, CATIA",65.4,81.9,67.9,67.6,Placed,L&T,Design Engineer,5.46
STU20274330,Male,2024,Civil,7.71,80.9,76.0,0,No,2,0,"SQL, STAAD Pro, GIS, Revit",87.4,79.0,46.6,95.4,Placed,Tata Projects,Graduate Engineer Trainee,3.88
STU20274331,Male,2025,CSE,7.72,69.8,71.6,1,No,3,0,"MongoDB, Java, DSA, Git, React",83.3,75.4,79.1,47.5,Not Placed,Not Placed,Not Placed,0.0
STU20274332,Male,2026,Civil,5.2,76.2,83.6,6,No,0,2,"GIS, Revit, AutoCAD",51.3,65.9,59.9,61.3,Not Placed,Not Placed,Not Placed,0.0
STU20274333,Male,2024,CSE,9.3,81.2,74.8,0,No,3,1,"React, Node.js, Java, JavaScript, DSA, Python",50.6,98.0,75.0,88.2,Placed,Accenture,Backend Developer,6.92
STU20274334,Male,2024,IT,7.31,82.9,75.0,1,No,1,1,"Java, Node.js, Python, SQL",55.7,78.9,78.2,66.8,Placed,Infosys,Support Engineer,5.8
STU20274335,Male,2024,Mechanical,7.34,69.7,76.2,2,Yes,1,3,"ANSYS, MATLAB, C++, Excel, CATIA",61.0,98.0,69.8,70.5,Placed,Jindal Steel,Design Engineer,3.84
STU20274336,Female,2024,CSE,7.81,73.8,84.7,1,Yes,2,3,"JavaScript, Node.js, Java, Python, React",74.7,92.3,50.9,71.5,Placed,Accenture,Web Developer,6.37
STU20274337,Male,2025,CSE,7.33,73.9,67.8,2,No,1,0,"C++, Python, Git, MongoDB",83.2,83.2,68.1,63.5,Not Placed,Not Placed,Not Placed,0.0
STU20274338,Male,2027,CSE,8.2,68.1,65.9,0,No,3,2,"DSA, JavaScript, Python, React, C++, SQL",66.2,85.5,77.8,80.1,Placed,TCS,Software Developer,6.37
STU20274339,Male,2025,ECE,7.71,85.1,85.6,1,No,3,1,"Java, Git, Arduino, IoT, Embedded C, Python",64.8,82.4,77.5,59.1,Placed,Tech Mahindra,QA Engineer,5.0
STU20274340,Male,2025,Mechanical,6.94,64.0,74.3,0,No,2,1,,54.6,88.0,84.7,98.0,Not Placed,Not Placed,Not Placed,0.0
STU20274341,Male,2026,CSE,8.13,86.0,82.6,1,No,1,0,"Node.js, Java, SQL, Git",78.2,92.0,47.6,52.0,Placed,Capgemini,Software Developer,7.12
STU20274342,Male,2025,CSE,7.97,80.9,82.5,0,Yes,2,0,"SQL, React, Java, DSA, Node.js, MongoDB",53.8,83.5,85.3,93.3,Placed,TCS,QA Engineer,5.82
STU20274343,Female,2025,ECE,8.54,78.0,85.3,1,Yes,4,1,"SQL, C++, IoT, C",66.5,94.3,69.5,82.9,Placed,HCLTech,Network Engineer,6.75
STU20274344,Male,2025,CSE,6.86,77.6,70.9,1,Yes,3,5,"React, SQL, DSA, Python, Node.js",82.5,85.4,70.1,64.8,Placed,TCS,Backend Developer,6.12
STU20274345,Male,2025,EEE,6.97,77.6,69.3,0,Yes,3,0,"SQL, Arduino, C++, AutoCAD",95.6,79.5,79.4,76.1,Placed,Schneider Electric,Software Developer,6.01
STU20274346,Male,2025,Civil,8.12,75.5,63.0,0,No,4,4,"GIS, Excel, C, SQL, Primavera",86.4,93.5,62.9,79.1,Placed,Adani,Graduate Engineer Trainee,4.67
STU20274347,Male,2024,EEE,7.11,77.9,67.2,1,No,1,0,"Embedded C, MATLAB, Java, C++",69.3,75.4,63.7,76.5,Not Placed,Not Placed,Not Placed,0.0
STU20274348,Female,2027,Mechanical,6.78,80.1,73.7,0,Yes,3,1,"C++, SolidWorks, AutoCAD, C, CATIA, MATLAB",98.0,88.4,74.7,50.2,Placed,L&T,Design Engineer,5.35
STU20274349,Female,2027,ECE,7.25,69.5,69.7,3,No,1,1,"IoT, C++, SQL",67.5,77.2,61.6,73.6,Placed,HCLTech,Software Developer,4.59
STU20274350,Male,2027,Mechanical,7.46,79.1,67.2,0,No,3,3,"Excel, MATLAB, AutoCAD, ANSYS, SQL",73.6,79.5,74.4,52.3,Placed,L&T,Production Engineer,4.98
STU20274351,Female,2024,CSE,7.92,59.4,76.7,3,Yes,3,4,"Node.js, React, DSA",75.7,87.4,57.9,85.6,Placed,TCS,QA Engineer,7.54
STU20274352,Male,2026,CSE,7.82,64.0,85.5,2,No,0,3,"DSA, Java, SQL, JavaScript",92.1,80.2,87.3,81.8,Placed,Tech Mahindra,Web Developer,4.4
STU20274353,Male,2026,ECE,6.88,79.2,73.2,1,No,2,2,"Arduino, SQL, C, IoT",80.9,83.8,77.6,52.6,Placed,Wipro,Network Engineer,4.75
STU20274354,Female,2024,CSE,8.66,76.7,70.5,1,No,2,0,"Python, Git, DSA, MongoDB, Java",89.6,78.7,64.9,45.3,Placed,Infosys,Data Analyst,4.77
STU20274355,Female,2027,Mechanical,8.68,73.7,87.3,0,No,2,2,"C++, CATIA, C, SolidWorks, MATLAB, SQL",87.3,98.0,89.1,65.3,Placed,Mahindra,Design Engineer,6.38
STU20274356,Male,2027,EEE,6.03,72.7,65.9,4,No,1,0,"Embedded C, Java, MATLAB, SQL",62.2,67.0,69.8,66.1,Not Placed,Not Placed,Not Placed,0.0
STU20274357,Female,2024,Civil,6.18,70.7,82.0,4,No,2,1,"Primavera, C, AutoCAD, Excel",67.0,89.6,52.5,69.1,Not Placed,Not Placed,Not Placed,0.0
STU20274358,Male,2027,IT,8.75,73.0,76.8,1,Yes,3,2,"MongoDB, SQL, Python",74.7,90.5,84.1,78.1,Placed,HCLTech,Full Stack Developer,7.93
STU20274359,Male,2024,ECE,9.08,69.2,80.2,2,No,2,1,"Java, SQL, IoT",80.6,93.7,85.8,67.1,Not Placed,Not Placed,Not Placed,0.0
STU20274360,Male,2025,EEE,5.84,58.8,81.7,3,No,0,1,"MATLAB, Arduino, SQL, Python",67.6,79.1,43.0,70.2,Not Placed,Not Placed,Not Placed,0.0
STU20274361,Male,2024,CSE,8.69,84.9,69.0,0,Yes,3,2,"Python, SQL, Git, Java, DSA",83.6,98.0,43.4,63.0,Placed,Accenture,Backend Developer,6.64
STU20274362,Male,2024,ECE,9.14,77.9,72.3,1,Yes,4,2,"Python, Embedded C, C++, MATLAB, Git",98.0,98.0,71.5,60.7,Placed,Wipro,Network Engineer,6.6
STU20274363,Male,2027,ECE,7.02,82.3,71.7,0,No,3,2,"MATLAB, Arduino, Python, C++, Embedded C",80.8,98.0,58.7,76.2,Placed,TCS,Embedded Engineer,4.98
STU20274364,Male,2026,Civil,8.84,77.1,77.9,0,No,3,0,"Primavera, STAAD Pro, Revit",89.0,86.7,83.8,75.2,Not Placed,Not Placed,Not Placed,0.0
STU20274365,Female,2025,EEE,7.5,79.2,93.7,2,Yes,3,0,"Java, IoT, C, MATLAB, Python",69.6,64.9,61.5,68.7,Placed,Siemens,Electrical Engineer,7.25
STU20274366,Male,2027,CSE,8.27,77.8,71.1,1,No,3,1,"MongoDB, React, Python, C++, Java, SQL",69.1,85.5,65.4,56.4,Placed,Wipro,Backend Developer,6.4
STU20274367,Female,2027,IT,7.29,76.5,65.6,1,No,3,3,"SQL, Node.js, Python",65.4,92.9,92.9,87.6,Placed,TCS,Software Developer,6.21
STU20274368,Female,2027,ECE,8.6,80.2,71.7,2,Yes,4,1,"SQL, IoT, MATLAB, Python, Embedded C",98.0,93.5,91.0,93.5,Placed,L&T Technology Services,QA Engineer,6.39
STU20274369,Female,2027,CSE,8.71,76.7,80.1,0,No,5,1,"JavaScript, MongoDB, Git, React, DSA, Java",70.3,80.9,55.2,82.7,Placed,Infosys,Backend Developer,7.71
STU20274370,Female,2027,IT,9.37,72.8,83.7,0,No,4,3,"SQL, JavaScript, Git, Python, DSA, MongoDB",94.1,93.5,95.2,76.6,Placed,Capgemini,Support Engineer,7.07
STU20274371,Female,2026,IT,9.12,86.2,74.7,0,Yes,4,1,"Node.js, DSA, AWS, MongoDB, SQL, JavaScript",92.9,83.5,97.1,59.9,Placed,Infosys,Full Stack Developer,9.3
STU20274372,Male,2025,CSE,7.99,89.1,76.7,0,No,2,0,,71.7,74.3,70.4,84.4,Placed,TCS,Software Developer,7.07
STU20274373,Female,2027,ECE,9.8,94.1,95.1,0,No,4,3,"Python, Embedded C, IoT",93.6,98.0,74.4,75.9,Placed,L&T Technology Services,Embedded Engineer,7.48
STU20274374,Female,2024,CSE,9.15,77.0,80.0,0,No,4,2,"C++, JavaScript, DSA, Java, Python",92.8,98.0,52.3,56.7,Placed,Zoho,Web Developer,7.67
STU20274375,Male,2024,ECE,8.21,73.4,79.4,3,No,1,0,"IoT, SQL, Embedded C, Arduino, Python",64.7,73.3,55.6,77.5,Not Placed,Not Placed,Not Placed,0.0
STU20274376,Male,2025,CSE,7.15,72.0,87.5,1,No,3,1,"Git, Java, SQL, C++, MongoDB",68.8,73.9,67.4,62.9,Placed,Accenture,QA Engineer,4.95
STU20274377,Female,2025,EEE,6.35,72.6,67.3,4,No,1,3,"Java, SQL, Arduino",67.6,84.4,59.6,78.9,Not Placed,Not Placed,Not Placed,0.0
STU20274378,Male,2026,CSE,6.77,74.6,67.9,2,Yes,2,0,"C++, SQL, JavaScript, Java",72.6,66.3,62.9,86.7,Placed,Accenture,QA Engineer,4.8
STU20274379,Male,2027,Mechanical,6.76,67.9,70.0,1,No,2,0,"Excel, Python, CATIA",56.7,65.8,72.0,75.2,Not Placed,Not Placed,Not Placed,0.0
STU20274380,Male,2026,CSE,9.17,70.6,76.1,0,Yes,3,5,"SQL, DSA, Node.js, C++",88.4,98.0,98.0,63.0,Placed,TCS,Backend Developer,9.15
STU20274381,Male,2026,ECE,8.16,78.7,64.3,1,Yes,3,1,"C, Java, Git",83.8,80.0,65.3,80.4,Placed,Infosys,Embedded Engineer,6.09
STU20274382,Male,2025,IT,7.38,51.7,75.9,1,No,1,0,"React, DSA, Git",85.4,58.1,62.2,75.7,Not Placed,Not Placed,Not Placed,0.0
STU20274383,Male,2026,CSE,7.88,77.0,77.8,2,No,3,1,"MongoDB, Java, Git, React, DSA",80.6,71.5,70.1,60.6,Not Placed,Not Placed,Not Placed,0.0
STU20274384,Female,2024,IT,7.68,70.6,74.4,3,Yes,3,5,"React, DSA, Node.js, AWS, SQL, Python",75.1,71.0,67.6,68.9,Placed,Accenture,Full Stack Developer,7.88
STU20274385,Male,2024,Mechanical,8.23,84.0,79.0,0,No,2,0,"MATLAB, SQL, AutoCAD, CATIA",89.4,98.0,95.2,91.9,Placed,L&T,Production Engineer,5.01
STU20274386,Male,2026,Civil,6.75,82.2,75.0,0,No,2,2,"MATLAB, STAAD Pro, Excel, C, Revit",86.1,78.0,64.7,88.9,Placed,Afcons Infrastructure,Graduate Engineer Trainee,2.5
STU20274387,Female,2026,IT,8.2,86.0,67.9,2,Yes,3,0,"Python, MongoDB, Git, Java, React",65.9,73.1,84.9,66.4,Placed,Deloitte,Data Analyst,6.86
STU20274388,Female,2025,CSE,8.26,76.2,79.3,1,No,3,1,"Python, JavaScript, SQL, React, Node.js",76.5,91.4,98.0,44.7,Placed,Deloitte,Data Analyst,7.28
STU20274389,Male,2025,EEE,6.93,67.4,77.6,2,Yes,2,2,"MATLAB, C, IoT",48.2,96.8,90.6,90.8,Not Placed,Not Placed,Not Placed,0.0
STU20274390,Male,2024,ECE,9.1,75.0,68.4,0,Yes,3,3,"C, Embedded C, Python, Java",75.4,92.3,74.3,98.0,Placed,L&T Technology Services,Embedded Engineer,6.22
STU20274391,Male,2026,CSE,7.75,79.4,86.2,3,Yes,1,1,"Java, DSA, SQL, MongoDB, JavaScript, React",93.0,96.6,65.2,91.9,Placed,Capgemini,Backend Developer,6.51
STU20274392,Female,2025,EEE,6.81,63.5,64.7,1,No,3,0,"MATLAB, C++, IoT",62.6,73.2,55.1,64.7,Not Placed,Not Placed,Not Placed,0.0
STU20274393,Male,2025,ECE,8.47,88.9,69.9,0,No,1,1,"C, SQL, MATLAB, Git, C++, Java",84.4,72.1,75.5,77.0,Placed,L&T Technology Services,Embedded Engineer,4.79
STU20274394,Male,2027,ECE,7.8,75.2,77.5,1,No,4,0,"Arduino, Git, IoT, Embedded C",87.8,98.0,51.0,57.9,Not Placed,Not Placed,Not Placed,0.0
STU20274395,Female,2026,IT,8.25,82.1,81.0,0,No,2,1,"JavaScript, MongoDB, Python",73.2,77.0,98.0,82.0,Placed,Infosys,Software Developer,6.41
STU20274396,Male,2024,IT,6.89,62.8,79.0,2,No,3,3,"Java, Node.js, Python, DSA, SQL, AWS",70.4,77.3,60.8,62.0,Not Placed,Not Placed,Not Placed,0.0
STU20274397,Male,2026,CSE,8.69,73.2,82.4,1,Yes,4,1,"SQL, MongoDB, DSA",98.0,98.0,75.6,65.4,Placed,TCS,Web Developer,9.28
STU20274398,Female,2024,EEE,9.5,68.4,77.0,0,Yes,4,3,"Embedded C, SQL, Python, MATLAB, IoT",98.0,97.9,81.8,72.0,Placed,L&T Technology Services,Software Developer,7.51
STU20274399,Female,2024,CSE,6.93,82.5,74.5,1,Yes,2,0,"JavaScript, Java, DSA, Git",98.0,74.5,52.4,66.3,Placed,Cognizant,Data Analyst,6.56
STU20274400,Male,2026,EEE,7.95,76.8,74.2,2,Yes,2,3,"AutoCAD, MATLAB, Embedded C, SQL",48.0,84.2,85.1,81.8,Placed,Schneider Electric,Graduate Engineer Trainee,6.41
STU20274401,Male,2024,Mechanical,6.88,79.2,74.8,4,No,1,1,"C++, AutoCAD, ANSYS, CATIA, Excel",77.2,69.2,74.0,58.8,Not Placed,Not Placed,Not Placed,0.0
STU20274402,Male,2025,EEE,9.8,82.9,81.9,0,No,3,3,"MATLAB, Java, IoT, AutoCAD, Python, SQL",61.8,98.0,76.0,98.0,Placed,Siemens,Embedded Engineer,7.3
STU20274403,Male,2027,CSE,9.05,83.9,75.9,0,No,3,0,"React, MongoDB, C++, SQL, DSA, JavaScript",86.2,92.6,81.5,75.6,Placed,Tech Mahindra,Data Analyst,8.22
STU20274404,Male,2026,CSE,8.24,76.2,74.8,3,No,1,5,"Node.js, Java, Python, JavaScript, C++",74.9,88.5,72.2,64.8,Not Placed,Not Placed,Not Placed,0.0
STU20274405,Female,2027,IT,6.86,73.7,60.6,0,No,1,2,"Node.js, Git, AWS, MongoDB",56.9,83.5,67.6,57.3,Not Placed,Not Placed,Not Placed,0.0
STU20274406,Male,2027,ECE,6.91,74.6,79.5,4,No,0,2,"Java, C++, SQL, Python, IoT, MATLAB",61.1,80.7,59.3,65.3,Not Placed,Not Placed,Not Placed,0.0
STU20274407,Male,2025,Civil,8.13,81.2,79.0,1,No,2,2,"Primavera, SQL, STAAD Pro, MATLAB, Python, Revit",75.9,89.5,74.4,66.5,Placed,Tata Projects,Site Engineer,5.28
STU20274408,Male,2026,IT,6.74,,57.1,2,Yes,2,0,"DSA, JavaScript, Node.js, SQL, Java, Git",77.8,71.9,72.8,69.7,Placed,TCS,QA Engineer,5.63
STU20274409,Female,2025,Mechanical,6.42,93.7,77.9,0,Yes,1,0,"SolidWorks, Excel, AutoCAD, C",54.7,67.9,55.3,67.1,Not Placed,Not Placed,Not Placed,0.0
STU20274410,Male,2026,CSE,8.01,89.8,76.3,0,No,2,2,"React, Git, MongoDB, Java, JavaScript, Python",70.0,88.8,76.1,59.1,Placed,Infosys,Data Analyst,6.72
STU20274411,Male,2025,IT,8.01,65.6,70.1,1,Yes,3,2,"DSA, Git, Python, AWS, Java",87.6,74.6,47.3,83.9,Placed,Deloitte,Software Developer,7.03
STU20274412,Male,2024,CSE,8.32,77.8,70.3,0,No,3,1,"MongoDB, React, Node.js, DSA, C++, SQL",91.6,98.0,89.8,86.0,Placed,Capgemini,Backend Developer,7.77
STU20274413,Male,2024,EEE,7.28,73.4,69.8,1,No,3,0,"IoT, Java, Embedded C, C++",98.0,53.7,53.5,58.7,Not Placed,Not Placed,Not Placed,0.0
STU20274414,Female,2027,CSE,8.78,88.9,72.2,1,No,3,0,"Java, SQL, React",87.2,80.8,53.0,68.4,Placed,Zoho,Web Developer,7.79
STU20274415,Female,2024,CSE,7.27,74.0,69.0,1,Yes,2,0,"DSA, MongoDB, React, Node.js, Python, C++",82.8,82.5,62.9,51.4,Not Placed,Not Placed,Not Placed,0.0
STU20274416,Male,2026,EEE,8.18,81.7,89.0,1,Yes,3,1,"Java, C++, Arduino, Embedded C, C, AutoCAD",79.5,92.7,76.0,66.5,Placed,TCS,Graduate Engineer Trainee,6.34
STU20274417,Male,2027,ECE,7.93,61.5,79.0,1,No,4,3,"SQL, MATLAB, Embedded C",98.0,81.2,68.2,92.6,Placed,L&T Technology Services,QA Engineer,5.18
STU20274418,Female,2026,CSE,8.51,68.7,92.2,3,No,3,2,"Git, JavaScript, SQL, MongoDB",72.7,82.5,85.0,83.4,Placed,Wipro,Backend Developer,7.62
STU20274419,Male,2025,CSE,9.0,95.1,80.9,0,Yes,4,4,"Git, C++, Python, Node.js",88.0,97.5,73.3,80.4,Placed,Tech Mahindra,Backend Developer,7.73
STU20274420,Female,2024,ECE,7.36,76.8,78.9,1,No,3,1,"Arduino, Embedded C, SQL, Git, C",81.1,67.7,67.3,55.1,Not Placed,Not Placed,Not Placed,0.0
STU20274421,Male,2027,IT,7.34,69.4,68.7,5,No,2,2,"MongoDB, Git, JavaScript, Java, DSA, Node.js",81.4,69.7,68.1,60.6,Placed,HCLTech,Full Stack Developer,6.99
STU20274422,Male,2026,CSE,6.56,76.1,71.5,3,No,1,1,"JavaScript, DSA, MongoDB, SQL",80.3,83.1,89.0,62.8,Placed,Tech Mahindra,Data Analyst,3.29
STU20274423,Male,2025,ECE,6.03,65.7,70.7,1,No,2,0,"C, Python, IoT",66.5,79.3,59.4,81.3,Not Placed,Not Placed,Not Placed,0.0
STU20274424,Male,2027,CSE,7.85,75.6,80.5,0,No,2,1,"DSA, Node.js, Java",88.8,82.4,98.0,84.6,Not Placed,Not Placed,Not Placed,0.0
STU20274425,Male,2024,ECE,7.66,67.0,75.3,0,No,2,0,"Python, Arduino, Embedded C, C++, SQL",60.1,87.0,97.2,69.1,Placed,Tech Mahindra,Network Engineer,4.31
STU20274426,Female,2025,IT,6.98,69.9,76.3,0,No,2,0,"SQL, Node.js, MongoDB",76.7,76.8,53.2,79.9,Not Placed,Not Placed,Not Placed,0.0
STU20274427,Male,2024,CSE,7.26,73.2,76.8,2,No,0,1,"DSA, Java, MongoDB",47.5,68.6,81.9,60.3,Placed,Infosys,Software Developer,3.72
STU20274428,Male,2024,CSE,9.29,89.1,78.0,1,No,2,3,"JavaScript, MongoDB, Python, DSA, Node.js",82.5,81.9,69.9,73.0,Placed,Infosys,Software Developer,6.7
STU20274429,Female,2025,CSE,8.74,83.1,75.8,0,Yes,2,1,"Python, DSA, SQL",98.0,92.9,77.7,85.7,Placed,Cognizant,QA Engineer,6.8
STU20274430,Female,2026,CSE,6.93,79.8,69.0,2,No,1,1,"Git, React, C++, Python, Node.js",74.1,69.4,47.7,88.3,Not Placed,Not Placed,Not Placed,0.0
STU20274431,Male,2025,IT,7.52,76.6,82.9,1,No,2,0,"AWS, Node.js, Java, Python",70.7,86.7,69.8,55.2,Placed,Zoho,QA Engineer,5.72
STU20274432,Male,2026,Civil,7.85,83.4,74.1,0,Yes,2,1,"AutoCAD, Excel, MATLAB, SQL",84.2,79.2,98.0,90.6,Placed,Tata Projects,Site Engineer,5.12
STU20274433,Male,2027,Mechanical,7.02,69.4,76.3,1,Yes,4,0,"MATLAB, Python, ANSYS",78.3,92.1,58.8,98.0,Placed,L&T,Graduate Engineer Trainee,5.58
STU20274434,Male,2027,IT,7.21,70.9,73.4,2,No,2,3,"Git, MongoDB, AWS",61.4,73.5,79.7,52.1,Not Placed,Not Placed,Not Placed,0.0
STU20274435,Female,2024,ECE,7.46,79.5,82.6,2,No,1,1,"Python, IoT, Git, Arduino, Java, C++",51.5,67.4,72.7,50.2,Placed,Infosys,Software Developer,4.88
STU20274436,Male,2027,ECE,8.68,77.7,64.5,1,Yes,2,1,"Java, Git, Python, Embedded C, Arduino, C++",82.1,88.5,69.1,92.8,Placed,HCLTech,Embedded Engineer,6.61
STU20274437,Male,2024,Mechanical,8.55,79.3,80.2,0,Yes,3,2,"SolidWorks, Excel, ANSYS, C",81.7,85.8,91.3,68.8,Placed,Bosch,Production Engineer,5.25
STU20274438,Female,2026,CSE,7.37,75.3,66.1,2,No,2,0,"Git, MongoDB, Node.js, Java, JavaScript, C++",72.6,79.3,64.8,67.2,Placed,Deloitte,Software Developer,5.29
STU20274439,Male,2025,IT,8.29,87.5,80.1,0,Yes,2,1,"SQL, AWS, Node.js, DSA, Git",90.4,83.7,74.0,88.1,Placed,Capgemini,QA Engineer,6.97
STU20274440,Male,2026,IT,7.89,86.9,75.3,2,Yes,5,2,"MongoDB, DSA, Node.js",98.0,83.8,75.9,63.2,Placed,Zoho,Software Developer,7.02
STU20274441,Male,2024,CSE,7.14,71.5,63.9,1,No,0,1,"React, Git, C++, Java, Python, Node.js",78.4,73.0,85.7,73.1,Not Placed,Not Placed,Not Placed,0.0
STU20274442,Female,2026,IT,7.65,64.8,78.0,2,No,2,1,"SQL, Git, React, DSA, JavaScript, MongoDB",73.3,59.4,66.8,53.6,Not Placed,Not Placed,Not Placed,0.0
STU20274443,Female,2024,Mechanical,6.48,69.2,74.1,1,No,1,1,"C++, Excel, SQL, ANSYS, SolidWorks, MATLAB",70.6,88.8,96.6,80.4,Placed,Tata Motors,Mechanical Engineer,3.44
STU20274444,Male,2024,Civil,8.49,72.9,76.3,1,No,2,1,"STAAD Pro, C, Primavera, Python",94.8,79.0,52.0,80.4,Placed,Adani,Civil Engineer,4.28
STU20274445,Female,2026,CSE,9.32,87.1,79.4,0,Yes,2,2,"Node.js, React, MongoDB, SQL, JavaScript, Git",96.3,96.0,70.8,76.1,Placed,Infosys,Data Analyst,9.28
STU20274446,Male,2025,IT,7.55,83.3,76.5,1,Yes,2,1,"Git, AWS, MongoDB, JavaScript, Node.js",83.9,59.9,87.6,74.2,Placed,Wipro,Full Stack Developer,6.03
STU20274447,Male,2026,IT,7.35,69.2,83.1,0,No,2,1,"React, DSA, Git, Java, Python, MongoDB",70.1,70.9,63.3,69.9,Placed,Deloitte,Software Developer,6.6
STU20274448,Male,2026,ECE,8.65,74.3,76.2,0,No,3,0,"MATLAB, IoT, SQL, Arduino",98.0,88.2,78.1,68.0,Placed,HCLTech,Embedded Engineer,5.05
STU20274449,Male,2026,ECE,8.78,69.6,85.8,0,No,3,3,"MATLAB, Python, IoT, Arduino, Java, SQL",98.0,98.0,63.9,69.2,Placed,L&T Technology Services,Software Developer,6.93
STU20274450,Male,2026,CSE,7.05,76.6,73.8,4,No,3,3,"JavaScript, Python, Git, C++",87.6,88.2,51.0,80.5,Placed,Deloitte,Backend Developer,6.92
STU20274451,Female,2027,Mechanical,7.42,76.2,84.1,1,No,0,0,"ANSYS, C++, SolidWorks",98.0,80.6,64.2,48.7,Placed,L&T,Mechanical Engineer,3.51
STU20274452,Male,2027,Civil,7.45,82.1,73.5,0,Yes,2,1,"AutoCAD, Revit, STAAD Pro, Excel",86.2,75.3,80.9,96.1,Placed,JLL,Civil Engineer,3.79
STU20274453,Female,2024,ECE,7.09,79.2,69.5,4,No,4,0,"C, C++, Git, MATLAB, Python, Java",94.2,79.2,61.8,72.3,Placed,HCLTech,Embedded Engineer,5.76
STU20274454,Male,2026,EEE,7.98,82.2,68.9,0,No,3,1,"IoT, Arduino, Python, SQL, C++",90.1,82.3,72.0,97.1,Not Placed,Not Placed,Not Placed,0.0
STU20274455,Male,2026,ECE,7.16,65.1,74.1,2,No,0,1,"C, Embedded C, C++, Arduino, Java, IoT",69.2,78.8,63.4,73.1,Not Placed,Not Placed,Not Placed,0.0
STU20274456,Male,2024,IT,7.44,72.2,69.5,0,No,2,0,"Git, Node.js, Python, React, SQL, AWS",63.1,90.5,79.9,70.2,Not Placed,Not Placed,Not Placed,0.0
STU20274457,Male,2025,CSE,7.91,84.4,86.2,0,Yes,2,3,"DSA, MongoDB, Git, SQL, React, Node.js",70.3,82.9,52.1,81.6,Placed,Wipro,QA Engineer,6.26
STU20274458,Male,2025,ECE,6.48,70.4,66.4,1,No,1,1,"Java, IoT, Arduino, Embedded C, MATLAB, C++",60.8,74.1,65.7,55.1,Not Placed,Not Placed,Not Placed,0.0
STU20274459,Male,2026,CSE,6.25,62.2,67.0,1,No,3,1,"MongoDB, Git, Python, DSA, React",59.2,71.7,61.7,57.3,Placed,Zoho,Backend Developer,6.16
STU20274460,Female,2025,Mechanical,8.33,84.5,81.6,2,No,3,1,"ANSYS, MATLAB, Python",80.7,83.4,62.7,67.7,Placed,Mahindra,Design Engineer,6.5
STU20274461,Female,2026,IT,7.27,72.1,82.9,2,No,0,1,"AWS, Node.js, Java, MongoDB, SQL, DSA",71.4,87.6,86.2,71.0,Placed,Deloitte,Support Engineer,3.33
STU20274462,Male,2026,IT,9.71,89.7,86.3,0,No,3,2,"MongoDB, Node.js, Java, AWS, React",98.0,98.0,57.5,82.5,Placed,Deloitte,Data Analyst,6.85
STU20274463,Male,2026,IT,9.58,81.8,88.3,0,Yes,4,1,"Node.js, DSA, JavaScript, MongoDB, Git",78.4,97.0,84.3,75.0,Placed,Accenture,Software Developer,7.22
STU20274464,Male,2025,Civil,7.07,73.7,73.5,1,No,2,0,"Excel, Revit, GIS, C, SQL, Primavera",86.1,75.0,75.4,87.5,Not Placed,Not Placed,Not Placed,0.0
STU20274465,Female,2027,CSE,9.8,92.0,81.0,0,Yes,4,1,"DSA, JavaScript, C++",97.2,86.3,75.3,41.9,Placed,Capgemini,Backend Developer,7.1
STU20274466,Male,2026,CSE,8.8,70.9,92.8,0,Yes,2,4,"C++, Node.js, Git, React, DSA",88.5,98.0,98.0,95.8,Placed,Cognizant,QA Engineer,8.89
STU20274467,Male,2024,CSE,7.45,86.7,86.9,1,Yes,2,2,"JavaScript, React, Node.js, Python",76.1,90.5,76.7,69.1,Placed,Deloitte,QA Engineer,3.93
STU20274468,Male,2024,ECE,5.56,67.4,75.0,1,No,0,1,,87.9,76.5,54.2,78.3,Not Placed,Not Placed,Not Placed,0.0
STU20274469,Male,2025,Civil,8.08,79.3,84.6,1,No,2,1,"SQL, Revit, Excel, STAAD Pro",71.0,83.2,81.6,84.5,Placed,Afcons Infrastructure,Civil Engineer,6.76
STU20274470,Male,2027,CSE,8.03,79.3,82.7,4,Yes,3,2,"Java, JavaScript, SQL",75.9,78.8,67.2,58.3,Placed,Accenture,QA Engineer,8.11
STU20274471,Male,2025,Civil,7.87,74.7,67.8,3,No,2,2,"Excel, SQL, GIS, Primavera",80.8,90.7,67.5,87.4,Not Placed,Not Placed,Not Placed,0.0
STU20274472,Male,2024,CSE,7.81,72.2,75.8,0,Yes,2,0,"Git, React, Java, Python, DSA",83.8,90.8,87.1,83.1,Placed,Capgemini,Software Developer,5.37
STU20274473,Male,2024,ECE,6.78,72.4,83.8,0,No,3,0,"Git, C, Python, IoT, Embedded C",79.1,84.7,75.4,91.4,Not Placed,Not Placed,Not Placed,0.0
STU20274474,Male,2024,CSE,7.64,70.0,80.7,0,Yes,4,3,"React, Git, C++, Node.js, Python",82.6,80.3,85.8,75.0,Placed,TCS,QA Engineer,6.72
STU20274475,Male,2025,ECE,8.35,92.6,77.1,0,Yes,3,1,"Arduino, C, MATLAB",90.6,89.9,42.4,74.0,Placed,TCS,Network Engineer,7.11
STU20274476,Female,2027,ECE,7.45,73.3,85.7,2,No,2,1,"Java, C++, Embedded C, C",84.5,60.7,75.7,61.2,Placed,Infosys,QA Engineer,5.61
STU20274477,Male,2025,ECE,7.44,84.7,77.7,0,Yes,4,1,"Java, SQL, Python, C, C++, Embedded C",81.7,96.5,90.8,65.6,Placed,TCS,Software Developer,3.67
STU20274478,Female,2027,CSE,6.71,82.0,78.4,0,No,3,0,"Node.js, MongoDB, Java, C++, DSA",98.0,77.7,53.6,69.3,Placed,Cognizant,Web Developer,6.58
STU20274479,Male,2024,Mechanical,7.63,79.6,78.2,2,No,1,1,"C, Python, SQL",80.9,81.6,74.1,77.1,Placed,Bosch,Mechanical Engineer,4.27
STU20274480,Female,2025,Civil,6.55,73.4,76.5,5,No,3,0,"Primavera, Revit, STAAD Pro, MATLAB",71.9,90.7,64.7,79.1,Not Placed,Not Placed,Not Placed,0.0
STU20274481,Female,2027,IT,8.68,81.1,82.7,2,No,4,1,"Python, SQL, Git",98.0,83.5,85.5,57.9,Placed,TCS,QA Engineer,7.22
STU20274482,Male,2026,ECE,7.13,79.8,83.3,2,Yes,3,0,"MATLAB, C++, Java, Arduino, Python, SQL",53.8,79.3,62.8,72.8,Placed,TCS,Embedded Engineer,5.05
STU20274483,Female,2027,Mechanical,7.3,77.0,84.7,1,No,1,0,"SQL, Python, C, MATLAB",60.5,67.4,80.9,72.8,Not Placed,Not Placed,Not Placed,0.0
STU20274484,Male,2025,CSE,9.8,71.5,78.3,0,Yes,3,2,"React, MongoDB, Node.js, Git, Python",89.1,80.5,76.9,48.2,Placed,Accenture,Data Analyst,8.67
STU20274485,Female,2026,Mechanical,7.29,63.5,77.2,1,No,3,2,"Python, Excel, SolidWorks, C++, SQL",64.8,85.7,98.0,80.4,Not Placed,Not Placed,Not Placed,0.0
STU20274486,Male,2026,IT,7.53,87.4,84.2,1,Yes,3,1,"Python, Java, DSA, Node.js",89.8,84.5,76.3,70.9,Placed,Capgemini,QA Engineer,5.08
STU20274487,Male,2024,EEE,8.15,59.9,76.1,0,No,3,2,"Java, MATLAB, C++",92.5,66.0,98.0,70.2,Placed,Siemens,Software Developer,6.68
STU20274488,Male,2027,CSE,6.48,75.6,63.3,0,Yes,4,1,"MongoDB, Java, C++, Python, React, SQL",97.0,85.7,75.8,91.5,Placed,Accenture,Data Analyst,6.81
STU20274489,Female,2025,IT,8.96,78.8,72.8,0,No,2,1,"MongoDB, Python, DSA",77.9,87.4,72.4,58.1,Placed,Zoho,Software Developer,7.61
STU20274490,Female,2024,ECE,8.59,80.6,72.3,0,Yes,3,3,"SQL, Arduino, Python, MATLAB",92.3,98.0,76.4,63.5,Placed,L&T Technology Services,Embedded Engineer,5.18
STU20274491,Male,2027,ECE,8.2,70.5,73.9,0,Yes,3,1,"Git, Arduino, IoT, Java, C",98.0,87.9,79.3,46.5,Placed,HCLTech,QA Engineer,7.84
STU20274492,Female,2026,Mechanical,5.2,73.5,63.8,4,Yes,1,0,"Excel, SolidWorks, CATIA, AutoCAD, SQL",65.5,76.0,32.4,73.0,Not Placed,Not Placed,Not Placed,0.0
STU20274493,Female,2027,Civil,7.28,77.6,81.9,0,Yes,1,1,"C, MATLAB, Python",85.7,89.5,83.1,87.0,Placed,L&T,Site Engineer,2.5
STU20274494,Male,2027,CSE,6.92,94.6,71.7,2,No,3,1,"DSA, C++, Java",75.9,81.1,71.4,44.5,Placed,Zoho,Backend Developer,6.25
STU20274495,Male,2025,CSE,8.96,81.3,88.0,1,No,2,1,"Git, Node.js, Python, MongoDB, Java, C++",98.0,97.0,84.4,57.4,Placed,Deloitte,Software Developer,6.33
STU20274496,Male,2026,IT,8.79,89.4,70.8,0,Yes,2,2,"Python, SQL, Node.js, AWS, DSA, JavaScript",74.8,97.8,84.7,75.8,Placed,Deloitte,Full Stack Developer,7.03
STU20274497,Male,2027,IT,8.23,68.1,74.7,2,No,2,0,"JavaScript, AWS, Python, Node.js, SQL",62.5,70.3,57.6,64.3,Not Placed,Not Placed,Not Placed,0.0
STU20274498,Male,2025,ECE,6.73,82.0,73.9,2,Yes,2,1,"SQL, MATLAB, Embedded C",69.1,67.8,69.5,68.4,Not Placed,Not Placed,Not Placed,0.0
STU20274499,Female,2025,Mechanical,8.82,81.6,84.5,0,No,3,5,"Excel, MATLAB, C",85.5,86.5,76.8,71.6,Placed,Maruti Suzuki,Graduate Engineer Trainee,6.64
STU20274500,Male,2027,EEE,7.43,78.5,83.1,1,No,3,0,"IoT, AutoCAD, Arduino, C++, Embedded C, Java",84.9,86.3,55.0,91.8,Placed,Schneider Electric,Software Developer,7.02
STU20274501,Female,2024,CSE,9.53,83.8,77.0,0,Yes,5,3,"Python, SQL, React",98.0,92.1,98.0,74.3,Placed,Capgemini,Data Analyst,9.18
STU20274502,Male,2027,IT,8.13,90.3,83.9,0,No,2,0,"Node.js, JavaScript, Git, AWS, Java, DSA",72.1,61.3,98.0,72.7,Not Placed,Not Placed,Not Placed,0.0
STU20274503,Male,2026,ECE,8.18,80.2,65.3,1,Yes,2,1,"SQL, C++, IoT",68.9,73.8,69.1,79.6,Placed,L&T Technology Services,QA Engineer,6.05
STU20274504,Male,2027,IT,7.51,71.3,81.4,2,No,2,1,"Node.js, Python, React, DSA, Git, Java",97.1,76.7,78.1,46.4,Placed,HCLTech,Full Stack Developer,6.13
STU20274505,Male,2026,CSE,9.2,76.7,70.5,0,No,2,1,"DSA, React, SQL, C++, Node.js, Java",84.3,93.6,77.4,73.7,Placed,Tech Mahindra,QA Engineer,7.51
STU20274506,Male,2026,IT,8.42,84.8,80.9,0,No,2,3,"MongoDB, Git, AWS, JavaScript, Java, React",76.4,98.0,70.4,51.3,Placed,Accenture,Support Engineer,7.09
STU20274507,Male,2027,IT,9.13,84.0,87.6,0,Yes,3,0,"Git, Node.js, AWS, SQL, JavaScript",92.0,97.7,72.1,74.1,Placed,TCS,Support Engineer,7.21
STU20274508,Male,2024,CSE,8.15,67.7,83.2,0,Yes,5,1,"MongoDB, SQL, Java, DSA",76.6,90.0,57.5,86.9,Placed,TCS,Data Analyst,8.23
STU20274509,Female,2026,EEE,7.61,80.6,64.1,1,No,2,0,"SQL, C++, Java, MATLAB, IoT",69.5,70.8,76.5,64.8,Not Placed,Not Placed,Not Placed,0.0
STU20274510,Male,2027,IT,8.41,71.4,74.6,0,Yes,2,1,"DSA, Node.js, Git, Java, SQL, Python",91.6,65.0,66.6,86.7,Placed,Zoho,Full Stack Developer,6.79
STU20274511,Male,2027,ECE,8.98,83.5,84.3,0,No,3,1,"SQL, MATLAB, C, Python, C++",75.2,84.5,85.0,49.1,Placed,Tech Mahindra,Network Engineer,7.04
STU20274512,Male,2027,ECE,8.61,73.9,83.1,2,No,1,3,"C++, Java, IoT, Git",64.6,85.7,69.8,73.1,Placed,Bosch,QA Engineer,5.7
STU20274513,Male,2026,Mechanical,7.67,75.2,77.6,0,Yes,2,0,"Python, CATIA, SolidWorks, Excel, AutoCAD",74.1,80.4,56.6,77.3,Not Placed,Not Placed,Not Placed,0.0
STU20274514,Female,2026,CSE,6.42,70.2,56.9,5,No,2,1,"SQL, JavaScript, Node.js, Python",75.2,84.0,57.9,37.4,Placed,Cognizant,Backend Developer,4.56
STU20274515,Male,2026,CSE,8.69,90.4,86.8,0,No,3,3,"Java, React, JavaScript, SQL, DSA",98.0,98.0,80.5,76.0,Placed,Cognizant,Web Developer,8.97
STU20274516,Female,2026,IT,6.68,77.5,82.7,3,No,2,0,"JavaScript, MongoDB, Git, React, Python, DSA",77.5,75.3,63.2,35.0,Placed,Deloitte,Software Developer,5.88
STU20274517,Female,2026,IT,7.93,86.7,77.6,1,Yes,0,2,"MongoDB, DSA, Java, SQL, React, AWS",80.8,77.7,60.7,75.8,Placed,TCS,Data Analyst,5.91
STU20274518,Male,2024,IT,7.8,97.8,77.7,2,No,3,1,"SQL, DSA, AWS, Java, Git",69.2,68.3,93.1,75.1,Placed,Deloitte,Data Analyst,6.72
STU20274519,Male,2024,EEE,6.44,74.4,75.9,1,No,1,0,"MATLAB, SQL, Arduino, C++, Python",71.9,63.7,49.1,64.6,Not Placed,Not Placed,Not Placed,0.0
STU20274520,Male,2026,CSE,8.32,89.3,87.7,0,Yes,2,0,"SQL, Node.js, C++, Java, MongoDB, DSA",68.2,73.0,91.2,75.8,Placed,Capgemini,Data Analyst,6.76
STU20274521,Female,2025,CSE,9.8,77.6,83.2,0,Yes,2,5,"C++, Java, MongoDB, DSA",98.0,98.0,94.8,98.0,Placed,Deloitte,QA Engineer,9.11
STU20274522,Male,2025,IT,7.63,85.9,74.3,1,No,2,0,"Git, Node.js, JavaScript",79.5,98.0,83.0,63.2,Not Placed,Not Placed,Not Placed,0.0
STU20274523,Male,2024,EEE,8.3,73.1,80.1,1,No,4,2,"Embedded C, Arduino, Python, Java",85.9,76.9,84.1,55.7,Placed,Siemens,Software Developer,5.78
STU20274524,Male,2027,Mechanical,9.55,81.7,80.7,0,Yes,4,2,"ANSYS, C, SQL",98.0,98.0,69.1,98.0,Placed,L&T,Production Engineer,6.89
STU20274525,Male,2027,EEE,8.38,82.7,77.6,0,Yes,4,0,"SQL, Embedded C, AutoCAD",81.0,72.4,67.3,76.0,Placed,Siemens,Electrical Engineer,8.37
STU20274526,Male,2026,ECE,7.2,80.9,62.1,1,Yes,2,5,"Git, Python, C, Arduino, SQL, Java",70.2,89.2,94.7,87.6,Not Placed,Not Placed,Not Placed,0.0
STU20274527,Male,2027,EEE,7.85,68.7,79.9,3,No,2,1,"C, C++, AutoCAD, IoT, Embedded C, Python",67.8,77.3,86.1,50.0,Not Placed,Not Placed,Not Placed,0.0
STU20274528,Male,2027,EEE,8.06,72.1,85.0,1,No,1,2,"SQL, C, Embedded C, Java",98.0,82.4,79.7,39.9,Placed,Schneider Electric,Software Developer,3.7
STU20274529,Female,2024,CSE,9.22,85.3,87.0,0,Yes,2,1,"Git, SQL, C++",83.4,98.0,70.5,63.0,Placed,Wipro,QA Engineer,7.75
STU20274530,Male,2024,ECE,8.78,77.4,85.4,1,No,3,1,"Arduino, C, Python, IoT",82.6,92.1,64.6,67.3,Placed,Wipro,Embedded Engineer,6.81
STU20274531,Male,2024,EEE,5.3,61.5,68.9,4,No,0,0,"AutoCAD, Java, Python",69.8,73.2,47.1,63.1,Not Placed,Not Placed,Not Placed,0.0
STU20274532,Male,2024,IT,7.17,75.4,75.4,3,No,1,0,"MongoDB, Java, SQL, React, Node.js, AWS",73.5,80.4,60.7,63.1,Not Placed,Not Placed,Not Placed,0.0
STU20274533,Female,2026,ECE,7.69,76.4,84.1,2,No,2,2,"C++, Java, Arduino, SQL, C",50.6,76.1,68.3,46.9,Not Placed,Not Placed,Not Placed,0.0
STU20274534,Male,2025,ECE,6.89,76.5,79.7,0,Yes,3,0,"MATLAB, IoT, SQL, Embedded C, Arduino",98.0,63.8,70.8,76.0,Placed,Tech Mahindra,Network Engineer,6.24
STU20274535,Female,2027,ECE,5.2,74.7,79.4,6,No,1,2,"Git, SQL, Java, Python, IoT, C",57.7,66.5,77.5,66.2,Not Placed,Not Placed,Not Placed,0.0
STU20274536,Male,2026,CSE,7.38,79.7,70.2,0,No,1,0,"DSA, MongoDB, React, Python, C++",64.3,73.4,98.0,42.9,Placed,Infosys,QA Engineer,3.34
STU20274537,Female,2025,EEE,7.65,71.7,70.9,2,No,0,3,"AutoCAD, Java, MATLAB, Python, SQL, Arduino",71.3,77.0,91.3,65.6,Not Placed,Not Placed,Not Placed,0.0
STU20274538,Male,2027,Mechanical,7.1,72.9,71.8,3,No,2,2,"MATLAB, C, Python, SolidWorks, Excel",69.3,73.5,53.1,67.7,Not Placed,Not Placed,Not Placed,0.0
STU20274539,Female,2027,CSE,7.15,82.4,67.7,1,No,1,1,"C++, MongoDB, Java, Git, Python, Node.js",67.3,77.9,59.9,82.0,Not Placed,Not Placed,Not Placed,0.0
STU20274540,Male,2027,IT,7.94,74.0,67.2,0,No,2,1,"JavaScript, DSA, MongoDB",81.1,95.9,60.5,62.8,Placed,Capgemini,QA Engineer,5.79
STU20274541,Female,2027,CSE,8.29,76.0,80.7,1,Yes,3,2,"DSA, SQL, Git",61.6,67.0,88.6,84.9,Placed,TCS,QA Engineer,7.73
STU20274542,Female,2027,CSE,7.6,66.5,78.3,3,No,2,0,"Python, React, JavaScript",86.8,66.6,81.9,79.6,Placed,Deloitte,Software Developer,6.33
STU20274543,Male,2026,Civil,8.67,79.5,80.1,1,No,4,1,"GIS, MATLAB, Python, C",98.0,92.0,69.7,59.4,Not Placed,Not Placed,Not Placed,0.0
STU20274544,Male,2027,ECE,7.8,79.9,78.5,1,Yes,4,0,"Git, SQL, Java, MATLAB",63.7,64.4,71.2,81.4,Placed,Infosys,Network Engineer,6.23
STU20274545,Male,2024,IT,7.16,62.1,64.1,0,No,2,3,"Java, Python, DSA, JavaScript, React, Node.js",81.3,68.4,73.0,83.0,Placed,Wipro,Support Engineer,5.39
STU20274546,Male,2026,CSE,7.04,68.1,70.6,1,No,1,1,"Node.js, Python, React",62.4,97.9,76.9,82.4,Placed,Infosys,QA Engineer,4.91
STU20274547,Male,2026,Civil,7.32,66.3,72.7,0,No,1,0,"MATLAB, Primavera, Python, C, STAAD Pro",68.8,81.7,87.0,73.4,Not Placed,Not Placed,Not Placed,0.0
STU20274548,Female,2024,CSE,8.95,85.9,79.5,0,Yes,4,2,"C++, JavaScript, Node.js, SQL, React",94.0,98.0,80.1,71.9,Placed,Capgemini,Software Developer,7.51
STU20274549,Male,2024,EEE,6.95,62.0,63.5,1,Yes,3,1,"C++, AutoCAD, IoT, Arduino",87.6,62.2,66.7,56.8,Not Placed,Not Placed,Not Placed,0.0
STU20274550,Male,2024,IT,8.41,78.5,71.2,2,Yes,2,1,"JavaScript, DSA, Python, SQL",86.0,98.0,80.6,87.4,Placed,Wipro,Data Analyst,6.5
STU20274551,Female,2025,CSE,8.08,83.2,73.8,0,No,4,2,"DSA, Java, React, Git",68.7,75.3,71.2,51.6,Placed,Infosys,Software Developer,7.07
STU20274552,Male,2024,EEE,9.34,82.7,87.6,0,No,2,3,"Java, Arduino, Python",87.5,98.0,84.2,67.2,Placed,HCLTech,Embedded Engineer,6.54
STU20274553,Male,2025,CSE,8.33,75.7,79.3,1,Yes,4,3,"Git, Node.js, Python, Java, C++, SQL",92.5,69.9,72.5,86.2,Placed,Cognizant,Web Developer,7.9
STU20274554,Male,2027,EEE,7.06,78.1,81.2,0,No,4,0,"MATLAB, Python, C",71.0,82.2,85.4,57.1,Not Placed,Not Placed,Not Placed,0.0
STU20274555,Male,2026,CSE,8.63,86.8,77.4,0,Yes,2,1,"React, Python, Git",73.0,89.8,92.8,73.0,Placed,Capgemini,Data Analyst,7.04
STU20274556,Male,2026,EEE,8.3,78.0,77.4,0,No,3,1,"Java, C, MATLAB, Arduino, C++, IoT",83.1,81.5,72.3,50.2,Placed,TCS,Graduate Engineer Trainee,6.47
STU20274557,Male,2024,EEE,7.31,60.6,78.2,0,Yes,2,0,"Java, Python, Embedded C, C++, IoT, C",83.4,63.6,97.9,68.7,Placed,Wipro,Graduate Engineer Trainee,3.2
STU20274558,Male,2027,EEE,6.66,82.7,71.7,1,No,2,2,"IoT, C, Python, C++, Embedded C",66.5,75.5,70.9,57.1,Placed,L&T Technology Services,Software Developer,3.34
STU20274559,Male,2024,CSE,8.46,82.0,73.5,0,No,2,1,"Python, DSA, MongoDB, Java, Git, JavaScript",85.2,87.7,80.9,59.6,Placed,Zoho,Data Analyst,6.38
STU20274560,Male,2025,EEE,7.7,77.0,65.4,2,No,0,1,"Python, AutoCAD, C, Java, Arduino",58.4,67.0,91.1,75.9,Not Placed,Not Placed,Not Placed,0.0
STU20274561,Male,2026,Civil,6.21,59.7,67.6,4,Yes,1,0,"C, MATLAB, STAAD Pro, AutoCAD, Python",71.8,68.5,92.8,81.0,Not Placed,Not Placed,Not Placed,0.0
STU20274562,Male,2027,CSE,8.22,76.5,83.0,1,No,3,1,"SQL, DSA, React, Git, MongoDB",61.7,85.0,89.8,62.2,Placed,TCS,Backend Developer,8.55
STU20274563,Male,2027,CSE,7.46,70.5,84.0,1,Yes,4,2,"C++, React, DSA, Python, Java, JavaScript",86.0,89.8,75.7,76.4,Placed,Capgemini,Software Developer,7.48
STU20274564,Male,2027,Mechanical,6.26,65.1,66.5,3,Yes,2,1,"AutoCAD, SolidWorks, SQL, Excel, MATLAB, Python",81.9,58.4,61.7,67.6,Not Placed,Not Placed,Not Placed,0.0
STU20274565,Male,2026,CSE,7.7,76.3,63.7,3,No,3,1,"Python, React, SQL",79.0,77.1,76.5,64.8,Placed,Infosys,Backend Developer,6.56
STU20274566,Male,2026,EEE,8.74,76.1,85.1,0,Yes,3,1,"AutoCAD, C++, Python, MATLAB, Java, Embedded C",92.9,90.0,84.4,59.2,Placed,TCS,Embedded Engineer,6.3
STU20274567,Male,2026,EEE,8.68,76.4,78.9,0,Yes,3,2,"Embedded C, AutoCAD, SQL",88.8,85.9,81.7,66.8,Placed,HCLTech,Graduate Engineer Trainee,8.07
STU20274568,Female,2024,CSE,8.8,85.2,69.3,1,No,3,1,"Python, C++, MongoDB, Java",70.0,77.5,73.8,45.4,Placed,Zoho,Backend Developer,8.2
STU20274569,Male,2025,ECE,7.98,79.7,54.8,0,Yes,2,2,"IoT, C, Python",65.7,94.3,63.7,98.0,Placed,Bosch,Software Developer,6.13
STU20274570,Male,2027,ECE,8.26,75.2,70.6,1,No,3,0,"MATLAB, IoT, Arduino, Java",79.5,93.5,77.2,83.5,Placed,HCLTech,Network Engineer,6.83
STU20274571,Male,2027,IT,7.98,73.6,73.3,1,No,1,0,"React, JavaScript, Java",75.6,86.9,64.8,98.0,Not Placed,Not Placed,Not Placed,0.0
STU20274572,Male,2025,Mechanical,6.61,71.3,64.8,0,No,2,1,"C, C++, MATLAB, SolidWorks, ANSYS",63.7,72.4,45.9,82.7,Not Placed,Not Placed,Not Placed,0.0
STU20274573,Male,2025,CSE,7.23,74.3,79.4,1,No,3,2,"React, Python, Java, Git",64.0,80.6,58.6,72.8,Placed,Wipro,Backend Developer,6.04
STU20274574,Female,2025,IT,7.38,80.5,69.2,1,Yes,3,2,"AWS, Node.js, JavaScript, MongoDB, DSA, Java",45.1,95.9,64.9,46.9,Placed,Cognizant,QA Engineer,4.63
STU20274575,Male,2026,Mechanical,8.74,72.6,78.7,1,No,3,3,"Excel, CATIA, Python, AutoCAD",98.0,98.0,65.8,81.6,Placed,Mahindra,Design Engineer,4.64
STU20274576,Male,2025,CSE,8.92,90.5,95.7,2,No,2,0,"C++, MongoDB, Git, JavaScript, Node.js, DSA",98.0,98.0,79.6,85.3,Placed,TCS,Web Developer,7.51
STU20274577,Male,2026,Mechanical,6.63,78.7,73.7,3,No,1,1,"SQL, CATIA, C++, Python, SolidWorks",60.5,75.5,51.1,55.5,Not Placed,Not Placed,Not Placed,0.0
STU20274578,Female,2024,CSE,8.05,59.0,75.9,3,No,3,2,"Git, Java, SQL, C++, Node.js, DSA",65.5,92.8,58.1,75.9,Placed,TCS,Software Developer,6.07
STU20274579,Male,2024,ECE,7.41,77.1,74.4,2,No,1,1,"C, Java, Git, Embedded C, IoT",92.0,85.2,86.8,71.0,Placed,L&T Technology Services,Network Engineer,5.67
STU20274580,Male,2025,CSE,7.87,85.0,80.9,0,No,2,1,"Python, Git, C++",53.9,96.8,84.4,68.3,Placed,Infosys,Data Analyst,4.32
STU20274581,Female,2027,EEE,7.19,,78.2,2,Yes,3,4,"MATLAB, Java, Embedded C",90.8,63.7,73.5,79.8,Placed,TCS,Software Developer,5.31
STU20274582,Male,2025,Mechanical,8.74,77.0,71.6,0,Yes,3,3,"ANSYS, Python, MATLAB, SQL, C++, SolidWorks",93.8,93.4,93.9,78.8,Placed,Tata Motors,Design Engineer,6.44
STU20274583,Male,2025,Mechanical,7.53,76.4,72.5,1,Yes,3,2,"ANSYS, Python, MATLAB, C++, C",76.0,93.7,61.5,61.2,Placed,L&T,Production Engineer,4.62
STU20274584,Female,2026,Civil,7.68,78.4,71.1,0,No,3,0,"C, AutoCAD, Primavera, GIS",97.6,92.7,81.0,80.8,Placed,Shapoorji Pallonji,Civil Engineer,5.51
STU20274585,Female,2027,EEE,7.84,83.0,74.2,1,Yes,3,0,"AutoCAD, MATLAB, IoT",73.8,77.2,69.5,55.7,Placed,L&T Technology Services,Graduate Engineer Trainee,5.68
STU20274586,Female,2025,EEE,6.78,65.0,86.1,1,No,1,3,"AutoCAD, MATLAB, C, C++",81.5,83.3,87.0,75.0,Not Placed,Not Placed,Not Placed,0.0
STU20274587,Male,2026,ECE,7.84,73.4,80.5,0,No,3,2,"C, SQL, Arduino, MATLAB, Embedded C",78.7,93.1,74.9,72.7,Placed,Bosch,Network Engineer,6.04
STU20274588,Male,2025,Civil,8.4,90.5,77.1,1,Yes,3,4,"Excel, AutoCAD, STAAD Pro, C, Revit",69.9,98.0,62.7,64.1,Placed,Afcons Infrastructure,Design Engineer,6.06
STU20274589,Female,2026,ECE,9.0,80.7,88.0,1,No,3,0,"Arduino, IoT, Python, C, MATLAB, Embedded C",98.0,91.1,94.2,84.1,Placed,Bosch,Network Engineer,7.12
STU20274590,Male,2025,Mechanical,6.57,85.1,74.1,4,Yes,2,1,"SQL, ANSYS, C, MATLAB, Excel, Python",64.3,78.4,61.6,50.4,Not Placed,Not Placed,Not Placed,0.0
STU20274591,Female,2027,CSE,6.71,95.7,61.7,2,No,2,0,"Java, JavaScript, Git, React, DSA, MongoDB",68.4,71.8,52.0,72.4,Placed,Wipro,QA Engineer,6.26
STU20274592,Male,2027,ECE,7.8,74.1,87.7,1,Yes,2,1,"C, Embedded C, Python, Arduino, MATLAB",88.8,93.2,91.5,75.5,Placed,TCS,QA Engineer,6.52
STU20274593,Female,2027,EEE,8.59,71.1,77.1,2,No,2,5,"C++, AutoCAD, Arduino, SQL, Python",97.8,98.0,83.1,88.1,Placed,TCS,Embedded Engineer,4.6
STU20274594,Male,2027,CSE,8.31,76.9,61.6,2,Yes,3,0,,68.2,94.5,62.4,81.0,Placed,Capgemini,Data Analyst,5.96
STU20274595,Male,2024,CSE,8.58,87.1,67.0,0,No,3,2,"Python, JavaScript, MongoDB, Node.js, C++",98.0,96.8,73.4,42.4,Placed,Zoho,Data Analyst,9.27
STU20274596,Male,2026,Civil,6.34,82.5,80.0,1,Yes,2,2,"MATLAB, SQL, AutoCAD, C, STAAD Pro, Excel",71.6,79.2,64.1,67.5,Not Placed,Not Placed,Not Placed,0.0
STU20274597,Male,2024,IT,7.41,92.4,63.9,1,No,2,0,"AWS, Java, MongoDB, SQL",76.0,72.2,58.5,88.5,Placed,Accenture,Full Stack Developer,5.33
STU20274598,Male,2025,CSE,6.13,73.1,81.0,3,Yes,2,1,"Python, React, Git, JavaScript, MongoDB",68.6,66.2,53.8,71.2,Placed,Capgemini,Data Analyst,4.01
STU20274599,Female,2026,IT,7.78,80.9,76.6,0,Yes,2,0,"Python, AWS, Java, React, Node.js, SQL",78.7,90.2,70.3,59.7,Placed,Infosys,Data Analyst,5.2
STU20274600,Male,2026,IT,6.06,68.2,76.4,3,No,1,0,"JavaScript, SQL, Python, Java",49.1,81.1,77.5,68.4,Not Placed,Not Placed,Not Placed,0.0
STU20274601,Male,2026,ECE,8.88,62.7,77.2,1,Yes,4,0,"SQL, Java, IoT, Python, Embedded C, Arduino",94.3,90.9,86.8,93.1,Placed,L&T Technology Services,Software Developer,6.46
STU20274602,Male,2027,Civil,8.82,79.8,82.5,2,No,2,2,"SQL, C, Python",86.6,91.5,68.6,58.8,Placed,Tata Projects,Civil Engineer,5.01
STU20274603,Female,2026,Civil,7.62,69.0,77.8,3,No,2,2,"Revit, C, STAAD Pro",73.7,85.2,81.7,56.4,Not Placed,Not Placed,Not Placed,0.0
STU20274604,Male,2027,ECE,6.46,78.7,72.2,3,No,1,0,"C++, SQL, Python",72.3,83.8,85.6,66.3,Placed,HCLTech,QA Engineer,3.27
STU20274605,Male,2027,EEE,7.97,64.8,69.1,1,Yes,3,3,"Java, Arduino, MATLAB",79.9,95.9,61.1,65.2,Placed,Schneider Electric,Embedded Engineer,5.24
STU20274606,Female,2027,IT,9.48,76.5,83.1,0,No,4,1,"Node.js, Java, Git, DSA",91.5,89.1,87.9,77.8,Placed,Cognizant,Software Developer,7.93
STU20274607,Male,2025,Mechanical,7.95,79.7,63.7,2,No,2,0,"MATLAB, AutoCAD, Excel, Python, C, CATIA",84.8,85.8,72.4,64.8,Placed,Tata Motors,Mechanical Engineer,5.58
STU20274608,Male,2026,CSE,9.01,83.1,85.8,0,No,2,2,"Java, SQL, DSA, Node.js",82.3,74.2,72.9,73.2,Placed,Deloitte,QA Engineer,7.89
STU20274609,Female,2026,CSE,7.59,76.6,76.9,2,No,2,0,"Python, Git, C++, Node.js",68.6,72.8,71.0,88.6,Placed,Deloitte,QA Engineer,5.25
STU20274610,Male,2027,Civil,6.76,88.0,76.5,2,No,1,0,"Primavera, MATLAB, C, Excel, AutoCAD, GIS",80.4,55.8,78.0,57.6,Not Placed,Not Placed,Not Placed,0.0
STU20274611,Female,2024,Mechanical,7.49,87.7,56.9,1,No,1,1,"Excel, C++, Python",62.0,70.4,54.0,81.4,Not Placed,Not Placed,Not Placed,0.0
STU20274612,Female,2025,IT,6.26,68.9,64.0,1,Yes,2,1,"Java, Node.js, MongoDB, React",83.9,66.7,65.5,83.9,Placed,Zoho,Data Analyst,5.7
STU20274613,Male,2025,EEE,9.57,93.2,77.3,0,No,2,2,"C++, MATLAB, Python, Arduino, IoT",83.7,72.0,73.9,54.1,Placed,HCLTech,Graduate Engineer Trainee,7.17
STU20274614,Male,2025,IT,8.02,90.4,81.4,0,No,2,0,"React, Java, JavaScript, Git",90.6,92.8,72.8,85.5,Placed,Cognizant,Support Engineer,6.81
STU20274615,Male,2027,IT,8.64,78.7,71.7,1,No,3,1,"Git, JavaScript, AWS, Python, SQL",98.0,82.6,72.6,54.2,Placed,HCLTech,Software Developer,6.1
STU20274616,Male,2024,IT,7.51,77.1,93.1,1,No,2,1,"Java, AWS, JavaScript, Node.js, Git, MongoDB",76.8,77.3,60.7,51.5,Placed,Cognizant,Full Stack Developer,4.55
STU20274617,Male,2025,CSE,6.69,74.4,71.2,3,Yes,1,1,"Node.js, SQL, DSA, JavaScript",81.4,66.3,91.7,62.9,Not Placed,Not Placed,Not Placed,0.0
STU20274618,Male,2026,ECE,8.96,75.9,72.1,0,Yes,2,2,"Embedded C, C++, Python",92.4,95.5,42.2,63.3,Placed,Infosys,Network Engineer,7.07
STU20274619,Male,2025,IT,6.94,71.5,72.4,0,Yes,1,3,"DSA, JavaScript, Node.js, AWS, React",74.4,94.0,75.6,68.8,Placed,Accenture,Support Engineer,6.23
STU20274620,Female,2024,ECE,8.05,87.4,70.1,0,No,1,1,"Embedded C, SQL, IoT, Java, C++",85.0,87.0,80.1,55.7,Not Placed,Not Placed,Not Placed,0.0
STU20274621,Male,2026,CSE,8.38,82.0,69.3,1,Yes,3,2,"MongoDB, SQL, Git, React, C++, Python",81.0,91.9,75.0,79.8,Placed,Zoho,Web Developer,7.12
STU20274622,Female,2026,Civil,7.56,73.0,82.5,0,Yes,2,1,"C, AutoCAD, Excel",97.5,61.1,74.3,71.4,Placed,Tata Projects,Graduate Engineer Trainee,4.44
STU20274623,Female,2027,ECE,7.08,69.2,77.7,3,No,1,2,"IoT, SQL, Java, Arduino, Embedded C",73.9,77.9,77.0,71.2,Placed,Wipro,QA Engineer,3.45
STU20274624,Female,2026,Mechanical,7.42,71.2,78.6,4,Yes,2,2,"C, AutoCAD, Python",68.3,88.6,63.3,81.1,Not Placed,Not Placed,Not Placed,0.0
STU20274625,Female,2027,CSE,7.19,74.8,83.4,2,No,1,2,"Java, Node.js, SQL, DSA, React",68.2,91.4,64.4,87.3,Placed,Deloitte,Web Developer,3.79
STU20274626,Female,2024,ECE,8.44,85.5,81.2,0,Yes,3,3,"Java, Arduino, Git",95.4,96.8,70.1,67.8,Placed,TCS,Embedded Engineer,5.48
STU20274627,Male,2027,Mechanical,8.04,72.1,69.2,1,Yes,3,2,,71.7,98.0,78.8,65.6,Placed,Mahindra,Mechanical Engineer,5.05
STU20274628,Male,2026,IT,7.88,84.0,81.2,2,Yes,4,0,"Python, React, Java, AWS",98.0,76.1,78.6,82.6,Placed,TCS,Full Stack Developer,5.94
STU20274629,Female,2026,CSE,7.52,78.2,67.4,0,Yes,3,0,"JavaScript, Node.js, Git, SQL, Python, React",95.8,72.8,56.9,88.1,Placed,Cognizant,Backend Developer,7.0
STU20274630,Male,2025,CSE,9.79,83.5,78.1,0,Yes,3,2,"Python, React, MongoDB",76.7,98.0,78.8,74.0,Placed,Deloitte,Backend Developer,7.43
STU20274631,Female,2024,CSE,6.89,82.4,73.3,1,No,0,2,"DSA, MongoDB, SQL",78.7,89.2,60.1,69.8,Not Placed,Not Placed,Not Placed,0.0
STU20274632,Female,2024,IT,6.59,80.4,71.8,0,No,0,2,,56.3,89.3,54.7,66.5,Placed,Wipro,QA Engineer,2.5
STU20274633,Male,2027,IT,7.83,67.7,63.6,5,Yes,2,2,"Node.js, SQL, MongoDB, Git",69.1,63.8,65.7,65.6,Not Placed,Not Placed,Not Placed,0.0
STU20274634,Male,2027,CSE,7.78,69.9,69.2,1,Yes,1,4,"React, DSA, MongoDB, SQL, Python, Git",70.8,87.5,57.1,68.3,Placed,Zoho,Backend Developer,7.16
STU20274635,Male,2024,ECE,8.68,78.1,78.3,2,No,2,2,"Git, MATLAB, C",74.5,97.9,51.8,68.0,Placed,Infosys,Software Developer,5.74
STU20274636,Male,2026,CSE,8.55,81.9,73.8,0,Yes,3,4,"C++, Java, SQL, JavaScript, MongoDB, DSA",94.0,98.0,75.8,80.9,Placed,Zoho,Backend Developer,8.07
STU20274637,Male,2026,IT,7.93,87.4,84.3,1,No,2,1,"MongoDB, SQL, JavaScript, DSA, Java",82.7,88.3,84.5,79.1,Placed,Capgemini,Data Analyst,6.54
STU20274638,Female,2026,EEE,8.08,78.7,85.9,1,No,3,3,"C++, AutoCAD, SQL, Arduino, Embedded C",88.0,88.0,68.9,58.0,Placed,Siemens,Electrical Engineer,4.74
STU20274639,Male,2025,CSE,8.41,91.0,69.9,0,Yes,2,2,"JavaScript, Node.js, C++, MongoDB, Python, Java",82.1,56.7,86.2,73.8,Placed,Wipro,Web Developer,6.22
STU20274640,Male,2027,CSE,9.79,77.5,81.9,1,No,3,2,"JavaScript, Node.js, Git",85.1,98.0,89.7,60.4,Placed,Wipro,Data Analyst,8.05
STU20274641,Female,2026,CSE,8.22,74.8,88.3,0,Yes,4,3,"Python, C++, MongoDB, JavaScript, React, DSA",79.9,97.2,62.1,69.9,Placed,Cognizant,Web Developer,6.1
STU20274642,Male,2026,CSE,7.42,74.4,74.1,2,No,2,1,"MongoDB, Node.js, Git, SQL, Python, React",90.4,71.3,59.5,70.6,Placed,Capgemini,Web Developer,4.99
STU20274643,Female,2026,IT,8.07,72.5,73.9,1,No,2,2,"JavaScript, Node.js, Java, SQL, Git",76.2,82.1,54.2,80.5,Placed,Wipro,Data Analyst,5.63
STU20274644,Male,2026,CSE,5.77,80.5,76.6,2,No,2,1,"DSA, Git, Java, SQL",85.6,74.5,66.7,67.3,Placed,Tech Mahindra,Web Developer,4.73
STU20274645,Female,2024,CSE,7.97,58.5,74.6,1,Yes,4,2,"Git, SQL, Java, JavaScript, C++",77.2,92.6,79.0,78.3,Placed,Cognizant,Software Developer,6.2
STU20274646,Male,2027,Civil,8.43,75.6,86.7,2,No,2,0,"C, AutoCAD, Excel, STAAD Pro, Revit, Primavera",82.7,69.3,74.2,56.2,Placed,Tata Projects,Civil Engineer,6.14
STU20274647,Male,2025,Civil,8.01,86.1,72.5,2,No,3,1,"Primavera, GIS, Python, SQL",86.3,74.6,62.5,55.4,Not Placed,Not Placed,Not Placed,0.0
STU20274648,Male,2027,CSE,8.25,76.4,74.0,1,No,2,3,"C++, Python, SQL, Git, Node.js, Java",95.4,93.3,72.4,65.9,Placed,Tech Mahindra,Data Analyst,6.31
STU20274649,Male,2027,IT,8.45,86.6,83.3,1,No,3,2,"Node.js, SQL, Python",96.4,83.0,83.3,98.0,Placed,Zoho,Software Developer,5.98
STU20274650,Male,2026,IT,8.84,95.5,79.6,0,Yes,2,1,"Node.js, Git, Python",87.9,69.4,83.5,63.6,Placed,Zoho,Full Stack Developer,8.12
STU20274651,Female,2026,Mechanical,8.76,80.5,79.4,0,No,2,2,"SQL, MATLAB, C, ANSYS, AutoCAD",84.7,80.9,82.1,70.8,Placed,Bosch,Graduate Engineer Trainee,4.84
STU20274652,Female,2024,Mechanical,7.93,86.0,63.0,0,No,2,2,"ANSYS, Python, SQL, C++, MATLAB, SolidWorks",68.7,84.5,76.2,73.9,Not Placed,Not Placed,Not Placed,0.0
STU20274653,Male,2025,CSE,7.73,94.3,73.4,1,Yes,3,3,"Node.js, Git, Python",78.8,70.8,86.2,73.4,Placed,Tech Mahindra,Backend Developer,6.15
STU20274654,Male,2026,CSE,6.03,75.9,77.3,5,No,0,1,"Python, Java, SQL, C++",92.3,86.5,51.8,61.8,Not Placed,Not Placed,Not Placed,0.0
STU20274655,Female,2024,IT,8.73,,73.1,0,Yes,2,1,"DSA, AWS, JavaScript, Node.js, Java",72.1,98.0,67.4,79.7,Placed,Zoho,Full Stack Developer,7.16
STU20274656,Female,2024,Mechanical,7.99,84.3,81.5,1,No,3,2,"SolidWorks, MATLAB, C++, C, Python",75.7,95.6,60.2,58.1,Not Placed,Not Placed,Not Placed,0.0
STU20274657,Male,2027,Mechanical,7.68,85.5,77.6,2,Yes,2,2,"ANSYS, SolidWorks, Python",61.8,84.3,65.8,77.6,Placed,Bosch,Production Engineer,2.83
STU20274658,Male,2025,CSE,7.42,76.3,73.6,0,No,2,2,"Python, React, Git, SQL, Node.js",68.1,69.7,89.0,62.0,Not Placed,Not Placed,Not Placed,0.0
STU20274659,Female,2025,ECE,8.57,76.0,87.6,0,Yes,5,1,"Python, Git, IoT, C, MATLAB",76.2,82.0,64.7,85.0,Placed,Wipro,Embedded Engineer,6.73
STU20274660,Male,2025,CSE,7.78,89.5,73.6,1,No,2,1,"Python, Git, C++, Java, SQL",64.2,95.1,61.8,47.5,Placed,Tech Mahindra,Backend Developer,6.68
STU20274661,Male,2026,EEE,7.62,75.2,73.7,3,No,2,0,"MATLAB, C++, C, Arduino",82.0,71.2,48.6,67.7,Not Placed,Not Placed,Not Placed,0.0
STU20274662,Female,2025,Civil,7.45,85.0,73.6,2,No,0,0,"Excel, Primavera, STAAD Pro, GIS",81.0,74.9,78.4,55.6,Not Placed,Not Placed,Not Placed,0.0
STU20274663,Male,2027,IT,8.28,80.5,77.9,0,No,1,0,"Java, SQL, Python, JavaScript",83.1,78.0,72.9,78.9,Not Placed,Not Placed,Not Placed,0.0
STU20274664,Female,2026,CSE,7.02,88.3,79.3,0,No,2,1,"SQL, Java, Node.js, DSA, Python",62.8,76.5,86.4,79.1,Placed,TCS,Software Developer,4.97
STU20274665,Male,2024,ECE,8.23,72.6,66.9,0,Yes,2,0,"Git, Arduino, C++, MATLAB",60.9,80.9,91.3,41.5,Placed,HCLTech,Embedded Engineer,6.62
STU20274666,Female,2026,IT,7.29,70.3,80.8,0,No,2,1,"JavaScript, Python, SQL",51.9,77.1,54.8,54.1,Placed,Deloitte,Data Analyst,5.33
STU20274667,Female,2024,Mechanical,6.97,81.4,74.3,2,No,1,1,"SQL, MATLAB, C++, C, Excel",57.7,71.8,67.1,80.2,Not Placed,Not Placed,Not Placed,0.0
STU20274668,Female,2027,IT,8.65,71.7,82.2,0,No,2,0,"Python, Node.js, DSA, React, Java, Git",70.9,81.1,91.2,67.4,Placed,HCLTech,QA Engineer,7.18
STU20274669,Female,2024,Mechanical,6.7,75.6,89.8,0,No,1,1,"ANSYS, MATLAB, Excel",65.5,72.9,57.4,76.3,Not Placed,Not Placed,Not Placed,0.0
STU20274670,Female,2024,CSE,8.75,90.7,75.0,0,No,3,3,"Python, C++, JavaScript, MongoDB",89.4,82.8,87.9,68.8,Placed,Tech Mahindra,Software Developer,7.49
STU20274671,Male,2025,CSE,8.09,65.7,68.3,1,Yes,3,2,"JavaScript, Node.js, SQL, DSA, Python",78.3,72.9,40.1,74.9,Placed,Deloitte,QA Engineer,7.79
STU20274672,Female,2024,IT,6.5,77.1,73.9,2,No,0,1,"JavaScript, DSA, MongoDB, Java, SQL, Node.js",86.5,68.8,65.3,80.9,Not Placed,Not Placed,Not Placed,0.0
STU20274673,Female,2026,CSE,9.16,89.4,82.2,1,Yes,4,1,"Git, JavaScript, C++, SQL, DSA, React",98.0,83.0,68.6,58.7,Placed,Wipro,Web Developer,7.14
STU20274674,Male,2025,IT,8.16,78.2,83.1,0,Yes,3,0,"SQL, Node.js, Java, Git, Python",82.0,82.6,86.6,67.7,Placed,Accenture,QA Engineer,7.25
STU20274675,Male,2027,EEE,7.99,71.5,72.8,2,No,3,2,"C++, MATLAB, SQL, C, IoT, Arduino",59.5,75.8,67.1,56.6,Placed,TCS,Software Developer,5.32
STU20274676,Male,2024,CSE,8.86,78.3,73.1,1,No,3,0,"DSA, SQL, Python, JavaScript",80.4,67.9,86.2,72.3,Placed,Infosys,Web Developer,7.32
STU20274677,Male,2026,CSE,9.27,75.3,69.3,0,No,2,0,"Java, React, JavaScript",83.1,98.0,84.0,53.3,Placed,Capgemini,Backend Developer,5.69
STU20274678,Female,2026,CSE,8.17,78.9,67.5,1,Yes,4,4,"SQL, MongoDB, JavaScript, Python, Git, DSA",94.1,86.5,63.0,84.1,Placed,Wipro,Data Analyst,8.58
STU20274679,Male,2024,CSE,8.52,77.4,75.1,0,No,2,2,"C++, Git, SQL",66.6,65.4,85.7,62.6,Placed,Cognizant,QA Engineer,7.21
STU20274680,Male,2026,Mechanical,7.87,74.1,75.4,0,Yes,3,2,"Excel, SQL, Python, ANSYS, C++, AutoCAD",62.4,93.3,78.7,79.1,Not Placed,Not Placed,Not Placed,0.0
STU20274681,Male,2027,Civil,7.21,79.3,88.9,2,Yes,3,1,"STAAD Pro, Revit, Python, MATLAB, Excel, AutoCAD",81.7,75.6,49.3,64.1,Placed,Shapoorji Pallonji,Civil Engineer,4.23
STU20274682,Male,2027,CSE,6.65,85.7,61.1,0,No,1,0,"DSA, MongoDB, Java, Git, SQL",64.2,72.1,73.5,78.7,Not Placed,Not Placed,Not Placed,0.0
STU20274683,Female,2027,EEE,7.83,79.9,78.5,1,No,4,1,"Java, C, MATLAB, Arduino, Embedded C",77.4,86.3,65.3,83.2,Placed,TCS,Electrical Engineer,4.8
STU20274684,Male,2026,EEE,8.82,89.5,73.7,0,Yes,3,1,"C, IoT, Java, C++",76.0,97.8,81.4,82.1,Placed,Siemens,Graduate Engineer Trainee,8.05
STU20274685,Male,2025,Civil,8.0,89.1,78.2,0,No,2,2,"Excel, Python, Revit, Primavera",75.2,87.1,75.4,58.4,Not Placed,Not Placed,Not Placed,0.0
STU20274686,Male,2027,IT,6.99,71.4,70.0,1,Yes,2,1,"AWS, React, SQL",77.3,63.0,81.2,90.5,Not Placed,Not Placed,Not Placed,0.0
STU20274687,Female,2025,IT,8.83,82.0,86.1,0,Yes,4,5,"Java, JavaScript, DSA",60.3,85.3,87.8,81.3,Placed,TCS,Software Developer,6.88
STU20274688,Female,2026,IT,7.64,74.1,82.8,0,Yes,4,0,"SQL, Python, Git, DSA",83.4,66.9,60.5,65.4,Placed,Deloitte,Full Stack Developer,7.84
STU20274689,Male,2027,Mechanical,5.77,62.0,69.8,4,Yes,2,0,"C++, CATIA, Excel",77.1,64.0,56.5,76.3,Not Placed,Not Placed,Not Placed,0.0
STU20274690,Male,2027,EEE,8.52,81.8,88.1,1,Yes,2,1,"C++, Embedded C, SQL, Arduino",88.0,88.6,70.9,91.4,Placed,Wipro,Software Developer,6.19
STU20274691,Male,2027,IT,7.1,68.4,79.5,0,No,2,1,"JavaScript, AWS, SQL, Java, Git",98.0,69.5,82.4,58.3,Placed,Wipro,Software Developer,5.46
STU20274692,Male,2024,CSE,9.51,85.2,90.4,0,Yes,4,1,"C++, SQL, Git, JavaScript, Node.js, React",87.3,85.9,72.9,61.9,Placed,Accenture,Web Developer,8.23
STU20274693,Female,2026,EEE,8.63,68.7,78.0,0,Yes,3,1,"Embedded C, Python, IoT, SQL",84.5,79.5,78.8,71.5,Placed,Schneider Electric,Software Developer,5.28
STU20274694,Male,2024,Mechanical,7.36,77.6,81.5,1,No,1,1,"Python, Excel, ANSYS, MATLAB, AutoCAD",89.6,71.5,81.3,52.2,Not Placed,Not Placed,Not Placed,0.0
STU20274695,Male,2027,IT,8.29,,72.0,1,Yes,2,1,"SQL, Git, Python, MongoDB, Node.js",82.1,90.4,73.9,74.3,Placed,Infosys,Support Engineer,7.41
STU20274696,Male,2026,EEE,9.71,87.0,75.1,0,Yes,5,3,"AutoCAD, SQL, C",98.0,96.3,98.0,81.8,Placed,Wipro,Software Developer,7.91
STU20274697,Male,2024,IT,8.75,77.1,93.9,0,No,3,0,"DSA, Python, MongoDB, AWS, SQL",96.1,96.5,68.0,71.0,Placed,Zoho,Software Developer,6.38
STU20274698,Male,2027,IT,8.1,74.8,69.3,0,No,2,3,"Node.js, React, Python",82.2,81.4,79.5,60.3,Not Placed,Not Placed,Not Placed,0.0
STU20274699,Male,2025,ECE,9.8,90.4,78.4,0,No,3,3,"Embedded C, SQL, IoT, Arduino",91.4,97.0,84.4,79.9,Placed,L&T Technology Services,Embedded Engineer,7.37
STU20274700,Male,2026,EEE,7.75,75.1,62.6,1,Yes,3,1,"C, Java, Python, IoT",78.4,80.5,72.7,71.0,Not Placed,Not Placed,Not Placed,0.0
STU20274701,Male,2027,Civil,7.99,78.8,70.7,0,No,2,0,"Revit, Primavera, MATLAB, STAAD Pro, Python, AutoCAD",79.5,83.1,44.3,59.5,Not Placed,Not Placed,Not Placed,0.0
STU20274702,Male,2026,IT,7.1,74.4,67.2,2,No,1,0,"Git, Node.js, DSA, Java",62.9,79.6,64.9,72.1,Not Placed,Not Placed,Not Placed,0.0
STU20274703,Female,2026,IT,6.48,77.8,67.8,3,No,2,1,"Java, Git, DSA, MongoDB, Node.js, Python",80.5,75.0,43.3,83.5,Not Placed,Not Placed,Not Placed,0.0
STU20274704,Male,2024,IT,7.66,84.5,77.8,2,Yes,3,2,"JavaScript, DSA, AWS, Python, SQL, Java",98.0,98.0,64.2,66.0,Placed,Accenture,QA Engineer,6.49
STU20274705,Male,2024,CSE,8.03,83.9,80.5,1,Yes,3,5,"JavaScript, Git, MongoDB, DSA, C++, Node.js",60.9,98.0,71.2,92.2,Placed,Wipro,Software Developer,6.81
STU20274706,Male,2024,IT,8.18,75.2,70.0,0,No,2,2,"Git, Java, DSA, SQL",95.0,79.9,98.0,69.9,Placed,Cognizant,Full Stack Developer,7.89
STU20274707,Female,2025,CSE,6.79,83.4,67.8,1,Yes,2,0,"Python, JavaScript, React, Java, Git, SQL",76.9,87.8,77.0,74.5,Placed,TCS,Software Developer,6.55
STU20274708,Female,2025,IT,8.46,72.7,85.4,1,No,4,1,"Java, Python, DSA, Node.js, MongoDB, React",98.0,98.0,60.5,70.4,Placed,Capgemini,Software Developer,6.36
STU20274709,Female,2026,CSE,7.29,71.0,86.6,0,No,2,2,"Python, Git, MongoDB, SQL, Java, React",69.4,68.0,71.8,62.4,Placed,Capgemini,QA Engineer,5.24
STU20274710,Male,2026,IT,8.42,78.2,86.5,3,Yes,5,1,"Python, React, MongoDB",87.4,68.2,79.2,57.8,Placed,TCS,Support Engineer,7.08
STU20274711,Female,2024,Mechanical,8.34,86.2,66.0,1,Yes,3,3,"SolidWorks, Python, AutoCAD, ANSYS",98.0,92.1,74.7,96.5,Placed,Mahindra,Graduate Engineer Trainee,7.94
STU20274712,Male,2026,CSE,7.66,69.0,84.0,1,No,1,0,"React, MongoDB, SQL, Node.js, C++, Python",75.2,76.2,70.9,54.8,Placed,Cognizant,Software Developer,6.88
STU20274713,Female,2027,ECE,6.93,81.6,86.7,3,Yes,1,0,"IoT, Embedded C, Arduino, C++",82.0,49.1,60.5,87.9,Placed,Tech Mahindra,Software Developer,5.44
STU20274714,Female,2024,Civil,8.81,79.6,66.9,0,Yes,3,2,"C, Revit, Excel, MATLAB",79.5,91.6,79.9,93.8,Not Placed,Not Placed,Not Placed,0.0
STU20274715,Male,2026,ECE,8.49,76.2,85.5,1,Yes,4,2,"C, Python, Java, C++",85.1,90.7,77.4,64.4,Placed,Infosys,QA Engineer,7.64
STU20274716,Male,2024,CSE,8.13,86.0,78.5,1,Yes,4,0,"DSA, React, Python",91.8,78.3,81.4,80.4,Placed,Capgemini,Web Developer,8.94
STU20274717,Male,2026,IT,9.15,75.3,77.4,0,No,3,3,"Git, Node.js, DSA, MongoDB, SQL",93.1,98.0,87.5,77.3,Placed,Zoho,Data Analyst,6.59
STU20274718,Male,2026,ECE,7.82,93.5,76.9,0,Yes,3,1,"Embedded C, C++, C, Python",91.5,81.1,81.8,81.3,Placed,HCLTech,Software Developer,5.15
STU20274719,Female,2024,ECE,7.22,74.8,77.6,2,No,4,2,"Java, Python, Embedded C",77.0,79.9,70.3,61.4,Placed,L&T Technology Services,Embedded Engineer,5.55
STU20274720,Male,2025,CSE,7.15,76.9,,3,No,1,0,"Python, JavaScript, MongoDB, Java, C++",73.2,75.0,66.5,64.4,Not Placed,Not Placed,Not Placed,0.0
STU20274721,Female,2027,IT,7.81,88.3,83.8,4,No,2,1,"DSA, SQL, JavaScript, Python",90.7,68.2,80.9,78.7,Placed,Wipro,Full Stack Developer,7.57
STU20274722,Female,2025,ECE,8.41,80.3,67.2,2,No,2,1,"Java, Arduino, MATLAB, Embedded C",98.0,75.6,63.0,49.3,Placed,Infosys,Embedded Engineer,6.33
STU20274723,Male,2026,CSE,9.18,89.3,75.2,0,Yes,2,5,"SQL, React, Node.js",75.8,68.5,44.6,49.0,Placed,Capgemini,QA Engineer,7.41
STU20274724,Male,2026,ECE,7.77,63.8,76.6,0,No,0,1,"C, Git, Embedded C, Python, C++",88.1,82.5,48.5,70.2,Not Placed,Not Placed,Not Placed,0.0
STU20274725,Male,2024,CSE,9.03,77.5,90.4,0,Yes,4,3,"SQL, DSA, Java, React, MongoDB, C++",80.9,98.0,51.8,71.5,Placed,Accenture,Data Analyst,7.75
STU20274726,Female,2026,IT,7.72,80.1,56.8,1,No,1,0,"React, MongoDB, Python, SQL, Git",78.6,80.7,78.2,70.9,Placed,Infosys,Full Stack Developer,5.66
STU20274727,Male,2026,Mechanical,6.89,82.8,69.3,0,No,1,1,"ANSYS, C, CATIA",75.3,77.7,69.3,60.3,Not Placed,Not Placed,Not Placed,0.0
STU20274728,Male,2024,CSE,6.89,80.6,62.9,1,No,2,2,"JavaScript, Python, MongoDB, DSA, C++, React",68.6,78.3,77.8,78.4,Placed,Deloitte,Data Analyst,5.29
STU20274729,Male,2027,ECE,7.32,81.0,65.2,0,Yes,1,2,"C++, MATLAB, Python, Java, Arduino",72.0,94.8,76.0,83.2,Placed,Infosys,Embedded Engineer,3.8
STU20274730,Female,2026,IT,6.82,82.5,80.3,2,No,1,1,"SQL, JavaScript, React, Node.js",50.4,73.7,80.8,71.0,Not Placed,Not Placed,Not Placed,0.0
STU20274731,Male,2026,IT,9.61,85.4,77.2,0,No,3,3,"Java, Node.js, Git, Python",98.0,98.0,93.1,53.1,Placed,Deloitte,Support Engineer,7.04
STU20274732,Male,2024,Civil,7.87,62.7,59.9,0,No,2,2,"Revit, C, Python, MATLAB, STAAD Pro, GIS",76.0,91.9,83.8,81.5,Placed,Adani,Civil Engineer,2.56
STU20274733,Female,2024,IT,7.82,87.6,75.0,1,No,1,1,"AWS, Java, React, Node.js, MongoDB",76.1,66.4,83.8,47.9,Placed,Cognizant,Software Developer,6.58
STU20274734,Male,2026,CSE,9.46,75.8,94.8,0,Yes,4,2,"JavaScript, MongoDB, SQL",85.4,98.0,98.0,57.9,Placed,TCS,Web Developer,9.23
STU20274735,Male,2026,Civil,6.39,76.2,59.6,1,No,1,1,"Primavera, SQL, Excel, C, Revit",78.2,61.9,92.6,78.1,Not Placed,Not Placed,Not Placed,0.0
STU20274736,Male,2025,EEE,7.53,78.1,79.1,2,No,2,1,"C++, Embedded C, MATLAB",79.9,74.6,71.1,55.5,Not Placed,Not Placed,Not Placed,0.0
STU20274737,Male,2026,EEE,9.35,81.7,91.2,0,Yes,4,1,"Python, Java, C++",78.0,90.5,97.4,64.2,Placed,Wipro,Graduate Engineer Trainee,9.03
STU20274738,Male,2026,CSE,7.88,70.0,75.9,3,No,3,0,"C++, Git, JavaScript",80.6,94.0,63.9,70.6,Placed,Accenture,Data Analyst,7.99
STU20274739,Male,2025,CSE,9.8,68.9,95.0,1,Yes,4,3,"JavaScript, SQL, Python",81.6,91.4,72.3,84.1,Placed,Wipro,QA Engineer,10.45
STU20274740,Male,2027,ECE,8.42,72.0,73.1,0,No,2,0,"Git, SQL, Java",82.3,86.0,95.2,76.0,Placed,Bosch,Network Engineer,5.01
STU20274741,Male,2026,CSE,9.11,86.6,89.7,0,Yes,4,1,"MongoDB, Node.js, Python, C++",98.0,75.5,77.8,88.9,Placed,Zoho,QA Engineer,7.84
STU20274742,Male,2026,CSE,9.13,70.7,88.1,0,Yes,3,2,"Java, DSA, MongoDB, JavaScript",90.5,89.9,54.9,67.6,Placed,Capgemini,Backend Developer,7.24
STU20274743,Male,2027,EEE,7.65,71.0,75.4,2,Yes,2,2,"Arduino, C++, AutoCAD, Java, IoT",83.5,78.0,55.0,62.6,Not Placed,Not Placed,Not Placed,0.0
STU20274744,Male,2026,IT,7.49,79.7,64.8,1,No,1,0,"Java, Python, AWS, JavaScript",87.6,89.1,59.9,53.6,Not Placed,Not Placed,Not Placed,0.0
STU20274745,Female,2027,CSE,7.9,70.6,69.3,0,No,0,0,"JavaScript, MongoDB, React, SQL, C++, Java",64.7,69.6,56.3,70.3,Not Placed,Not Placed,Not Placed,0.0
STU20274746,Female,2027,CSE,7.16,72.1,57.9,0,No,1,1,"Python, DSA, Node.js, MongoDB, React",68.0,61.3,75.6,72.3,Placed,Accenture,Backend Developer,5.25
STU20274747,Male,2025,IT,7.84,78.2,80.3,1,No,3,1,"React, DSA, AWS",60.1,79.0,60.1,98.0,Placed,Cognizant,Software Developer,7.82
STU20274748,Female,2025,ECE,7.75,79.4,79.2,4,Yes,1,1,"SQL, Embedded C, C++",71.7,73.7,67.4,80.4,Not Placed,Not Placed,Not Placed,0.0
STU20274749,Female,2027,Mechanical,8.99,73.1,79.8,0,No,4,1,"C++, SQL, AutoCAD, MATLAB, ANSYS",82.6,93.0,68.1,48.4,Placed,Mahindra,Production Engineer,6.97
STU20274750,Male,2027,CSE,8.5,80.2,77.1,1,Yes,1,4,"SQL, Git, JavaScript, Python, Java",87.8,98.0,56.3,86.8,Placed,Wipro,Web Developer,5.48
STU20274751,Female,2024,CSE,9.8,85.3,91.0,0,Yes,3,1,"JavaScript, Node.js, MongoDB",97.0,89.8,62.1,62.9,Placed,TCS,Backend Developer,10.09
STU20274752,Female,2025,ECE,5.91,63.9,73.0,4,No,0,0,"C, Arduino, SQL, Embedded C, Java, MATLAB",82.6,70.8,75.5,53.2,Not Placed,Not Placed,Not Placed,0.0
STU20274753,Male,2025,IT,6.87,76.7,69.7,3,No,2,1,"MongoDB, Python, Git",68.3,76.0,71.7,81.4,Not Placed,Not Placed,Not Placed,0.0
STU20274754,Male,2027,ECE,7.45,71.6,76.1,0,No,3,1,"Git, Embedded C, Python, MATLAB, Java",84.5,86.4,28.2,79.1,Placed,Wipro,Software Developer,6.59
STU20274755,Male,2027,Civil,8.77,80.8,93.0,0,Yes,3,2,"STAAD Pro, GIS, SQL, Revit",95.2,80.2,66.8,86.1,Placed,Afcons Infrastructure,Graduate Engineer Trainee,6.98
STU20274756,Male,2027,ECE,7.66,82.2,80.0,0,No,1,3,"Java, Python, SQL, C++, MATLAB",98.0,83.2,82.2,61.5,Placed,L&T Technology Services,Embedded Engineer,4.58
STU20274757,Female,2025,IT,6.65,73.4,70.2,3,No,0,0,"MongoDB, Java, AWS, Node.js, Git",73.5,80.4,73.9,95.7,Placed,Deloitte,Software Developer,3.85
STU20274758,Male,2027,Civil,7.29,82.6,74.4,1,No,2,1,"Python, STAAD Pro, Primavera, GIS, Revit, MATLAB",75.9,71.5,96.8,80.0,Not Placed,Not Placed,Not Placed,0.0
STU20274759,Male,2024,CSE,6.98,81.0,77.1,4,No,1,1,"C++, Node.js, React, SQL, DSA",73.9,74.3,64.6,57.6,Not Placed,Not Placed,Not Placed,0.0
STU20274760,Male,2025,Civil,6.32,80.2,69.1,1,No,1,0,"Revit, MATLAB, AutoCAD, SQL, Excel, Python",74.7,70.1,70.2,95.6,Not Placed,Not Placed,Not Placed,0.0
STU20274761,Female,2025,ECE,9.45,84.4,76.9,0,Yes,3,2,"C++, IoT, Git, Java, Arduino, C",98.0,78.6,66.3,79.9,Placed,Wipro,Software Developer,6.79
STU20274762,Male,2026,ECE,7.45,84.3,75.0,0,No,2,0,"C++, C, SQL, Embedded C, MATLAB, Arduino",72.1,85.1,49.7,68.8,Not Placed,Not Placed,Not Placed,0.0
STU20274763,Female,2026,Civil,7.65,79.8,86.3,2,Yes,1,1,"GIS, Revit, AutoCAD, STAAD Pro, Python",67.2,73.7,75.3,66.3,Not Placed,Not Placed,Not Placed,0.0
STU20274764,Male,2025,ECE,7.67,65.5,81.2,2,No,1,1,"Embedded C, C, SQL, Java, Arduino, Git",98.0,79.0,65.6,35.0,Not Placed,Not Placed,Not Placed,0.0
STU20274765,Male,2024,IT,7.69,71.7,72.9,0,No,1,1,"Python, Java, SQL, JavaScript, Git, React",62.4,85.7,98.0,78.2,Placed,TCS,Software Developer,3.62
STU20274766,Male,2027,CSE,7.29,,80.8,2,No,1,0,"Node.js, Git, JavaScript",84.2,82.8,61.5,61.6,Placed,Deloitte,QA Engineer,3.97
STU20274767,Male,2024,ECE,7.49,76.1,75.3,2,No,2,1,"Java, Embedded C, C, MATLAB, Arduino, C++",82.4,68.2,64.5,66.2,Not Placed,Not Placed,Not Placed,0.0
STU20274768,Male,2026,ECE,8.04,80.6,79.1,0,No,2,1,"C, SQL, Python, C++",84.1,87.0,73.2,67.8,Placed,L&T Technology Services,Embedded Engineer,6.34
STU20274769,Female,2024,CSE,9.21,75.4,81.6,0,Yes,4,3,"SQL, Python, Java, React, JavaScript, MongoDB",76.3,98.0,89.1,62.6,Placed,Cognizant,Backend Developer,8.73
STU20274770,Male,2025,EEE,8.46,93.2,63.1,0,Yes,2,4,"IoT, Embedded C, C++",98.0,84.4,85.0,79.2,Placed,Schneider Electric,Electrical Engineer,6.25
STU20274771,Male,2025,ECE,6.71,74.1,51.8,1,No,2,3,"IoT, Git, Python",75.7,88.1,45.2,58.9,Placed,Wipro,Network Engineer,4.2
STU20274772,Female,2026,IT,8.74,79.8,80.2,0,Yes,2,1,"Java, DSA, SQL, AWS",77.5,90.5,92.0,53.8,Placed,HCLTech,Software Developer,7.07
STU20274773,Female,2025,CSE,8.4,74.3,71.7,0,Yes,5,3,"C++, JavaScript, Python",73.5,98.0,71.5,73.8,Placed,Accenture,Data Analyst,7.35
STU20274774,Male,2025,IT,7.37,69.4,63.4,1,No,2,0,"DSA, React, AWS, Python, MongoDB, JavaScript",52.7,86.2,34.7,62.0,Not Placed,Not Placed,Not Placed,0.0
STU20274775,Female,2027,CSE,8.15,77.5,,1,Yes,2,1,"DSA, Python, Java, MongoDB",89.2,74.6,72.6,49.5,Placed,Capgemini,Web Developer,6.02
STU20274776,Male,2024,CSE,8.49,79.4,84.4,0,No,3,1,"MongoDB, Python, JavaScript",74.9,77.2,60.7,54.3,Placed,Accenture,Software Developer,6.91
STU20274777,Male,2027,IT,7.94,77.2,78.9,1,Yes,3,3,"Python, SQL, MongoDB, JavaScript",79.0,98.0,87.1,75.0,Placed,HCLTech,QA Engineer,7.6
STU20274778,Male,2025,CSE,8.41,90.6,83.1,0,Yes,3,2,"React, SQL, Java, Git, Python, C++",77.3,85.2,78.1,74.7,Placed,Capgemini,Software Developer,7.79
STU20274779,Female,2027,CSE,7.27,75.3,77.8,3,No,2,0,"DSA, Python, SQL, React, C++",82.8,62.6,83.1,85.7,Placed,Wipro,QA Engineer,5.58
STU20274780,Female,2024,ECE,9.44,81.0,74.1,0,Yes,5,2,"Arduino, C++, IoT, MATLAB",98.0,94.9,93.3,87.1,Placed,Bosch,Software Developer,7.96
STU20274781,Male,2026,IT,6.26,79.4,77.3,2,No,2,2,"AWS, DSA, Java, Node.js, JavaScript, Git",80.3,75.1,59.1,74.3,Placed,Cognizant,Software Developer,3.97
STU20274782,Male,2026,Civil,7.99,76.8,80.7,0,No,2,0,"GIS, AutoCAD, STAAD Pro, SQL",89.4,83.2,75.2,60.5,Not Placed,Not Placed,Not Placed,0.0
STU20274783,Male,2026,Civil,7.81,81.3,75.3,0,No,4,1,"Primavera, AutoCAD, MATLAB, GIS, Revit",75.5,81.1,86.0,62.4,Not Placed,Not Placed,Not Placed,0.0
STU20274784,Male,2027,ECE,8.3,69.8,77.8,0,Yes,3,2,"Java, C++, Git, SQL, MATLAB, Arduino",67.8,98.0,76.1,78.3,Placed,Wipro,Embedded Engineer,6.5
STU20274785,Male,2024,Civil,6.9,66.4,79.2,0,Yes,1,0,"MATLAB, Primavera, AutoCAD, Python",70.2,64.9,56.9,84.9,Placed,Tata Projects,Civil Engineer,3.81
STU20274786,Male,2025,Mechanical,8.54,80.2,72.8,0,No,3,2,"C, SolidWorks, CATIA, Python",91.4,69.6,92.9,75.5,Not Placed,Not Placed,Not Placed,0.0
STU20274787,Male,2027,IT,7.81,75.9,83.7,0,No,2,0,"Git, MongoDB, React",80.3,65.2,71.6,63.4,Placed,TCS,Software Developer,7.0
STU20274788,Male,2027,EEE,6.64,68.9,76.9,2,No,1,0,"Java, SQL, AutoCAD",48.3,65.2,56.3,71.5,Not Placed,Not Placed,Not Placed,0.0
STU20274789,Male,2026,CSE,7.07,76.5,74.1,1,Yes,3,4,"Node.js, SQL, Java, JavaScript, MongoDB",78.5,90.5,93.2,69.9,Placed,Wipro,QA Engineer,7.51
STU20274790,Female,2026,EEE,7.76,78.9,86.7,1,No,0,0,"AutoCAD, Embedded C, Arduino, Java, C++, Python",61.8,74.6,46.3,43.6,Not Placed,Not Placed,Not Placed,0.0
STU20274791,Male,2027,ECE,6.39,69.0,63.2,3,No,3,1,"C, IoT, Arduino",74.7,79.8,56.9,66.4,Not Placed,Not Placed,Not Placed,0.0
STU20274792,Male,2027,CSE,9.53,78.2,77.5,0,Yes,4,4,"C++, MongoDB, DSA, SQL, React, Node.js",98.0,92.8,70.7,68.1,Placed,Infosys,Backend Developer,8.61
STU20274793,Male,2027,CSE,8.89,81.7,74.2,1,No,1,2,"C++, SQL, Java",52.0,91.9,87.0,78.5,Placed,Wipro,Web Developer,7.18
STU20274794,Male,2027,Civil,9.05,73.5,81.9,0,No,3,0,"STAAD Pro, C, Revit, Python, GIS, Excel",98.0,71.7,71.6,55.8,Placed,JLL,Civil Engineer,6.26
STU20274795,Male,2025,IT,9.36,77.2,88.5,1,Yes,4,2,"Java, DSA, React, MongoDB",79.2,96.2,68.5,61.1,Placed,TCS,Support Engineer,6.48
STU20274796,Male,2026,CSE,7.7,81.0,68.9,2,Yes,4,3,"Java, SQL, C++, Python",95.5,94.3,84.4,85.7,Placed,Deloitte,Software Developer,8.21
STU20274797,Male,2026,CSE,7.26,76.0,,1,Yes,4,1,"Git, Java, C++, DSA",91.4,72.9,79.2,62.0,Placed,Zoho,Web Developer,7.71
STU20274798,Male,2024,IT,5.62,68.7,65.5,1,No,3,2,"MongoDB, Git, React",67.0,91.2,58.7,60.7,Placed,Capgemini,Data Analyst,3.45
STU20274799,Male,2027,Mechanical,7.2,69.7,77.0,3,No,2,2,"SolidWorks, MATLAB, Excel, C++",81.5,62.0,71.8,75.0,Placed,L&T,Mechanical Engineer,5.15
STU20274800,Male,2026,EEE,9.15,73.8,79.7,0,No,3,1,"MATLAB, C, Embedded C, Python, IoT, Java",79.8,97.1,61.9,77.6,Not Placed,Not Placed,Not Placed,0.0
STU20274801,Male,2024,IT,7.2,75.1,74.8,1,No,1,0,"DSA, JavaScript, Python, SQL, React",52.8,83.6,65.8,85.8,Placed,Accenture,Data Analyst,3.81
STU20274802,Male,2026,CSE,7.82,91.7,70.6,1,Yes,4,0,"Git, MongoDB, SQL, Python, React",97.8,74.2,70.4,68.7,Placed,Tech Mahindra,Software Developer,6.76
STU20274803,Female,2025,CSE,7.53,80.8,82.8,0,Yes,1,0,,67.0,80.1,53.3,69.4,Placed,Capgemini,Software Developer,7.17
STU20274804,Female,2024,IT,8.22,69.2,71.2,1,Yes,2,2,"MongoDB, SQL, JavaScript, Git, Java, React",98.0,77.3,51.4,71.0,Placed,Deloitte,Software Developer,7.35
STU20274805,Male,2026,Mechanical,8.64,84.6,65.9,0,No,2,0,"Excel, Python, C",93.8,86.9,69.4,61.8,Placed,Tata Motors,Design Engineer,5.34
STU20274806,Female,2026,EEE,6.34,68.5,64.3,1,No,1,1,"SQL, AutoCAD, IoT, Arduino",59.1,70.8,79.1,74.2,Not Placed,Not Placed,Not Placed,0.0
STU20274807,Female,2026,IT,6.75,74.8,83.3,0,Yes,2,1,"Git, Python, JavaScript",80.8,76.5,74.5,69.1,Placed,Infosys,Full Stack Developer,4.71
STU20274808,Male,2024,ECE,9.01,76.4,88.1,1,No,4,1,"Java, C, IoT, SQL",96.4,85.0,68.2,54.3,Placed,Infosys,QA Engineer,7.4
STU20274809,Male,2026,IT,8.52,93.5,64.0,0,Yes,2,3,"DSA, JavaScript, AWS, React, Python, Git",98.0,83.6,98.0,51.8,Placed,Accenture,Support Engineer,6.7
STU20274810,Female,2024,ECE,7.53,68.9,81.0,1,No,1,0,"Embedded C, Python, SQL",69.3,69.2,56.2,67.5,Placed,Bosch,Network Engineer,3.82
STU20274811,Male,2027,ECE,9.2,83.2,66.0,0,Yes,3,1,"MATLAB, SQL, Python",85.7,96.7,83.9,80.4,Placed,Wipro,QA Engineer,7.68
STU20274812,Male,2025,EEE,6.49,69.4,72.3,1,No,1,0,"Embedded C, Python, IoT, MATLAB, C++",75.1,88.4,59.1,60.8,Not Placed,Not Placed,Not Placed,0.0
STU20274813,Male,2027,ECE,8.54,84.5,69.6,2,Yes,4,1,"Python, C++, Embedded C",87.9,98.0,89.9,57.3,Placed,Infosys,QA Engineer,6.73
STU20274814,Male,2024,Civil,7.44,78.7,81.3,1,No,3,1,"C, Excel, MATLAB, GIS, Primavera, STAAD Pro",63.0,90.8,68.3,87.4,Not Placed,Not Placed,Not Placed,0.0
STU20274815,Female,2024,IT,8.42,87.8,81.6,2,Yes,4,0,"JavaScript, DSA, Python",98.0,85.8,70.6,68.7,Placed,Wipro,Data Analyst,6.47
STU20274816,Male,2025,CSE,5.97,78.0,78.0,0,No,2,0,"MongoDB, DSA, JavaScript, Node.js, Python",89.0,80.6,76.4,79.8,Placed,TCS,Backend Developer,6.39
STU20274817,Male,2026,CSE,7.78,72.6,73.9,0,No,2,0,"Git, C++, JavaScript",80.7,83.2,69.0,81.6,Placed,Zoho,Software Developer,8.48
STU20274818,Male,2027,ECE,8.38,98.0,,0,No,2,0,"Arduino, Embedded C, C, Java, Python",66.6,79.3,83.1,87.1,Placed,L&T Technology Services,QA Engineer,6.55
STU20274819,Male,2026,ECE,7.7,81.1,65.3,0,Yes,3,2,"Arduino, C++, Embedded C, C, IoT, Java",79.6,98.0,69.4,72.3,Placed,Wipro,Embedded Engineer,6.11
STU20274820,Female,2025,ECE,8.82,76.2,71.6,0,Yes,3,1,"MATLAB, SQL, C, Arduino, IoT, Java",75.7,98.0,41.1,55.8,Placed,L&T Technology Services,QA Engineer,6.89
STU20274821,Female,2024,EEE,8.69,81.2,85.1,1,No,2,0,"Embedded C, C++, MATLAB, Python, IoT, C",80.3,76.8,98.0,46.1,Not Placed,Not Placed,Not Placed,0.0
STU20274822,Female,2026,CSE,7.19,80.4,77.0,3,Yes,3,2,"Git, JavaScript, Java, SQL, Python",80.7,91.9,75.5,69.8,Placed,Infosys,Backend Developer,6.62
STU20274823,Male,2025,EEE,8.35,83.0,78.3,1,Yes,2,1,"Arduino, C, IoT, Embedded C",89.6,90.4,69.4,93.4,Placed,Wipro,Graduate Engineer Trainee,5.15
STU20274824,Male,2027,EEE,6.81,78.5,82.2,1,Yes,3,0,"AutoCAD, C, IoT",93.4,67.0,85.0,73.9,Placed,Schneider Electric,Software Developer,5.12
STU20274825,Male,2026,IT,7.95,84.6,67.4,1,No,2,2,"AWS, JavaScript, DSA, SQL",87.3,85.4,59.2,85.3,Not Placed,Not Placed,Not Placed,0.0
STU20274826,Male,2027,IT,8.46,85.2,82.9,0,No,3,0,"DSA, MongoDB, SQL, JavaScript",72.1,84.1,62.0,57.3,Placed,Cognizant,QA Engineer,6.3
STU20274827,Female,2027,CSE,7.29,70.3,66.4,1,No,2,2,"C++, Python, JavaScript, Git, Node.js, DSA",84.6,55.4,50.8,86.4,Not Placed,Not Placed,Not Placed,0.0
STU20274828,Male,2024,IT,8.57,94.2,88.5,1,No,4,2,"DSA, Node.js, SQL",84.4,76.6,71.7,77.1,Placed,Cognizant,Support Engineer,5.82
STU20274829,Male,2025,Mechanical,7.12,89.6,78.0,3,No,0,2,"SQL, SolidWorks, CATIA, Excel, C",68.5,88.4,59.9,70.6,Not Placed,Not Placed,Not Placed,0.0
STU20274830,Male,2027,Civil,7.01,81.1,80.7,0,No,3,1,"Excel, STAAD Pro, MATLAB, Python",77.4,72.3,64.3,80.3,Not Placed,Not Placed,Not Placed,0.0
STU20274831,Female,2025,ECE,8.35,79.1,72.6,0,No,4,0,"Python, IoT, Java, MATLAB",88.4,91.6,54.3,62.2,Placed,Wipro,QA Engineer,7.13
STU20274832,Male,2026,IT,7.19,76.4,89.7,0,Yes,3,1,"DSA, SQL, Git, Node.js",90.6,93.1,59.8,78.6,Placed,HCLTech,Data Analyst,4.38
STU20274833,Female,2027,EEE,6.9,73.0,87.6,4,No,2,0,"SQL, Arduino, C++",80.5,54.8,73.5,58.9,Not Placed,Not Placed,Not Placed,0.0
STU20274834,Female,2025,EEE,8.53,78.0,81.0,0,Yes,4,2,"Python, AutoCAD, Embedded C, MATLAB",73.4,98.0,91.9,65.7,Not Placed,Not Placed,Not Placed,0.0
STU20274835,Female,2027,IT,7.99,62.7,84.8,1,No,1,1,"AWS, Python, React, MongoDB, DSA, JavaScript",59.4,79.7,72.5,58.0,Placed,Infosys,Data Analyst,6.06
STU20274836,Male,2025,Mechanical,6.31,84.5,69.9,3,No,1,0,"SolidWorks, AutoCAD, C, ANSYS",76.9,74.9,58.8,58.3,Not Placed,Not Placed,Not Placed,0.0
STU20274837,Male,2026,CSE,8.73,88.1,69.7,0,No,3,2,"JavaScript, MongoDB, Git",92.6,98.0,83.1,48.2,Placed,Accenture,Backend Developer,7.26
STU20274838,Male,2025,CSE,7.65,65.4,81.2,0,No,0,2,"JavaScript, Git, C++, Java",88.4,89.9,85.9,96.3,Placed,Deloitte,Software Developer,6.95
STU20274839,Female,2026,CSE,6.81,81.3,67.0,1,No,2,1,"JavaScript, Git, MongoDB, React, Java, DSA",72.9,75.3,81.8,54.6,Placed,Deloitte,Backend Developer,6.18
STU20274840,Female,2024,CSE,5.87,72.6,80.0,2,No,1,2,"JavaScript, React, Node.js, Python, Git, SQL",70.2,67.5,70.1,81.4,Placed,Infosys,Web Developer,4.39
STU20274841,Male,2024,Mechanical,8.32,77.4,84.8,0,Yes,3,3,"AutoCAD, ANSYS, MATLAB",89.8,85.6,63.5,52.7,Placed,L&T,Mechanical Engineer,3.09
STU20274842,Male,2025,IT,7.17,79.4,76.0,2,No,1,4,"React, Java, SQL, Node.js, DSA, Python",54.7,77.7,68.0,62.1,Placed,Cognizant,QA Engineer,5.17
STU20274843,Male,2025,CSE,6.94,63.2,75.0,1,Yes,1,3,"DSA, MongoDB, C++",52.9,92.8,70.9,68.7,Placed,TCS,Backend Developer,6.43
STU20274844,Male,2026,IT,8.44,79.0,84.7,0,Yes,2,1,"Java, MongoDB, DSA, Python, SQL, Git",91.0,90.6,41.9,90.1,Placed,TCS,QA Engineer,6.51
STU20274845,Male,2024,IT,8.58,80.0,80.1,0,Yes,2,2,"Node.js, Java, JavaScript",87.3,90.0,74.7,77.0,Placed,Wipro,Data Analyst,7.64
STU20274846,Male,2024,IT,7.23,76.6,71.7,4,No,3,0,"MongoDB, Git, AWS, Node.js",94.8,76.5,91.3,56.1,Not Placed,Not Placed,Not Placed,0.0
STU20274847,Female,2024,CSE,8.78,70.4,68.1,0,No,2,0,"MongoDB, Python, React, JavaScript, SQL",98.0,92.2,66.8,66.1,Placed,TCS,Web Developer,7.15
STU20274848,Male,2025,ECE,9.5,84.9,87.4,0,Yes,3,1,"Embedded C, C++, Python, C, Git, IoT",86.4,73.2,54.4,87.2,Placed,HCLTech,Network Engineer,6.94
STU20274849,Male,2025,CSE,9.14,88.3,82.2,0,No,4,0,"Git, SQL, C++, React, Java",86.5,98.0,67.9,81.6,Placed,Wipro,Web Developer,7.1
STU20274850,Male,2024,EEE,8.66,82.5,97.7,0,No,2,3,"Python, Arduino, C++, Java, C",67.0,87.6,65.5,61.0,Placed,Wipro,Software Developer,5.45
STU20274851,Male,2026,CSE,8.27,77.1,76.7,2,No,3,1,"React, JavaScript, Java, Node.js, SQL, Python",90.1,76.3,87.4,51.4,Placed,Deloitte,Data Analyst,6.83
STU20274852,Female,2026,EEE,7.27,95.0,76.7,1,No,1,1,"SQL, Embedded C, Arduino",49.2,89.3,98.0,61.3,Not Placed,Not Placed,Not Placed,0.0
STU20274853,Male,2026,Mechanical,7.5,70.3,77.5,1,No,2,2,"Excel, MATLAB, Python, SolidWorks, CATIA",65.9,93.7,72.0,77.1,Not Placed,Not Placed,Not Placed,0.0
STU20274854,Male,2025,CSE,8.37,84.3,82.2,0,Yes,2,4,"Java, Git, Node.js",85.6,90.1,62.4,51.9,Placed,Tech Mahindra,Data Analyst,6.21
STU20274855,Male,2027,CSE,6.93,77.0,66.9,2,No,2,0,"Node.js, DSA, MongoDB, React",66.7,88.9,52.0,66.9,Not Placed,Not Placed,Not Placed,0.0
STU20274856,Male,2026,Civil,6.85,89.2,73.0,3,No,1,0,"GIS, Excel, STAAD Pro, Python, Primavera",71.2,83.8,80.8,54.4,Not Placed,Not Placed,Not Placed,0.0
STU20274857,Male,2026,IT,6.69,77.4,78.9,2,Yes,3,2,"SQL, Git, DSA, AWS, Java",73.5,83.7,76.2,67.2,Placed,Cognizant,Data Analyst,5.75
STU20274858,Male,2024,ECE,7.95,82.1,74.1,0,Yes,3,1,"C++, Python, Arduino, C",68.9,67.8,87.0,79.1,Not Placed,Not Placed,Not Placed,0.0
STU20274859,Male,2025,CSE,8.07,81.7,82.3,1,Yes,1,1,"DSA, Python, Git, React, C++",53.1,83.1,65.4,72.2,Placed,TCS,Data Analyst,6.67
STU20274860,Male,2025,CSE,7.45,69.2,75.8,2,Yes,2,2,"Java, Python, SQL, C++",85.7,82.3,91.0,81.3,Placed,Capgemini,Backend Developer,4.96
STU20274861,Male,2025,ECE,8.45,73.0,80.6,1,Yes,2,2,"Python, C++, Java",80.1,84.8,76.1,87.7,Placed,L&T Technology Services,Software Developer,3.72
STU20274862,Male,2026,Mechanical,6.66,72.7,81.0,1,No,2,1,"ANSYS, CATIA, AutoCAD, C++",77.4,72.6,57.4,98.0,Not Placed,Not Placed,Not Placed,0.0
STU20274863,Male,2025,CSE,7.41,83.2,73.4,0,No,2,1,"SQL, MongoDB, Node.js, C++, JavaScript, DSA",76.3,87.6,43.0,79.9,Placed,TCS,Web Developer,6.04
STU20274864,Female,2024,EEE,8.31,80.4,67.3,0,No,3,0,"AutoCAD, C, Java",83.1,71.6,66.6,76.2,Not Placed,Not Placed,Not Placed,0.0
STU20274865,Male,2024,EEE,8.44,77.7,75.9,0,No,2,1,"MATLAB, AutoCAD, Embedded C, Arduino",84.2,97.1,66.9,61.1,Placed,HCLTech,Graduate Engineer Trainee,8.01
STU20274866,Male,2024,CSE,7.32,85.9,69.0,0,No,0,1,"MongoDB, JavaScript, C++",69.3,76.1,55.4,79.7,Not Placed,Not Placed,Not Placed,0.0
STU20274867,Male,2025,IT,8.1,64.4,62.0,1,Yes,3,0,"React, Node.js, Python, AWS",78.9,74.6,78.2,91.8,Placed,HCLTech,QA Engineer,7.14
STU20274868,Female,2024,CSE,7.34,67.3,74.1,1,No,2,2,"Git, JavaScript, SQL",64.6,78.8,60.4,60.9,Not Placed,Not Placed,Not Placed,0.0
STU20274869,Male,2026,IT,7.73,59.8,77.3,2,No,2,0,"AWS, DSA, Node.js, Java",98.0,81.6,58.5,62.3,Placed,Cognizant,Full Stack Developer,5.74
STU20274870,Female,2025,ECE,7.87,86.1,83.4,1,Yes,3,0,"Arduino, Git, MATLAB, Embedded C",93.9,96.3,59.6,65.2,Placed,TCS,Software Developer,4.57
STU20274871,Male,2026,IT,8.38,,69.7,0,Yes,1,1,"JavaScript, MongoDB, React, Node.js, Java, Python",97.3,90.5,55.1,57.1,Placed,Accenture,Data Analyst,6.79
STU20274872,Female,2027,CSE,8.27,85.4,77.9,0,No,2,2,"DSA, Node.js, Java, Python, SQL",96.6,98.0,65.7,68.8,Placed,Wipro,Backend Developer,8.11
STU20274873,Male,2027,EEE,7.88,76.9,84.2,0,Yes,3,0,"Java, IoT, MATLAB, Python",78.5,81.3,64.4,56.8,Placed,Schneider Electric,Software Developer,4.76
STU20274874,Male,2026,ECE,6.83,82.2,69.4,1,Yes,1,1,"MATLAB, Git, Python",69.5,73.5,64.1,71.8,Placed,Infosys,Embedded Engineer,3.74
STU20274875,Male,2025,ECE,8.08,77.3,80.6,2,No,3,0,"Arduino, SQL, Python",82.9,98.0,77.3,72.8,Placed,Infosys,Embedded Engineer,6.18
STU20274876,Male,2026,ECE,8.22,81.4,88.4,1,No,2,2,"MATLAB, Python, C, SQL, IoT, Java",76.7,84.7,92.8,72.4,Placed,Bosch,QA Engineer,7.02
STU20274877,Female,2027,CSE,8.59,81.3,65.2,1,No,3,2,"Node.js, C++, Git, Java, Python, MongoDB",96.0,84.0,87.5,63.1,Placed,Deloitte,Backend Developer,5.69
STU20274878,Female,2026,EEE,7.04,,75.9,1,No,2,0,"Java, C++, Python, MATLAB",65.4,69.7,47.8,50.4,Not Placed,Not Placed,Not Placed,0.0
STU20274879,Male,2024,IT,8.68,91.5,86.6,1,Yes,3,3,"MongoDB, Git, AWS, Node.js",73.1,94.8,86.3,87.6,Placed,Accenture,Support Engineer,8.26
STU20274880,Male,2027,IT,6.78,63.6,70.9,2,No,0,1,"JavaScript, Git, SQL, React",53.3,63.1,81.2,47.8,Not Placed,Not Placed,Not Placed,0.0
STU20274881,Male,2024,CSE,7.63,76.6,85.3,3,Yes,2,1,"C++, DSA, React, MongoDB, Java",74.3,83.0,80.4,74.4,Placed,Cognizant,Software Developer,5.93
STU20274882,Male,2027,ECE,7.52,78.2,79.7,2,No,4,0,"C++, Embedded C, Python, Git",76.9,83.2,64.2,86.8,Placed,TCS,QA Engineer,6.63
STU20274883,Male,2024,ECE,6.68,75.0,85.4,5,No,3,0,"SQL, Arduino, Embedded C, Java",68.5,81.8,85.8,70.1,Placed,Infosys,Embedded Engineer,6.46
STU20274884,Male,2024,IT,7.65,74.3,79.7,2,No,3,0,"React, DSA, JavaScript, Java, SQL",81.8,63.3,58.9,84.3,Placed,Zoho,Full Stack Developer,5.58
STU20274885,Male,2027,Mechanical,7.74,73.6,88.9,0,No,2,2,"MATLAB, AutoCAD, Excel",64.7,63.7,84.8,75.1,Placed,Jindal Steel,Design Engineer,4.83
STU20274886,Female,2026,Mechanical,6.0,83.7,73.3,4,No,0,2,"C++, MATLAB, SolidWorks, Python, Excel, CATIA",73.9,67.6,77.5,52.3,Not Placed,Not Placed,Not Placed,0.0
STU20274887,Female,2026,CSE,7.66,76.7,66.1,0,Yes,2,1,"C++, Python, MongoDB, React",65.1,79.9,77.1,88.7,Placed,TCS,Data Analyst,7.68
STU20274888,Female,2027,EEE,6.16,90.5,67.2,4,No,1,1,"MATLAB, Java, Arduino, AutoCAD, SQL",54.2,61.1,41.3,61.9,Placed,TCS,Software Developer,3.85
STU20274889,Male,2027,IT,9.64,85.8,88.2,0,Yes,4,3,"Java, Python, MongoDB",85.5,84.5,81.2,67.9,Placed,Capgemini,Support Engineer,8.1
STU20274890,Female,2025,Civil,7.68,75.2,82.7,3,Yes,1,1,"STAAD Pro, Revit, GIS, MATLAB, Python",74.2,84.2,81.5,81.2,Placed,Afcons Infrastructure,Civil Engineer,3.48
STU20274891,Male,2027,CSE,8.11,82.1,74.7,1,Yes,4,0,"JavaScript, Node.js, Git, React",95.9,81.4,73.1,61.6,Placed,Tech Mahindra,Web Developer,6.54
STU20274892,Male,2025,IT,8.1,79.0,89.5,3,Yes,0,3,"Python, AWS, Java, DSA, React",74.6,92.6,71.3,84.3,Placed,Wipro,QA Engineer,5.96
STU20274893,Male,2024,IT,8.41,88.4,75.2,1,No,3,0,"Node.js, JavaScript, SQL, Python",65.3,70.8,68.8,74.1,Placed,Infosys,QA Engineer,6.79
STU20274894,Female,2027,CSE,8.83,71.9,82.1,2,No,3,0,"Python, Java, C++, Git, Node.js",92.5,85.6,68.5,88.9,Placed,Infosys,Software Developer,6.99
STU20274895,Male,2025,EEE,6.32,61.2,75.1,3,Yes,4,0,"AutoCAD, Embedded C, C, SQL, MATLAB, IoT",82.2,92.3,64.0,86.8,Not Placed,Not Placed,Not Placed,0.0
STU20274896,Female,2027,ECE,8.86,82.7,69.6,2,No,2,0,"SQL, Embedded C, Arduino",77.3,82.3,91.0,66.5,Placed,Bosch,Software Developer,6.49
STU20274897,Male,2024,CSE,9.06,86.5,78.7,0,Yes,3,2,"SQL, MongoDB, Node.js",89.9,86.0,67.1,68.0,Placed,TCS,Software Developer,8.34
STU20274898,Female,2024,ECE,7.69,79.2,92.4,1,No,2,3,"Java, Embedded C, SQL, Arduino",95.7,94.6,75.9,60.2,Placed,HCLTech,Network Engineer,5.45
STU20274899,Female,2024,Mechanical,7.45,81.3,68.7,1,Yes,3,0,"Python, AutoCAD, C, SQL",69.4,91.9,34.8,70.0,Not Placed,Not Placed,Not Placed,0.0
STU20274900,Female,2026,Mechanical,5.2,74.7,73.4,1,No,1,0,"SQL, Excel, Python",75.0,59.1,54.0,58.2,Not Placed,Not Placed,Not Placed,0.0
STU20274901,Male,2027,ECE,6.69,64.4,65.0,3,No,0,1,"Arduino, Python, MATLAB",83.6,67.8,76.0,65.3,Not Placed,Not Placed,Not Placed,0.0
STU20274902,Male,2025,IT,8.34,80.8,71.0,0,No,3,3,"Git, SQL, Java, Node.js, JavaScript, AWS",86.3,98.0,86.4,53.8,Placed,Zoho,Support Engineer,6.61
STU20274903,Female,2024,CSE,9.02,89.8,69.5,0,No,3,0,"MongoDB, JavaScript, SQL, Node.js, Git",72.9,90.6,61.6,57.3,Placed,Deloitte,Data Analyst,6.79
STU20274904,Male,2025,Mechanical,8.17,79.6,83.6,1,Yes,2,1,"SolidWorks, C++, SQL, C, MATLAB, Python",96.5,87.1,76.4,89.4,Placed,Maruti Suzuki,Mechanical Engineer,5.99
STU20274905,Male,2025,EEE,7.59,67.8,69.4,1,Yes,1,1,"AutoCAD, Arduino, Python, C++",86.4,81.8,80.5,56.9,Placed,Schneider Electric,Electrical Engineer,5.46
STU20274906,Female,2026,ECE,9.39,79.1,89.2,1,Yes,6,2,"C++, Python, SQL, Embedded C, Git",98.0,97.4,67.0,55.9,Placed,HCLTech,Network Engineer,8.98
STU20274907,Male,2026,Mechanical,8.4,82.9,74.0,0,No,3,1,"C, CATIA, Excel, C++",83.9,96.5,51.8,60.3,Placed,Bosch,Mechanical Engineer,5.76
STU20274908,Female,2024,CSE,7.67,89.7,76.6,0,No,3,0,"Python, C++, JavaScript",94.7,94.7,53.1,85.4,Placed,TCS,Web Developer,6.28
STU20274909,Male,2025,EEE,9.5,68.1,83.5,0,Yes,3,1,"SQL, Java, Python, Arduino",79.8,81.7,57.2,61.7,Placed,Siemens,Embedded Engineer,7.34
STU20274910,Female,2026,CSE,7.07,78.2,62.8,1,No,2,2,"Java, SQL, MongoDB, DSA, C++",85.6,89.2,77.4,65.3,Placed,Accenture,Backend Developer,4.48
STU20274911,Male,2025,CSE,6.75,68.3,74.7,1,No,1,3,"Git, Node.js, C++, Java, DSA",67.4,78.8,68.2,72.4,Placed,Infosys,Software Developer,3.19
STU20274912,Male,2025,IT,7.54,80.4,77.8,1,Yes,3,0,"Node.js, SQL, AWS, DSA",60.1,67.3,64.4,79.3,Placed,TCS,Full Stack Developer,7.61
STU20274913,Female,2026,IT,7.26,80.3,82.6,1,No,2,0,"JavaScript, Git, React, Python, AWS, DSA",64.2,68.1,57.3,67.7,Not Placed,Not Placed,Not Placed,0.0
STU20274914,Male,2025,Civil,7.19,74.3,67.7,2,No,1,0,"AutoCAD, Primavera, SQL, Python",78.3,71.4,82.9,73.6,Not Placed,Not Placed,Not Placed,0.0
STU20274915,Male,2024,IT,8.58,83.9,72.4,0,No,2,0,"Python, JavaScript, Git, Java, SQL, DSA",85.6,94.5,71.4,80.5,Placed,Capgemini,Support Engineer,7.45
STU20274916,Male,2025,Mechanical,7.52,84.8,79.9,4,Yes,2,1,"ANSYS, Excel, Python",82.9,70.3,74.1,57.5,Not Placed,Not Placed,Not Placed,0.0
STU20274917,Male,2027,EEE,7.64,75.9,85.5,2,No,1,1,"Python, SQL, MATLAB, C, AutoCAD, Arduino",71.3,61.7,58.6,60.8,Not Placed,Not Placed,Not Placed,0.0
STU20274918,Male,2025,EEE,7.7,67.9,71.6,0,No,2,1,"IoT, AutoCAD, C++, Java, C, Python",81.0,78.9,55.3,58.9,Not Placed,Not Placed,Not Placed,0.0
STU20274919,Male,2027,Civil,5.53,81.8,61.3,4,No,0,0,"GIS, AutoCAD, Revit, C",70.2,60.9,75.1,64.5,Not Placed,Not Placed,Not Placed,0.0
STU20274920,Female,2025,IT,6.61,80.3,70.6,2,No,2,1,"Node.js, React, MongoDB, DSA, Python",98.0,86.8,67.3,83.9,Placed,TCS,QA Engineer,5.55
STU20274921,Male,2025,IT,7.57,,68.3,1,No,3,0,"AWS, Node.js, JavaScript, DSA, Java, Git",75.6,82.9,72.3,80.7,Placed,Capgemini,Data Analyst,5.9
STU20274922,Male,2027,CSE,7.28,71.4,77.4,3,No,1,3,"Python, DSA, JavaScript, MongoDB, Git",86.2,89.0,73.2,68.0,Placed,Accenture,Backend Developer,5.59
STU20274923,Male,2025,CSE,7.8,84.4,68.5,4,No,3,1,"Node.js, Git, Python, SQL",89.3,79.6,83.9,78.6,Placed,Capgemini,QA Engineer,6.58
STU20274924,Male,2025,Mechanical,8.74,94.1,85.4,1,Yes,3,1,"C++, SQL, AutoCAD, Python",87.7,76.0,89.9,98.0,Placed,L&T,Design Engineer,5.12
STU20274925,Male,2024,IT,7.84,76.8,77.7,0,No,2,1,"Node.js, Git, MongoDB, Java, React",63.6,95.3,56.7,54.0,Placed,Cognizant,Data Analyst,6.61
STU20274926,Female,2026,IT,6.78,75.6,80.3,1,Yes,1,0,"SQL, Node.js, Java, JavaScript, Git, MongoDB",88.1,67.5,63.6,65.0,Placed,HCLTech,QA Engineer,5.06
STU20274927,Male,2025,CSE,7.33,68.9,57.8,0,No,1,1,"DSA, JavaScript, MongoDB, Java, Git, Node.js",77.1,84.6,55.7,65.7,Placed,TCS,Data Analyst,4.63
STU20274928,Male,2027,ECE,9.2,76.0,67.5,0,Yes,4,2,"C++, SQL, C, Embedded C",83.9,90.3,78.9,77.5,Placed,Tech Mahindra,Embedded Engineer,8.31
STU20274929,Female,2025,EEE,8.95,72.9,88.2,0,Yes,2,1,"Arduino, C++, Python, SQL, AutoCAD, C",74.1,94.3,70.6,79.2,Placed,HCLTech,Electrical Engineer,4.56
STU20274930,Male,2025,IT,8.41,79.9,72.7,3,No,2,1,"AWS, DSA, Git",85.2,88.1,69.4,56.3,Placed,Cognizant,Full Stack Developer,6.4
STU20274931,Male,2025,EEE,6.32,71.4,61.8,1,No,1,1,"IoT, C, Embedded C, Arduino, AutoCAD",57.8,74.4,62.2,71.1,Not Placed,Not Placed,Not Placed,0.0
STU20274932,Female,2024,ECE,8.01,80.6,75.2,1,Yes,0,0,"Python, SQL, Embedded C, Java, C, Arduino",68.2,82.2,68.3,83.1,Placed,Wipro,Software Developer,4.37
STU20274933,Male,2027,Mechanical,7.88,71.5,78.0,1,No,2,1,"AutoCAD, SQL, Excel",72.3,80.0,98.0,54.4,Placed,Maruti Suzuki,Graduate Engineer Trainee,4.22
STU20274934,Male,2024,CSE,8.02,76.9,75.5,1,Yes,3,1,"Java, JavaScript, SQL, Python",83.2,67.6,46.8,74.8,Placed,Zoho,Software Developer,5.88
STU20274935,Female,2027,ECE,7.27,69.5,77.9,1,No,2,1,"Arduino, Python, Embedded C, MATLAB, SQL",83.6,82.2,66.9,61.6,Not Placed,Not Placed,Not Placed,0.0
STU20274936,Male,2024,CSE,7.69,78.5,78.1,2,No,3,2,"SQL, Git, React, C++, MongoDB, DSA",77.1,96.4,51.1,51.7,Placed,Zoho,Backend Developer,7.96
STU20274937,Male,2026,IT,7.36,65.0,76.8,0,No,1,3,"Java, Python, SQL, DSA, React, Git",71.7,81.9,71.4,80.8,Placed,Capgemini,Software Developer,5.92
STU20274938,Male,2024,EEE,6.68,75.8,82.5,0,No,3,0,"Embedded C, Python, Java",77.2,72.8,48.2,74.6,Not Placed,Not Placed,Not Placed,0.0
STU20274939,Female,2027,ECE,8.91,78.3,79.0,0,Yes,2,2,"Python, C++, Java",75.6,92.2,74.7,62.2,Placed,L&T Technology Services,Network Engineer,7.93
STU20274940,Female,2024,CSE,8.75,81.1,78.3,0,Yes,3,1,"Git, Java, DSA, MongoDB, JavaScript, Node.js",79.2,98.0,65.3,84.0,Placed,Tech Mahindra,Software Developer,6.23
STU20274941,Female,2026,Mechanical,7.31,64.7,80.4,2,No,2,1,"Python, CATIA, SolidWorks, C++",70.9,76.7,83.1,94.4,Placed,L&T,Production Engineer,3.68
STU20274942,Male,2027,CSE,8.3,83.3,81.3,2,No,3,3,"Python, Git, MongoDB, SQL, DSA",87.5,75.1,53.7,70.3,Placed,Deloitte,Software Developer,6.7
STU20274943,Female,2026,ECE,8.08,76.1,70.5,0,No,2,2,"Embedded C, Java, Git, C",98.0,87.0,54.6,52.4,Placed,HCLTech,Embedded Engineer,5.79
STU20274944,Male,2024,Civil,9.49,83.2,80.0,0,No,3,1,"C, Primavera, GIS, STAAD Pro",75.0,95.6,62.9,65.4,Placed,JLL,Graduate Engineer Trainee,6.49
STU20274945,Male,2027,ECE,8.49,66.1,81.0,1,Yes,2,1,"Python, Git, Java, C, SQL, Embedded C",85.3,87.2,78.7,49.7,Placed,Tech Mahindra,Network Engineer,4.7
STU20274946,Male,2025,Mechanical,8.26,70.0,73.2,0,Yes,2,3,"SQL, AutoCAD, MATLAB",78.5,83.4,75.6,71.6,Placed,Maruti Suzuki,Design Engineer,4.71
STU20274947,Female,2024,ECE,7.78,74.7,72.2,1,No,0,0,"Git, Python, C, Embedded C, Java, Arduino",71.9,80.2,67.1,64.4,Not Placed,Not Placed,Not Placed,0.0
STU20274948,Male,2026,Mechanical,7.18,85.6,64.6,0,Yes,3,0,,72.5,76.1,76.8,82.4,Not Placed,Not Placed,Not Placed,0.0
STU20274949,Male,2027,ECE,8.93,84.0,58.9,1,Yes,2,0,"Embedded C, C, Git, SQL, MATLAB, C++",98.0,81.3,46.1,65.8,Placed,L&T Technology Services,Network Engineer,6.24
STU20274950,Male,2025,EEE,8.2,79.4,74.5,0,Yes,2,1,"C, C++, Arduino, AutoCAD, MATLAB, IoT",51.9,81.1,69.4,83.7,Placed,TCS,Graduate Engineer Trainee,6.25
STU20274951,Male,2026,CSE,7.29,69.8,75.6,1,No,1,1,"Java, React, C++, Git",60.3,79.7,68.7,59.4,Placed,Zoho,Software Developer,5.97
STU20274952,Female,2026,EEE,8.04,70.4,69.0,0,Yes,3,2,"MATLAB, C, AutoCAD, Python, C++",95.8,89.5,74.3,71.6,Placed,HCLTech,Electrical Engineer,6.48
STU20274953,Female,2025,CSE,8.71,81.7,88.2,1,No,2,2,"Node.js, React, Python, C++, MongoDB",97.5,83.4,75.5,52.1,Placed,Cognizant,QA Engineer,7.43
STU20274954,Male,2025,Civil,5.72,77.2,63.1,1,No,0,1,"MATLAB, STAAD Pro, SQL, Excel, Revit",84.7,70.6,65.9,56.2,Not Placed,Not Placed,Not Placed,0.0
STU20274955,Female,2026,CSE,7.22,77.5,80.9,1,No,2,1,"DSA, JavaScript, Java, C++, MongoDB, Python",79.8,82.9,74.5,78.4,Placed,Accenture,QA Engineer,7.45
STU20274956,Male,2025,CSE,8.31,90.7,80.4,0,Yes,2,4,"Python, JavaScript, SQL",87.3,96.1,98.0,85.8,Placed,Accenture,Software Developer,8.28
STU20274957,Female,2024,Mechanical,5.91,68.0,86.2,4,Yes,2,1,"SolidWorks, Python, Excel, ANSYS, C",47.2,77.4,72.7,65.2,Not Placed,Not Placed,Not Placed,0.0
STU20274958,Male,2025,CSE,6.5,75.5,76.3,1,No,2,0,"JavaScript, SQL, React",72.5,86.5,46.2,75.2,Not Placed,Not Placed,Not Placed,0.0
STU20274959,Male,2027,IT,7.67,65.3,65.6,1,Yes,2,1,"Node.js, Python, SQL",85.1,88.2,81.4,82.4,Placed,HCLTech,QA Engineer,7.04
STU20274960,Male,2025,EEE,8.07,79.7,84.2,2,No,2,4,"SQL, IoT, C++, MATLAB",74.5,98.0,70.2,56.2,Placed,HCLTech,Embedded Engineer,4.62
STU20274961,Male,2025,CSE,8.46,89.4,89.7,1,Yes,2,3,"Java, Node.js, Python, React",81.2,98.0,66.2,78.4,Placed,Deloitte,Software Developer,8.09
STU20274962,Male,2024,CSE,9.35,74.1,67.8,0,Yes,4,1,"C++, React, JavaScript",98.0,98.0,58.4,73.1,Placed,TCS,Software Developer,7.46
STU20274963,Male,2024,ECE,7.82,83.4,80.6,0,No,2,1,"Arduino, Git, MATLAB, Embedded C",96.6,69.8,67.3,73.2,Not Placed,Not Placed,Not Placed,0.0
STU20274964,Female,2027,CSE,7.68,87.3,81.8,2,No,2,1,"DSA, SQL, Python, MongoDB",81.4,89.0,73.1,67.5,Placed,Deloitte,Software Developer,4.99
STU20274965,Male,2026,CSE,6.89,,72.1,1,No,1,1,"DSA, Git, Java",71.3,84.5,77.1,43.4,Not Placed,Not Placed,Not Placed,0.0
STU20274966,Male,2026,CSE,7.67,80.4,58.8,2,Yes,3,1,"Node.js, React, Python, MongoDB, DSA, Git",89.6,82.4,56.2,75.0,Placed,Cognizant,Web Developer,6.24
STU20274967,Male,2027,IT,8.5,90.3,75.9,0,Yes,4,2,"SQL, Python, Java, MongoDB, React",83.1,70.0,68.4,71.0,Placed,Accenture,Data Analyst,8.23
STU20274968,Male,2025,IT,8.54,81.0,74.0,1,Yes,2,4,"DSA, Git, JavaScript, Python, Java, AWS",95.2,68.4,67.5,69.0,Placed,Deloitte,Data Analyst,5.95
STU20274969,Male,2027,CSE,8.22,84.1,87.9,0,No,3,2,"MongoDB, SQL, Java, C++, Git",77.3,84.8,65.3,49.3,Placed,Tech Mahindra,Web Developer,6.91
STU20274970,Male,2027,ECE,8.22,66.1,76.6,0,Yes,3,1,"SQL, Java, MATLAB, C++",92.6,80.2,52.9,85.0,Placed,Wipro,Network Engineer,6.86
STU20274971,Female,2026,ECE,8.83,84.3,76.0,0,No,5,1,"Arduino, C, Python, Embedded C",91.4,76.7,61.3,69.5,Not Placed,Not Placed,Not Placed,0.0
STU20274972,Male,2026,CSE,8.06,81.8,72.7,3,Yes,3,2,"MongoDB, SQL, Node.js, React, JavaScript, Git",75.4,90.7,68.1,48.7,Placed,Capgemini,Web Developer,8.37
STU20274973,Female,2025,IT,9.06,71.4,81.7,0,Yes,3,5,"Java, DSA, Python",92.1,86.5,84.2,89.3,Placed,TCS,Support Engineer,8.72
STU20274974,Male,2027,Mechanical,6.93,68.6,74.1,1,No,2,0,"C++, SQL, Excel, C, AutoCAD",69.9,59.0,64.5,74.1,Not Placed,Not Placed,Not Placed,0.0
STU20274975,Male,2024,ECE,7.69,81.5,70.2,0,Yes,2,0,"Embedded C, Java, C++, Arduino, MATLAB",90.4,98.0,55.0,84.1,Placed,HCLTech,Embedded Engineer,7.0
STU20274976,Male,2026,IT,7.49,74.6,77.1,2,Yes,3,0,"Node.js, JavaScript, SQL, Java, React, Python",68.0,85.0,66.4,69.4,Not Placed,Not Placed,Not Placed,0.0
STU20274977,Female,2025,IT,8.57,87.2,74.2,1,Yes,2,0,"Java, Git, DSA, Node.js, JavaScript",85.5,79.6,58.0,72.8,Placed,Wipro,Software Developer,7.73
STU20274978,Female,2026,CSE,7.14,78.0,56.1,0,No,3,1,"SQL, Node.js, JavaScript, DSA, C++",69.4,66.1,78.1,81.8,Placed,Zoho,Backend Developer,6.83
STU20274979,Male,2027,Mechanical,7.28,76.6,79.3,2,Yes,1,2,"SQL, C++, AutoCAD",88.3,71.0,88.4,78.2,Placed,Jindal Steel,Production Engineer,4.18
STU20274980,Male,2026,Civil,5.92,71.6,75.0,0,Yes,2,4,"MATLAB, Python, STAAD Pro",78.2,72.4,64.7,71.3,Not Placed,Not Placed,Not Placed,0.0
STU20274981,Male,2024,Civil,8.01,80.1,78.0,1,Yes,4,2,"Primavera, Revit, STAAD Pro",84.5,82.6,80.6,65.3,Placed,Afcons Infrastructure,Graduate Engineer Trainee,5.27
STU20274982,Male,2026,CSE,9.06,86.3,76.4,1,No,4,2,"Git, React, SQL, MongoDB, DSA",90.1,90.1,66.8,38.3,Placed,Capgemini,Web Developer,7.19
STU20274983,Female,2027,IT,8.67,83.4,77.9,0,No,3,3,"Python, React, Java, AWS, DSA, Git",98.0,80.0,77.5,80.0,Placed,Infosys,Support Engineer,7.99
STU20274984,Male,2026,CSE,8.69,76.8,84.2,1,Yes,3,1,"JavaScript, Node.js, C++, Java",95.1,79.2,73.8,84.3,Placed,Deloitte,QA Engineer,7.47
STU20274985,Male,2027,IT,8.61,88.2,73.8,0,No,2,4,"JavaScript, React, MongoDB, DSA, AWS, SQL",74.0,74.9,86.8,78.0,Not Placed,Not Placed,Not Placed,0.0
STU20274986,Female,2027,IT,8.49,83.8,,1,Yes,2,2,"Python, JavaScript, Git, React",93.7,67.7,65.6,86.7,Placed,Capgemini,QA Engineer,6.59
STU20274987,Female,2027,ECE,8.27,81.4,67.0,0,No,3,1,"Java, C++, Arduino, MATLAB, IoT, Python",77.1,70.5,71.4,57.9,Placed,L&T Technology Services,QA Engineer,6.05
STU20274988,Female,2025,CSE,8.58,80.1,79.3,0,No,3,2,"Python, React, DSA, Git",87.2,83.3,59.3,64.9,Placed,Accenture,Web Developer,9.02
STU20274989,Male,2025,Civil,6.94,78.9,73.9,1,No,2,3,"Excel, Primavera, GIS, C",49.5,78.6,75.4,63.3,Not Placed,Not Placed,Not Placed,0.0
STU20274990,Male,2027,CSE,7.83,64.8,83.2,2,Yes,3,2,"Java, Node.js, C++",91.4,90.3,62.3,49.5,Placed,Capgemini,QA Engineer,5.8
STU20274991,Male,2027,CSE,8.06,79.8,70.3,1,No,2,0,"Node.js, MongoDB, C++, Java, JavaScript, Python",72.3,85.5,67.4,61.8,Placed,Zoho,Data Analyst,6.69
STU20274992,Male,2024,Mechanical,7.26,87.6,68.9,2,No,2,1,"C, MATLAB, ANSYS, Python, Excel",73.8,85.5,56.7,71.0,Not Placed,Not Placed,Not Placed,0.0
STU20274993,Male,2024,EEE,6.32,75.3,62.3,1,Yes,2,2,"C, IoT, Arduino, Embedded C, SQL",54.9,73.6,62.0,85.6,Not Placed,Not Placed,Not Placed,0.0
STU20274994,Male,2025,IT,6.85,75.7,69.5,0,No,2,2,"JavaScript, AWS, SQL, React",76.4,85.8,75.9,75.2,Placed,Infosys,Support Engineer,3.73
STU20274995,Male,2027,ECE,7.95,73.7,78.3,1,No,1,1,"Python, IoT, MATLAB, Embedded C, C",78.1,59.8,75.6,61.5,Not Placed,Not Placed,Not Placed,0.0
STU20274996,Male,2027,CSE,8.77,83.4,66.1,0,Yes,4,0,"Python, Node.js, SQL, C++, Java, JavaScript",73.6,93.9,90.9,84.5,Placed,Zoho,QA Engineer,9.46
STU20274997,Male,2026,CSE,8.01,76.7,73.5,1,No,2,1,"DSA, C++, Node.js, React, Python",80.4,82.7,62.7,72.7,Placed,TCS,Backend Developer,7.14
STU20274998,Male,2024,IT,9.8,91.7,85.7,0,No,4,4,"MongoDB, Git, Java, DSA, AWS",90.8,98.0,78.5,49.4,Placed,Capgemini,Software Developer,6.45
STU20274999,Male,2025,IT,7.12,69.8,73.5,1,No,3,0,"Java, Git, DSA, AWS, MongoDB, SQL",92.8,51.3,82.6,71.5,Placed,TCS,Data Analyst,5.01
STU20275000,Male,2027,ECE,8.13,75.2,77.5,1,No,0,0,"Git, Java, C++, SQL, C",67.1,87.8,59.5,78.8,Not Placed,Not Placed,Not Placed,0.0
